Country,Year,Population,Yearly_Percent_Change,Yearly_Change,Migrants_Net,Median_Age,Fertility_Rate,Density_Per_Km2,Urban_Population_Percent,Urban_Population,Country_Share_of_World_Population,World_Population,Global_Rank
Afghanistan,1955,8326979,1.38,110161,-7263,18.2,7.26,13,7.1,587818,0.3,2740213792,48
Afghanistan,1960,9035043,1.65,141613,2606,17.9,7.28,14,8.4,755797,0.3,3015470894,48
Afghanistan,1965,10036008,2.12,200193,10695,17.5,7.3,15,9.8,984350,0.3,3334533703,46
Afghanistan,1970,11290128,2.38,250824,4458,17,7.4,17,11.5,1295433,0.31,3694683794,49
Afghanistan,1975,12773954,2.5,296765,-44418,16.4,7.54,20,13.4,1717422,0.31,4070735277,49
Afghanistan,1980,13169311,0.61,79071,-1174239,15.8,7.64,20,16.1,2119078,0.3,4447606236,51
Afghanistan,1985,11426852,-2.8,-348492,-208685,15.3,7.55,18,19.6,2238468,0.23,4868943465,56
Afghanistan,1990,12045660,1.06,123762,-458737,15,7.58,18,21.5,2593947,0.23,5327803110,59
Afghanistan,1995,17065836,7.22,1004035,52505,14.6,7.77,26,21.7,3697570,0.3,5758878982,51
Afghanistan,2000,20130327,3.36,612898,-1025973,14,7.57,31,22,4436282,0.33,6171702993,48
Afghanistan,2005,24404567,3.93,854848,250971,14,6.86,37,23.3,5691836,0.37,6586970132,45
Afghanistan,2010,28284089,2.99,775904,-167460,14.6,6.2,43,24.2,6836980,0.4,7021732148,44
Afghanistan,2015,33831764,3.65,1109535,-286314,15.5,5.65,52,24.7,8367571,0.45,7470491872,40
Afghanistan,2020,39068979,2.92,1047443,143634,16.4,5.14,60,25.4,9904337,0.5,7887001292,37
Afghanistan,2022,40578842,1.91,754932,-647402,16.8,4.93,62,26.1,10587583,0.51,8021407192,37
Afghanistan,2023,41454761,2.16,875919,-48958,16.9,4.84,63,26.4,10948055,0.51,8091734930,36
Afghanistan,2024,42647492,2.88,1192731,-44089,17.1,4.76,65,26.5,11320521,0.52,8161972572,36
Afghanistan,2025,43844111,2.81,1196619,-74404,17.3,4.66,67,26.7,11704638,0.53,8231613070,36
Afghanistan,2026,45047069,2.74,1202958,-53884,17.4,4.56,69,26.9,12100876,0.54,8300678395,36
Albania,1955,1418850,2.6,34200,6835,19.4,6.54,52,26.9,381458,0.05,2740213792,128
Albania,1960,1649387,3.06,46107,13734,18.8,6.38,60,30.5,502359,0.05,3015470894,127
Albania,1965,1894312,2.81,48985,9617,18.1,5.47,69,31.3,592158,0.06,3334533703,125
Albania,1970,2181220,2.86,57382,92,18,5.16,80,31.3,682607,0.06,3694683794,126
Albania,1975,2454859,2.39,54728,-2610,18.7,4.57,90,32.1,788758,0.06,4070735277,127
Albania,1980,2735416,2.19,56111,-601,20.1,3.59,100,33.1,905234,0.06,4447606236,126
Albania,1985,3026242,2.04,58165,-183,21.5,3.21,110,34.4,1040849,0.06,4868943465,125
Albania,1990,3277966,1.61,50345,-60173,22.9,3.01,120,36.5,1195379,0.06,5327803110,126
Albania,1995,3258567,-0.12,-3880,-69785,24.8,2.76,119,37.1,1208874,0.06,5758878982,129
Albania,2000,3166148,-0.57,-18484,-60531,26.2,2.22,116,41.2,1303137,0.05,6171702993,130
Albania,2005,3076159,-0.58,-17998,-48893,28.6,1.79,112,46.8,1438933,0.05,6586970132,134
Albania,2010,2928722,-0.98,-29487,-51907,31.6,1.65,107,52.4,1533860,0.04,7021732148,138
Albania,2015,2898632,-0.21,-6018,-20500,33.3,1.63,106,57.9,1679011,0.04,7470491872,140
Albania,2020,2871954,-0.18,-5336,-16680,35.1,1.37,105,63.6,1827362,0.04,7887001292,139
Albania,2022,2827608,-0.78,-22173,-16426,35.9,1.35,103,66.5,1879873,0.04,8021407192,142
Albania,2023,2811655,-0.56,-15953,-25357,36.3,1.35,103,67.7,1904065,0.03,8091734930,143
Albania,2024,2791765,-0.71,-19890,-24472,36.7,1.34,102,69,1927019,0.03,8161972572,143
Albania,2025,2771508,-0.73,-20257,-24230,37.3,1.33,101,70.3,1948831,0.03,8231613070,144
Albania,2026,2751025,-0.74,-20483,-22595,37.8,1.32,100,71.6,1969454,0.03,8300678395,144
Algeria,1955,10247424,2.59,245800,-28189,17.6,7.34,4,25.1,2570392,0.37,2740213792,36
Algeria,1960,11424922,2.2,235500,-55212,16.3,7.5,5,29.7,3394238,0.38,3015470894,37
Algeria,1965,12365976,1.6,188211,-142810,15.5,7.71,5,38.4,4753122,0.37,3334533703,37
Algeria,1970,13783719,2.19,283549,-37058,15.3,7.7,6,41.7,5747203,0.37,3694683794,37
Algeria,1975,15678596,2.61,378975,300482,15.4,7.49,7,43,6738763,0.39,4070735277,38
Algeria,1980,18607174,3.48,585716,32879,15.5,6.99,8,45.3,8419984,0.42,4447606236,36
Algeria,1985,22008544,3.41,680274,75729,16.3,6.04,9,49.2,10824400,0.45,4868943465,36
Algeria,1990,25375810,2.89,673453,1962,17.5,4.51,11,53.2,13496502,0.48,5327803110,34
Algeria,1995,28470191,2.33,618876,37817,18.8,3.49,12,56.9,16185664,0.49,5758878982,34
Algeria,2000,30903893,1.65,486740,-16454,20.8,2.59,13,60.5,18684813,0.5,6171702993,33
Algeria,2005,33109249,1.39,441071,-51345,23.2,2.56,14,64.2,21247946,0.5,6586970132,34
Algeria,2010,36188236,1.79,615797,-10788,25.1,2.88,15,67.4,24393696,0.52,7021732148,34
Algeria,2015,40019529,2.03,766259,-27638,26.6,3.09,17,70.6,28248247,0.54,7470491872,34
Algeria,2020,44042091,1.93,804512,-10798,27.6,2.94,18,72.5,31950910,0.56,7887001292,35
Algeria,2022,45477389,1.62,717649,-14684,28,2.82,19,73.3,33336714,0.57,8021407192,33
Algeria,2023,46164219,1.51,686830,-25963,28.2,2.77,19,73.7,34005054,0.57,8091734930,33
Algeria,2024,46814308,1.41,650089,-31240,28.4,2.72,20,74,34656776,0.57,8161972572,33
Algeria,2025,47435312,1.33,621004,-27531,28.6,2.67,20,74.4,35291973,0.58,8231613070,33
Algeria,2026,48028334,1.25,593022,-28841,28.8,2.62,20,74.8,35910412,0.58,8300678395,32
American Samoa,1955,19858,0.84,163,-567,15,6.14,99,63.5,12613,0.00072,2740213792,209
American Samoa,1960,20133,0.28,55,-257,14.3,6.58,101,65.8,13251,0.00067,3015470894,209
American Samoa,1965,23406,3.06,655,-93,14.9,6.73,117,68.7,16072,0.0007,3334533703,208
American Samoa,1970,27026,2.92,724,-295,15.2,5.95,135,71.1,19209,0.00073,3694683794,207
American Samoa,1975,29390,1.69,473,-272,16.4,5.01,147,73.7,21657,0.00072,4070735277,207
American Samoa,1980,32403,1.97,603,129,17.8,4.63,162,74.5,24125,0.00073,4447606236,208
American Samoa,1985,39103,3.83,1340,319,18.8,4.25,196,78,30515,0.0008,4868943465,208
American Samoa,1990,46640,3.59,1507,-219,19.8,4.47,233,81.6,38076,0.00088,5327803110,207
American Samoa,1995,52316,2.32,1135,-449,20,4.12,262,86.2,45086,0.00091,5758878982,206
American Samoa,2000,56855,1.68,908,-1068,20.3,3.89,284,89.6,50956,0.00092,6171702993,206
American Samoa,2005,56617,-0.08,-48,-1529,21.4,3.86,283,92,52083,0.00086,6586970132,207
American Samoa,2010,55228,-0.5,-278,-1261,21.5,3.29,276,88.2,48735,0.00079,7021732148,206
American Samoa,2015,52878,-0.87,-470,-1366,24.2,2.78,264,91.6,48449,0.00071,7470491872,207
American Samoa,2020,49761,-1.21,-623,-653,26.7,2.36,249,97.7,48630,0.00063,7887001292,208
American Samoa,2022,48342,-1.44,-710,-1305,27.9,2.31,242,,,0.0006,8021407192,208
American Samoa,2023,47521,-1.7,-821,-1159,28.4,2.29,238,,,0.00059,8091734930,208
American Samoa,2024,46765,-1.59,-756,-1110,28.7,2.27,234,,,0.00057,8161972572,209
American Samoa,2025,46029,-1.57,-736,-1051,29,2.25,230,,,0.00056,8231613070,210
American Samoa,2026,45319,-1.54,-710,-1004,29.1,2.22,227,,,0.00055,8300678395,210
Andorra,1955,6165,0.56,34,549,31,2.27,13,72.7,4484,0.00022,2740213792,221
Andorra,1960,9510,9.06,669,639,28.2,2.54,20,82.4,7839,0.00032,3015470894,215
Andorra,1965,13634,7.47,825,663,28.3,2.71,29,95.8,13067,0.00041,3334533703,214
Andorra,1970,19977,7.94,1269,1145,25.1,2.79,43,97.4,19458,0.00054,3694683794,213
Andorra,1975,27773,6.81,1559,1264,24.8,2.46,59,96.5,26791,0.00068,4070735277,209
Andorra,1980,35782,5.2,1602,1010,27.2,1.83,76,92.8,33205,0.0008,4447606236,207
Andorra,1985,43825,4.14,1609,1079,29.7,1.43,93,96.8,42441,0.0009,4868943465,206
Andorra,1990,52597,3.72,1754,3243,31.8,1.4,112,98.2,51627,0.00099,5327803110,205
Andorra,1995,63912,3.97,2263,-956,33.3,1.32,136,93.6,59803,0.0011,5758878982,203
Andorra,2000,65685,0.55,355,-503,35.9,1.27,140,92,60417,0.0011,6171702993,204
Andorra,2005,77421,3.34,2347,1317,36.8,1.22,165,92,71205,0.0012,6586970132,202
Andorra,2010,80706,0.83,657,-6194,38.5,1.27,172,92.9,75007,0.0011,7021732148,202
Andorra,2015,72174,-2.21,-1706,-1873,39.9,1.22,154,95.5,68921,0.00097,7470491872,202
Andorra,2020,77380,1.4,1041,572,42.1,1.03,165,87.7,67857,0.00098,7887001292,202
Andorra,2022,79705,1.49,1163,1102,42.8,1.07,170,85.3,67958,0.00099,8021407192,202
Andorra,2023,80856,1.44,1151,1061,43.2,1.08,172,84.2,68043,0.001,8091734930,202
Andorra,2024,81938,1.34,1082,988,43.5,1.09,174,83.2,68135,0.001,8161972572,202
Andorra,2025,82904,1.18,966,843,43.9,1.1,176,82.3,68233,0.001,8231613070,202
Andorra,2026,83753,1.02,849,751,44.2,1.1,178,81.6,68327,0.001,8300678395,201
Angola,1955,4832764,1.2,56179,-37000,19.3,6.27,4,9.4,455428,0.18,2740213792,71
Angola,1960,5231654,1.6,79778,-40935,18.8,6.71,4,11.3,588842,0.17,3015470894,71
Angola,1965,5521981,1.09,58065,-81111,17.6,7.12,4,14,775667,0.17,3334533703,73
Angola,1970,5852788,1.17,66161,-36456,16.1,7.43,5,17.3,1013531,0.16,3694683794,75
Angola,1975,6842947,3.18,198032,52662,16,7.49,5,21.5,1469515,0.17,4070735277,72
Angola,1980,8133872,3.52,258185,72192,16.5,7.46,7,26.7,2169810,0.18,4447606236,71
Angola,1985,9779120,3.75,329050,74738,16.7,7.45,8,32.9,3218567,0.2,4868943465,67
Angola,1990,11626360,3.52,369448,64821,16.4,7.27,9,38.9,4520997,0.22,5327803110,60
Angola,1995,13699778,3.34,414684,55568,16,6.92,11,46,6302478,0.24,5758878982,60
Angola,2000,16194869,3.4,499018,72793,16,6.64,13,50.8,8234824,0.26,6171702993,57
Angola,2005,19291161,3.56,619258,87050,16.2,6.46,15,56.8,10949424,0.29,6586970132,56
Angola,2010,23294825,3.84,800733,122418,16.3,6.19,19,60,13970854,0.33,7021732148,50
Angola,2015,28157798,3.86,972595,74171,16.3,5.77,23,62.8,17675745,0.38,7470491872,48
Angola,2020,33451132,3.51,1058667,7556,16.3,5.37,27,65.6,21936953,0.42,7887001292,44
Angola,2022,35635029,3.21,1091949,-995,16.4,5.21,29,66.8,23820261,0.44,8021407192,42
Angola,2023,36749906,3.13,1114877,-995,16.5,5.12,29,67.5,24802445,0.45,8091734930,42
Angola,2024,37885849,3.09,1135943,-2629,16.5,5.05,30,68.1,25811665,0.46,8161972572,41
Angola,2025,39040039,3.05,1154190,-3524,16.6,4.95,31,68.8,26847887,0.47,8231613070,39
Angola,2026,40215179,3.01,1175140,-4270,16.7,4.89,32,69.4,27911269,0.48,8300678395,39
Anguilla,1955,5741,2.79,148,-158,16.4,7.05,64,99.3,5700,0.00021,2740213792,222
Anguilla,1960,5782,0.14,8,-121,16.1,6.92,64,,,0.00019,3015470894,222
Anguilla,1965,6018,0.8,47,-113,16.5,6.51,67,,,0.00018,3334533703,222
Anguilla,1970,6298,0.91,56,-87,16.6,5.3,70,,,0.00017,3694683794,224
Anguilla,1975,6499,0.63,40,-88,17,4.2,72,,,0.00016,4070735277,225
Anguilla,1980,6588,0.27,18,-89,19.4,3.24,73,,,0.00015,4447606236,227
Anguilla,1985,6955,1.09,73,164,21.4,2.73,77,95.8,6662,0.00014,4868943465,227
Anguilla,1990,8399,3.85,289,215,23.8,2.19,93,99.2,8334,0.00016,5327803110,227
Anguilla,1995,9714,2.95,263,160,25.9,1.94,108,,,0.00017,5758878982,225
Anguilla,2000,11177,2.85,293,244,27.8,1.88,124,99,11070,0.00018,6171702993,224
Anguilla,2005,12267,1.88,218,115,29.6,1.53,136,,,0.00019,6586970132,224
Anguilla,2010,13345,1.7,216,133,31.6,1.63,148,,,0.00019,7021732148,223
Anguilla,2015,14210,1.26,173,275,33.5,1.39,158,,,0.00019,7470491872,223
Anguilla,2020,14843,0.88,127,28,36.1,1.38,165,,,0.00019,7887001292,223
Anguilla,2022,14180,-2.26,-332,200,37.8,1.37,158,,,0.00018,8021407192,223
Anguilla,2023,14410,1.62,230,200,38,1.36,160,,,0.00018,8091734930,222
Anguilla,2024,14598,1.3,188,109,38.3,1.36,162,,,0.00018,8161972572,222
Anguilla,2025,14728,0.89,130,70,38.7,1.35,164,,,0.00018,8231613070,222
Anguilla,2026,14817,0.6,89,33,39.1,1.34,165,,,0.00018,8300678395,222
Antigua and Barbuda,1955,50374,2.08,986,-265,18,4.87,114,36.6,18455,0.0018,2740213792,194
Antigua and Barbuda,1960,55603,1.99,1046,-351,18.5,4.6,126,39.5,21945,0.0018,3015470894,193
Antigua and Barbuda,1965,59970,1.52,873,-601,18.3,4.42,136,37.1,22252,0.0018,3334533703,193
Antigua and Barbuda,1970,64528,1.48,912,-861,16.7,3.63,147,35.2,22692,0.0017,3694683794,194
Antigua and Barbuda,1975,63839,-0.21,-138,-1203,18.5,2.77,145,38.4,24503,0.0016,4070735277,196
Antigua and Barbuda,1980,64513,0.21,135,-824,20.8,2.31,147,39.4,25424,0.0015,4447606236,198
Antigua and Barbuda,1985,64591,0.02,16,-1261,23.4,2.15,147,37.8,24438,0.0013,4868943465,200
Antigua and Barbuda,1990,63066,-0.48,-305,-1085,24.6,2.25,143,37.5,23628,0.0012,5327803110,202
Antigua and Barbuda,1995,68189,1.57,1025,555,25.9,2.16,155,36.7,25002,0.0012,5758878982,202
Antigua and Barbuda,2000,74912,1.9,1345,263,27.4,2.2,170,35.8,26853,0.0012,6171702993,201
Antigua and Barbuda,2005,79611,1.22,940,196,28.9,1.83,181,32.8,26078,0.0012,6586970132,200
Antigua and Barbuda,2010,85320,1.39,1142,291,30.2,1.78,194,29.1,24837,0.0012,7021732148,200
Antigua and Barbuda,2015,89409,0.94,818,44,32.1,1.57,203,27.9,24981,0.0012,7470491872,200
Antigua and Barbuda,2020,91846,0.54,487,0,34.3,1.57,209,28,25682,0.0012,7887001292,199
Antigua and Barbuda,2022,92840,0.54,497,0,35.1,1.58,211,28.1,26086,0.0012,8021407192,199
Antigua and Barbuda,2023,93316,0.51,476,0,35.5,1.58,212,28.2,26313,0.0012,8091734930,199
Antigua and Barbuda,2024,93772,0.49,456,9,35.9,1.58,213,28.3,26559,0.0011,8161972572,199
Antigua and Barbuda,2025,94209,0.47,437,12,36.3,1.58,214,28.5,26823,0.0011,8231613070,199
Antigua and Barbuda,2026,94626,0.44,417,-2,36.7,1.57,215,28.6,27104,0.0011,8300678395,199
Argentina,1955,18716029,1.92,339599,30382,25,3.14,7,70.4,13181070,0.68,2740213792,27
Argentina,1960,20386045,1.72,334003,20387,25.5,3.14,7,74.5,15177946,0.68,3015470894,28
Argentina,1965,22112629,1.64,345317,36083,25.7,3,8,77,17017687,0.66,3334533703,28
Argentina,1970,23878327,1.55,353140,38355,25.9,3.08,9,79.2,18909965,0.65,3694683794,28
Argentina,1975,25874107,1.62,399156,-5293,26,3.27,9,81.6,21106293,0.64,4070735277,28
Argentina,1980,28011596,1.6,427498,1932,26,3.3,10,83.2,23296076,0.63,4447606236,29
Argentina,1985,30336441,1.61,464969,46889,26.1,3.07,11,85.2,25841892,0.62,4868943465,30
Argentina,1990,32755901,1.55,483892,15719,26.3,3.03,12,86.9,28469564,0.61,5327803110,30
Argentina,1995,35070020,1.37,462824,-19815,26.4,2.86,13,88,30852828,0.61,5758878982,31
Argentina,2000,37213984,1.19,428793,-22775,26.8,2.59,14,88.8,33033759,0.6,6171702993,31
Argentina,2005,39216789,1.05,400561,-22068,27.8,2.43,14,89.9,35243134,0.6,6586970132,30
Argentina,2010,41288694,1.03,414381,-5003,28.9,2.41,15,90.7,37451589,0.59,7021732148,32
Argentina,2015,43477012,1.04,437664,5464,29.9,2.35,16,91.4,39728358,0.58,7470491872,32
Argentina,2020,45191965,0.78,342991,292,31.1,1.6,17,92.8,41919857,0.57,7887001292,32
Argentina,2022,45407904,0.24,107970,5589,31.7,1.48,17,94.2,42768727,0.57,8021407192,34
Argentina,2023,45538401,0.29,130497,4133,32.1,1.5,17,94.8,43186763,0.56,8091734930,34
Argentina,2024,45696159,0.35,157758,3454,32.5,1.5,17,95.4,43600665,0.56,8161972572,35
Argentina,2025,45851378,0.34,155219,2859,32.9,1.5,17,96,44010474,0.56,8231613070,35
Argentina,2026,46003734,0.33,152356,2316,33.3,1.51,17,96.5,44416126,0.55,8300678395,35
Armenia,1955,1581508,2.72,39723,11053,21.9,4.8,56,45.4,718453,0.06,2740213792,121
Armenia,1960,1863705,3.34,56439,11827,22,4.79,65,51.6,960959,0.06,3015470894,121
Armenia,1965,2183635,3.22,63986,20809,21.1,3.99,77,56.3,1229971,0.07,3334533703,120
Armenia,1970,2475633,2.54,58400,12700,20.1,3.33,87,61.1,1511615,0.07,3694683794,119
Armenia,1975,2743660,2.08,53605,17829,21,2.92,96,65.7,1801955,0.07,4070735277,120
Armenia,1980,3107415,2.52,72751,-26099,22.2,2.48,109,65.9,2047372,0.07,4447606236,120
Armenia,1985,3260432,0.97,30603,-27710,24.1,2.64,115,68.6,2238065,0.07,4868943465,122
Armenia,1990,3552128,1.73,58339,2122,25.6,2.71,125,67.2,2385458,0.07,5327803110,122
Armenia,1995,3307581,-1.42,-48909,-50223,26.9,2.07,116,64.3,2125290,0.06,5758878982,128
Armenia,2000,3125628,-1.13,-36391,-52780,28.6,1.47,110,63.5,1984990,0.05,6171702993,133
Armenia,2005,3006351,-0.78,-23855,-29921,30,1.49,106,63.4,1906167,0.05,6586970132,135
Armenia,2010,2931078,-0.51,-15055,-30009,31.3,1.59,103,62.3,1825365,0.04,7021732148,137
Armenia,2015,2921177,-0.07,-1980,-15225,32.7,1.62,103,63,1840151,0.04,7470491872,138
Armenia,2020,2890892,-0.21,-6057,-13046,35.1,1.62,102,64.4,1860554,0.04,7887001292,138
Armenia,2022,2880874,-0.17,-5009,38001,35.8,1.72,101,64.9,1869102,0.04,8021407192,140
Armenia,2023,2943393,2.17,62519,75000,35.8,1.71,103,63.6,1873397,0.04,8091734930,140
Armenia,2024,2973840,1.03,30447,-29966,36.1,1.72,104,63.1,1877736,0.04,8161972572,140
Armenia,2025,2952365,-0.72,-21475,-29013,36.6,1.71,104,63.8,1882155,0.04,8231613070,140
Armenia,2026,2930915,-0.73,-21450,-27000,37.2,1.71,103,64.4,1886653,0.04,8300678395,140
Aruba,1955,48768,2.67,1206,0,17.7,5.27,271,45.6,22235,0.0018,2740213792,195
Aruba,1960,54922,2.41,1231,-788,17.6,4.57,305,50.1,27526,0.0018,3015470894,194
Aruba,1965,58190,1.16,654,-727,18.4,3.8,323,50,29082,0.0017,3334533703,194
Aruba,1970,58950,0.26,152,-1189,19.4,2.97,328,50.7,29900,0.0016,3694683794,196
Aruba,1975,60813,0.62,373,-287,21,2.5,338,50.4,30661,0.0015,4070735277,199
Aruba,1980,62039,0.4,245,-756,24.2,2.2,345,48.9,30331,0.0014,4447606236,200
Aruba,1985,63661,0.52,324,-751,27.4,2.19,354,49.9,31762,0.0013,4868943465,202
Aruba,1990,64433,0.24,154,879,30.8,2.35,358,48.5,31273,0.0012,5327803110,201
Aruba,1995,75918,3.33,2297,1782,31,2.29,422,51.6,39171,0.0013,5758878982,199
Aruba,2000,88761,3.18,2569,1226,32.9,1.84,493,47.8,42444,0.0014,6171702993,197
Aruba,2005,94230,1.2,1094,594,35.1,1.84,524,47.6,44889,0.0014,6586970132,198
Aruba,2010,100114,1.22,1177,501,37.1,1.85,556,43.7,43778,0.0014,7021732148,198
Aruba,2015,104184,0.8,814,373,38.9,1.9,579,43.2,44979,0.0014,7470491872,198
Aruba,2020,107400,0.61,643,0,40.4,1.66,597,43.3,46511,0.0014,7887001292,196
Aruba,2022,107782,0.18,191,152,40.8,1.61,599,43.8,47200,0.0013,8021407192,196
Aruba,2023,107939,0.15,157,147,41,1.6,600,44.1,47566,0.0013,8091734930,196
Aruba,2024,108066,0.12,127,141,41.3,1.61,600,44.4,47945,0.0013,8161972572,196
Aruba,2025,108147,0.07,81,111,41.5,1.6,601,44.7,48340,0.0013,8231613070,196
Aruba,2026,108164,0.02,17,73,41.7,1.6,601,45.1,48747,0.0013,8300678395,196
Australia,1955,9205181,2.4,205686,94986,29.2,3.27,1,79.4,7309544,0.34,2740213792,41
Australia,1960,10280813,2.23,215126,85707,28.6,3.45,1,81.6,8389125,0.34,3015470894,39
Australia,1965,11357477,2.01,215333,118891,27.3,2.98,1,83.1,9439263,0.34,3334533703,41
Australia,1970,12599411,2.1,248387,256295,26.5,2.86,2,85.6,10787874,0.34,3694683794,41
Australia,1975,13893989,1.98,258916,25336,27.1,2.21,2,84.4,11727714,0.34,4070735277,41
Australia,1980,14721347,1.16,165472,89189,28.4,1.9,2,85.1,12532663,0.33,4447606236,47
Australia,1985,15835747,1.47,222880,98327,29.8,1.9,2,85,13461702,0.33,4868943465,46
Australia,1990,17126298,1.58,258110,100093,31.1,1.91,2,85,14558985,0.32,5327803110,49
Australia,1995,18095344,1.11,193809,80456,32.7,1.82,2,84.8,15346879,0.31,5758878982,48
Australia,2000,19132471,1.12,207425,111186,34.4,1.76,2,83.9,16060093,0.31,6171702993,52
Australia,2005,20294490,1.19,232404,131371,35.5,1.85,3,84.4,17118434,0.31,6586970132,53
Australia,2010,22141581,1.76,369418,166752,36,1.95,3,85.1,18842292,0.32,7021732148,56
Australia,2015,23948002,1.58,361284,212350,36.3,1.8,3,85.2,20396531,0.32,7470491872,54
Australia,2020,25743791,1.46,359158,44447,36.9,1.59,3,85.1,21903705,0.33,7887001292,55
Australia,2022,26200984,0.88,228597,140972,37.5,1.64,3,85.8,22483604,0.33,8021407192,55
Australia,2023,26451124,0.95,250140,140232,37.8,1.64,3,86.1,22768759,0.33,8091734930,54
Australia,2024,26713205,0.99,262081,138510,38,1.64,3,86.3,23052351,0.33,8161972572,55
Australia,2025,26974026,0.98,260821,137109,38.3,1.64,4,86.5,23335357,0.33,8231613070,55
Australia,2026,27227096,0.94,253070,131706,38.5,1.64,4,86.7,23618123,0.33,8300678395,55
Austria,1955,6946655,0.03,2041,-17970,34.1,2.27,84,64.2,4461298,0.25,2740213792,58
Austria,1960,7047274,0.29,20124,-1732,34.5,2.69,86,64.9,4576187,0.23,3015470894,62
Austria,1965,7270415,0.63,44628,10719,34,2.7,88,65.3,4749183,0.22,3334533703,65
Austria,1970,7466319,0.53,39181,10601,32.7,2.29,91,65.7,4904916,0.2,3694683794,65
Austria,1975,7577830,0.3,22302,-24253,33,1.82,92,65.9,4990572,0.19,4070735277,67
Austria,1980,7548406,-0.08,-5885,9811,33.6,1.65,92,65.9,4976123,0.17,4447606236,73
Austria,1985,7564309,0.04,3181,5940,34.2,1.48,92,64.7,4896706,0.16,4868943465,79
Austria,1990,7679624,0.3,23063,59873,34.6,1.47,93,63.3,4863031,0.14,5327803110,83
Austria,1995,7950322,0.7,54140,1890,35.3,1.43,96,61.9,4921587,0.14,5758878982,83
Austria,2000,8012928,0.16,12521,17631,37.1,1.36,97,60.6,4858713,0.13,6171702993,90
Austria,2005,8229204,0.53,43255,50676,38.9,1.41,100,59,4854250,0.12,6586970132,91
Austria,2010,8365092,0.33,27178,22570,40.8,1.44,102,57.7,4827265,0.12,7021732148,94
Austria,2015,8644039,0.66,55789,115175,42,1.49,105,57.9,5008930,0.12,7470491872,97
Austria,2020,8921405,0.63,55473,39601,42.6,1.44,108,57.8,5159360,0.11,7887001292,98
Austria,2022,9064677,0.8,71636,157365,42.8,1.41,110,57.7,5226617,0.11,8021407192,100
Austria,2023,9130429,0.73,65752,4819,43.1,1.32,111,57.6,5263010,0.11,8091734930,99
Austria,2024,9120813,-0.11,-9616,8813,43.4,1.32,111,58.1,5300327,0.11,8161972572,99
Austria,2025,9113574,-0.08,-7239,11254,43.6,1.33,111,58.6,5337973,0.11,8231613070,99
Austria,2026,9107266,-0.07,-6308,13212,43.9,1.34,111,59,5375922,0.11,8300678395,99
Azerbaijan,1955,3464086,2.04,66423,-89,20.6,5.39,42,48.1,1665547,0.13,2740213792,85
Azerbaijan,1960,3982706,2.83,103724,-148,20.6,5.88,48,51.5,2051442,0.13,3015470894,84
Azerbaijan,1965,4630313,3.06,129521,-3848,16.7,5.79,56,50.7,2349771,0.14,3334533703,79
Azerbaijan,1970,5183825,2.28,110702,-3847,16.4,4.9,63,50,2590424,0.14,3694683794,80
Azerbaijan,1975,5669260,1.81,97087,-3847,17.7,4.21,69,51.9,2944711,0.14,4070735277,81
Azerbaijan,1980,6284708,2.08,123090,-27778,19.7,3.59,76,51.7,3246145,0.14,4447606236,80
Azerbaijan,1985,6799814,1.59,103021,-57247,21.5,3.2,82,52.4,3566399,0.14,4868943465,82
Azerbaijan,1990,7231077,1.24,86253,-63324,22.6,2.98,87,53.8,3892911,0.14,5327803110,86
Azerbaijan,1995,7719282,1.32,97641,32139,23.5,2.19,93,52.6,4059242,0.13,5758878982,87
Azerbaijan,2000,8174785,1.15,91101,15938,24.8,1.7,99,51.1,4173974,0.13,6171702993,89
Azerbaijan,2005,8597248,1.01,84493,16431,26.7,1.98,104,52,4473283,0.13,6586970132,89
Azerbaijan,2010,9146851,1.25,109921,1373,28.2,1.92,111,52.7,4823834,0.13,7021732148,92
Azerbaijan,2015,9752850,1.29,121200,1073,29.6,2.09,118,54,5262140,0.13,7470491872,91
Azerbaijan,2020,10181730,0.86,85776,1073,31.1,1.76,123,55.9,5695930,0.13,7887001292,91
Azerbaijan,2022,10295304,0.56,56787,9086,32.1,1.69,125,56.9,5861375,0.13,8021407192,92
Azerbaijan,2023,10318207,0.22,22903,-84122,32.6,1.67,125,57.6,5942187,0.13,8091734930,94
Azerbaijan,2024,10336577,0.18,18370,10864,33.1,1.67,125,58.3,6022102,0.13,8161972572,94
Azerbaijan,2025,10397713,0.59,61136,8731,33.6,1.67,126,58.7,6101378,0.13,8231613070,94
Azerbaijan,2026,10454855,0.55,57142,7708,34.1,1.66,126,59.1,6180030,0.13,8300678395,93
Bahamas,1955,93922,2.38,2087,790,18.6,4.83,9,52.8,49566,0.0034,2740213792,177
Bahamas,1960,116317,4.37,4479,2290,18.5,5.09,12,56.2,65401,0.0039,3015470894,176
Bahamas,1965,147952,4.93,6327,2488,18.9,4.88,15,60,88715,0.0044,3334533703,175
Bahamas,1970,184982,4.57,7406,1517,19.6,4.21,18,61.1,113068,0.005,3694683794,174
Bahamas,1975,209886,2.56,4981,323,19.9,3.42,21,63,132250,0.0052,4070735277,175
Bahamas,1980,232526,2.07,4528,367,21,2.84,23,66.2,153998,0.0052,4447606236,176
Bahamas,1985,253154,1.71,4126,469,22.6,2.55,25,71.1,179943,0.0052,4868943465,176
Bahamas,1990,275945,1.74,4558,241,24.3,2.52,28,74.2,204654,0.0052,5327803110,175
Bahamas,1995,301461,1.78,5103,460,25.9,2.42,30,75.2,226812,0.0052,5758878982,175
Bahamas,2000,323835,1.44,4475,845,27.6,2.06,32,75.4,244291,0.0052,6171702993,176
Bahamas,2005,343894,1.21,4012,804,29.3,2.01,34,78.7,270701,0.0052,6586970132,176
Bahamas,2010,367478,1.34,4717,1898,30.5,1.84,37,80.9,297422,0.0052,7021732148,177
Bahamas,2015,385346,0.95,3574,1002,31.9,1.57,38,83.1,320094,0.0052,7470491872,177
Bahamas,2020,395863,0.54,2103,0,33.6,1.39,40,85.6,338674,0.005,7887001292,177
Bahamas,2022,397538,0.21,838,1001,34.2,1.38,40,87,345844,0.005,8021407192,177
Bahamas,2023,399440,0.48,1902,1001,34.6,1.37,40,87.5,349415,0.0049,8091734930,177
Bahamas,2024,401283,0.46,1843,1018,35,1.37,40,88,352937,0.0049,8161972572,177
Bahamas,2025,403033,0.44,1750,935,35.3,1.36,40,88.4,356391,0.0049,8231613070,177
Bahamas,2026,404628,0.4,1595,902,35.7,1.36,40,88.9,359777,0.0049,8300678395,177
Bahrain,1955,137070,3.17,3961,917,18,7.28,180,73.6,100895,0.005,2740213792,172
Bahrain,1960,165477,3.84,5681,1266,17.7,7.26,218,80.8,133710,0.0055,3015470894,172
Bahrain,1965,200866,3.95,7078,-415,16.9,7.03,264,77,154630,0.006,3334533703,171
Bahrain,1970,224809,2.28,4789,-4939,16.2,6.43,296,79.2,178111,0.0061,3694683794,172
Bahrain,1975,283243,4.73,11687,6900,18.1,5.62,373,80,226495,0.007,4070735277,170
Bahrain,1980,358978,4.85,15147,6741,20.9,4.76,472,86.3,309868,0.0081,4447606236,164
Bahrain,1985,430358,3.69,14276,4657,22.1,4.28,566,84.9,365554,0.0088,4868943465,162
Bahrain,1990,514797,3.65,16888,5090,23.7,3.82,677,84.9,437115,0.0097,5327803110,163
Bahrain,1995,593222,2.88,15685,3842,24.3,3.13,781,84,498245,0.01,5758878982,162
Bahrain,2000,669581,2.45,15272,2886,25.6,2.8,881,87.7,587336,0.01,6171702993,162
Bahrain,2005,932604,6.85,52605,45682,26.3,2.67,1227,84.3,786221,0.01,6586970132,158
Bahrain,2010,1213244,5.4,56128,-19329,29,1.99,1596,90.7,1099822,0.02,7021732148,155
Bahrain,2015,1369650,2.45,31281,36809,30,2.11,1802,89.1,1220943,0.02,7470491872,154
Bahrain,2020,1483077,1.6,22685,-5048,31,1.86,1951,,,0.02,7887001292,153
Bahrain,2022,1533459,1.68,25191,18975,31.7,1.84,2018,,,0.02,8021407192,153
Bahrain,2023,1569666,2.36,36207,20002,32.9,1.82,2065,,,0.02,8091734930,153
Bahrain,2024,1607049,2.38,37383,22699,33.2,1.8,2115,,,0.02,8161972572,153
Bahrain,2025,1643332,2.26,36283,18128,33.4,1.78,2162,,,0.02,8231613070,153
Bahrain,2026,1675572,1.96,32240,14280,33.4,1.77,2205,,,0.02,8300678395,153
Bangladesh,1955,45767684,2.12,912166,-30640,18.3,6.5,352,4.3,1974441,1.7,2740213792,11
Bangladesh,1960,51828660,2.52,1212195,13580,17.9,6.74,398,4.8,2474987,1.7,3015470894,10
Bangladesh,1965,59902519,2.94,1614772,47610,17.5,6.77,460,5.8,3467675,1.8,3334533703,9
Bangladesh,1970,69058894,2.89,1831275,-73719,16.8,6.84,531,7.2,4938975,1.9,3694683794,9
Bangladesh,1975,77854351,2.43,1759091,-390212,16.3,6.73,598,9,7013461,1.9,4070735277,9
Bangladesh,1980,88016432,2.48,2032416,-515918,16.5,6.33,676,13.7,12099053,2,4447606236,8
Bangladesh,1985,100253825,2.64,2447479,-287872,16.7,5.54,770,16.3,16305971,2.1,4868943465,8
Bangladesh,1990,111633717,2.17,2275978,-404105,17.4,4.51,858,18.8,21037450,2.1,5327803110,9
Bangladesh,1995,122600370,1.89,2193331,-231304,18.4,3.59,942,21,25751454,2.1,5758878982,9
Bangladesh,2000,134544304,1.88,2388787,-512422,19.7,3.28,1034,23.1,31040651,2.2,6171702993,8
Bangladesh,2005,144715786,1.47,2034296,-1036635,20.7,2.85,1112,26.6,38452976,2.2,6586970132,8
Bangladesh,2010,152201981,1.01,1497239,-1113727,21.9,2.38,1169,30.5,46347089,2.2,7021732148,8
Bangladesh,2015,159383179,0.93,1436240,-909223,23.5,2.23,1224,34.7,55305132,2.1,7470491872,8
Bangladesh,2020,166298024,0.85,1382969,-1002522,24.6,2.17,1278,39,64814953,2.1,7887001292,8
Bangladesh,2022,169384897,0.92,1543437,-549990,25,2.18,1301,40.6,68791790,2.1,8021407192,8
Bangladesh,2023,171466990,1.23,2082093,-549918,25.3,2.16,1317,41.3,70806614,2.1,8091734930,8
Bangladesh,2024,173562364,1.22,2095374,-473362,25.7,2.14,1333,42,72825128,2.1,8161972572,8
Bangladesh,2025,175686899,1.22,2124535,-402100,26,2.11,1350,42.6,74837709,2.1,8231613070,8
Bangladesh,2026,177818044,1.21,2131145,-371398,26.3,2.09,1366,43.2,76838908,2.1,8300678395,8
Barbados,1955,223290,1.24,2675,-3474,21.1,4.44,519,37,82687,0.0081,2740213792,165
Barbados,1960,230893,0.67,1521,-3315,20.8,4.71,537,36.8,84932,0.0077,3015470894,166
Barbados,1965,242417,0.98,2305,-3251,20.7,4.18,564,36.1,87420,0.0073,3334533703,169
Barbados,1970,249387,0.57,1394,-4852,21.3,3.08,580,36,89687,0.0067,3694683794,170
Barbados,1975,251175,0.14,358,-2939,22.4,2.45,584,38.1,95596,0.0062,4070735277,171
Barbados,1980,251524,0.03,70,-1687,24.3,1.78,585,40.2,101136,0.0057,4447606236,173
Barbados,1985,255820,0.34,859,-1487,26.2,1.77,595,38.8,99134,0.0053,4868943465,175
Barbados,1990,258582,0.22,552,-1474,28.1,1.84,601,37.7,97406,0.0049,5327803110,176
Barbados,1995,262039,0.27,691,-1141,30.3,1.7,609,36,94236,0.0046,5758878982,178
Barbados,2000,262063,0,5,-2628,32.4,1.93,609,34.8,91281,0.0042,6171702993,180
Barbados,2005,268706,0.5,1329,330,33.9,1.74,625,33.5,89988,0.0041,6586970132,181
Barbados,2010,275243,0.48,1307,-36,35.6,1.78,640,32.4,89099,0.0039,7021732148,181
Barbados,2015,278990,0.27,749,-65,37,1.73,649,31.8,88815,0.0037,7470491872,182
Barbados,2020,281698,0.19,542,0,38.1,1.71,655,31.8,89695,0.0036,7887001292,185
Barbados,2022,282318,0.11,310,-80,38.7,1.71,657,32,90380,0.0035,8021407192,185
Barbados,2023,282336,0.01,18,-80,38.9,1.71,657,32.2,90795,0.0035,8091734930,185
Barbados,2024,282467,0.05,131,-70,39.2,1.71,657,32.3,91256,0.0035,8161972572,185
Barbados,2025,282623,0.06,156,-87,39.4,1.71,657,32.5,91766,0.0034,8231613070,185
Barbados,2026,282724,0.04,101,-98,39.7,1.71,657,32.7,92325,0.0034,8300678395,186
Belarus,1955,7560676,1.19,86616,18042,24.8,2.63,37,29.8,2251572,0.28,2740213792,51
Belarus,1960,8207998,1.66,129464,-27382,25.7,2.76,40,32.3,2651936,0.27,3015470894,53
Belarus,1965,8679929,1.12,94386,-17979,27.2,2.23,43,37.6,3266902,0.26,3334533703,57
Belarus,1970,9014897,0.76,66994,-8643,29.1,2.29,44,43.8,3951059,0.24,3694683794,57
Belarus,1975,9324281,0.68,61877,-6302,29.5,2.13,46,50.6,4715704,0.23,4070735277,60
Belarus,1980,9603171,0.59,55778,16616,30,1.98,47,56.7,5442915,0.22,4447606236,62
Belarus,1985,9944186,0.7,68203,-784,30.8,2.04,49,62,6162405,0.2,4868943465,65
Belarus,1990,10186261,0.48,48415,-26497,32,1.86,50,66.2,6741161,0.19,5327803110,68
Belarus,1995,10197463,0.02,2240,481,33.6,1.37,50,67.6,6889223,0.18,5758878982,71
Belarus,2000,9991313,-0.41,-41230,1812,35.6,1.27,49,69.6,6950857,0.16,6171702993,78
Belarus,2005,9667838,-0.66,-64695,-15451,37,1.22,48,72,6961538,0.15,6586970132,82
Belarus,2010,9490752,-0.37,-35417,10300,37.9,1.48,47,74.5,7073718,0.14,7021732148,89
Belarus,2015,9487293,-0.01,-692,18088,38.5,1.73,47,77.2,7321167,0.13,7470491872,93
Belarus,2020,9350944,-0.29,-27270,-33954,39.6,1.37,46,80,7483636,0.12,7887001292,97
Belarus,2022,9173237,-0.95,-88854,-8000,40.2,1.33,45,82.1,7532874,0.11,8021407192,97
Belarus,2023,9115680,-0.63,-57557,-3034,40.5,1.21,45,82.9,7554508,0.11,8091734930,100
Belarus,2024,9056696,-0.65,-58984,-3119,40.9,1.22,45,83.6,7573523,0.11,8161972572,100
Belarus,2025,8997603,-0.65,-59093,-3020,41.3,1.23,44,84.4,7589573,0.11,8231613070,100
Belarus,2026,8937018,-0.67,-60585,-3608,41.8,1.23,44,85.1,7602650,0.11,8300678395,102
Belgium,1955,8835493,0.5,43610,6433,33.6,2.38,292,92.5,8174277,0.32,2740213792,43
Belgium,1960,9102171,0.6,53336,9893,33.9,2.53,301,93.1,8476183,0.3,3015470894,47
Belgium,1965,9399858,0.65,59537,18243,33.8,2.61,310,93.6,8795839,0.28,3334533703,51
Belgium,1970,9630504,0.49,46129,19393,33.5,2.25,318,93.9,9039111,0.26,3694683794,56
Belgium,1975,9748476,0.24,23594,9652,33.2,1.75,322,94.7,9232201,0.24,4070735277,57
Belgium,1980,9833093,0.17,16923,11482,33.1,1.69,325,95.7,9413159,0.22,4447606236,58
Belgium,1985,9880337,0.1,9449,2165,34.2,1.5,326,96.3,9512967,0.2,4868943465,66
Belgium,1990,9960968,0.16,16126,8299,35.3,1.63,329,96.8,9644013,0.19,5327803110,71
Belgium,1995,10137265,0.35,35259,1937,36.5,1.56,335,97.2,9857972,0.18,5758878982,74
Belgium,2000,10251717,0.22,22890,13952,37.9,1.66,339,97.4,9986809,0.17,6171702993,74
Belgium,2005,10478886,0.44,45434,50576,39.2,1.75,346,98,10272952,0.16,6586970132,77
Belgium,2010,10936626,0.86,91548,105232,39.8,1.85,361,97.7,10681812,0.16,7021732148,77
Belgium,2015,11275335,0.61,67742,63536,40.4,1.69,372,98,11048237,0.15,7470491872,79
Belgium,2020,11540107,0.47,52954,43777,40.8,1.57,381,98.8,11396775,0.15,7887001292,81
Belgium,2022,11641820,0.44,50857,118615,41.2,1.55,384,98.7,11495076,0.15,8021407192,81
Belgium,2023,11712893,0.61,71073,41679,41.4,1.38,387,98.5,11535808,0.14,8091734930,81
Belgium,2024,11738763,0.22,25870,36243,41.7,1.38,388,98.6,11574575,0.14,8161972572,83
Belgium,2025,11758603,0.17,19840,31989,41.9,1.39,388,98.8,11613585,0.14,8231613070,83
Belgium,2026,11774642,0.14,16039,29607,42.1,1.4,389,99,11653495,0.14,8300678395,83
Belize,1955,79856,2.94,2157,-404,18.1,6.6,4,54.7,43673,0.0029,2740213792,181
Belize,1960,91318,2.72,2292,-577,16.8,6.5,4,54.5,49741,0.003,3015470894,180
Belize,1965,104675,2.77,2671,112,15.1,6.4,5,53.2,55692,0.0031,3334533703,180
Belize,1970,120736,2.9,3212,-1297,14.3,6.3,5,51.6,62268,0.0033,3694683794,181
Belize,1975,130387,1.55,1930,-1624,15.3,6.28,6,51.3,66858,0.0032,4070735277,184
Belize,1980,145062,2.16,2935,-1350,16.1,5.85,6,49.1,71175,0.0033,4447606236,184
Belize,1985,163796,2.46,3747,-1402,16.5,5,7,48.8,79853,0.0034,4868943465,182
Belize,1990,183076,2.25,3856,-1763,16.5,4.8,8,48.6,89021,0.0034,5327803110,181
Belize,1995,204146,2.2,4214,273,17.1,3.88,9,47.1,96084,0.0035,5758878982,182
Belize,2000,240799,3.36,7331,1675,18.6,3.63,11,46.6,112275,0.0039,6171702993,181
Belize,2005,279731,3.04,7786,2073,19.6,3.17,12,45.9,128360,0.0042,6586970132,180
Belize,2010,320245,2.74,8103,1639,20.9,2.55,14,45.4,145456,0.0046,7021732148,179
Belize,2015,356333,2.16,7218,1596,22.7,2.43,16,45.8,163139,0.0048,7470491872,179
Belize,2020,390812,1.86,6896,64,24.7,2.04,17,46.9,183182,0.005,7887001292,178
Belize,2022,402733,1.51,5961,5936,25.5,1.95,18,47.6,191851,0.005,8021407192,176
Belize,2023,411106,2.08,8373,595,25.9,2.01,18,47.8,196317,0.0051,8091734930,176
Belize,2024,417072,1.45,5966,490,26.4,2.02,18,48.2,200862,0.0051,8161972572,176
Belize,2025,422924,1.4,5852,360,26.9,2.01,19,48.6,205478,0.0051,8231613070,176
Belize,2026,428644,1.35,5720,392,27.3,1.99,19,49,210171,0.0052,8300678395,176
Benin,1955,2353646,0.9,20634,-4602,21.2,5.99,21,6.7,156746,0.09,2740213792,108
Benin,1960,2517286,1.35,32728,-4722,19.8,6.28,22,9,225522,0.08,3015470894,108
Benin,1965,2757936,1.84,48130,-4793,18.7,6.61,24,11.9,329541,0.08,3334533703,108
Benin,1970,3065057,2.13,61424,-4851,17.6,6.74,27,15.9,486086,0.08,3694683794,107
Benin,1975,3445407,2.37,76070,-4607,16.7,6.83,31,20.8,715214,0.08,4070735277,106
Benin,1980,3925251,2.64,95969,-2946,16.2,6.99,35,25.9,1016229,0.09,4447606236,107
Benin,1985,4538012,2.94,122552,-1953,15.9,7,40,29,1317626,0.09,4868943465,104
Benin,1990,5281479,3.08,148693,-333,15.8,6.74,47,32.5,1716829,0.1,5327803110,99
Benin,1995,6226773,3.35,189059,-45469,15.9,6.33,55,34.9,2170773,0.11,5758878982,93
Benin,2000,7221619,3.01,198969,3335,16,5.94,64,36.4,2631898,0.12,6171702993,93
Benin,2005,8426144,3.13,240905,30495,16.4,5.69,75,38.4,3236223,0.13,6586970132,90
Benin,2010,9797484,3.06,274268,3947,16.7,5.45,87,40.5,3964272,0.14,7021732148,87
Benin,2015,11360681,3,312639,3369,17.1,5.32,101,42.5,4832633,0.15,7470491872,78
Benin,2020,13070169,2.84,341898,1729,17.4,4.79,116,44.9,5869303,0.17,7887001292,76
Benin,2022,13759501,2.6,344666,-192,17.6,4.63,122,46,6331216,0.17,8021407192,76
Benin,2023,14111034,2.55,351533,-192,17.8,4.56,125,46.6,6572440,0.17,8091734930,76
Benin,2024,14462724,2.49,351690,-7725,17.9,4.48,128,47.2,6820688,0.18,8161972572,76
Benin,2025,14814460,2.43,351736,-7847,18,4.42,131,47.8,7076087,0.18,8231613070,76
Benin,2026,15170419,2.4,355959,-6318,18.2,4.34,135,48.4,7338669,0.18,8300678395,76
Bermuda,1955,39853,1.38,528,-184,23.9,3.49,797,,,0.0015,2740213792,198
Bermuda,1960,42208,1.15,471,-57,24.5,3.63,844,,,0.0014,3015470894,199
Bermuda,1965,47461,2.37,1051,398,24.9,3.08,949,,,0.0014,3334533703,201
Bermuda,1970,52124,1.89,933,222,25.7,2.31,1042,,,0.0014,3694683794,201
Bermuda,1975,53129,0.38,201,-335,27.7,1.89,1063,,,0.0013,4070735277,202
Bermuda,1980,53673,0.2,109,-145,28.9,1.66,1073,,,0.0012,4447606236,202
Bermuda,1985,55547,0.69,375,-33,31.1,1.77,1111,,,0.0011,4868943465,203
Bermuda,1990,57559,0.71,402,34,31.8,1.7,1151,,,0.0011,5327803110,203
Bermuda,1995,59526,0.67,393,-51,34.1,1.68,1191,,,0.001,5758878982,204
Bermuda,2000,61550,0.67,405,-50,35.8,1.74,1231,,,0.001,6171702993,205
Bermuda,2005,62711,0.37,232,-69,38.6,1.78,1254,,,0.00095,6586970132,204
Bermuda,2010,63725,0.32,203,-201,39.9,1.77,1275,,,0.00091,7021732148,204
Bermuda,2015,63464,-0.08,-52,-117,42.3,1.44,1269,97.7,62003,0.00085,7470491872,204
Bermuda,2020,64382,0.29,184,286,44,1.45,1288,94.2,60639,0.00082,7887001292,205
Bermuda,2022,64749,0.28,184,0,44.7,1.4,1295,93.2,60354,0.00081,8021407192,205
Bermuda,2023,64698,-0.08,-51,0,45.1,1.4,1294,93.1,60256,0.0008,8091734930,205
Bermuda,2024,64636,-0.1,-62,-5,45.6,1.41,1293,93.1,60154,0.00079,8161972572,205
Bermuda,2025,64555,-0.13,-81,-2,46,1.41,1291,93,60045,0.00078,8231613070,205
Bermuda,2026,64459,-0.15,-96,-9,46.4,1.42,1289,93,59915,0.00078,8300678395,205
Bhutan,1955,194748,2.76,4953,1286,17.4,6.76,5,2.8,5431,0.0071,2740213792,168
Bhutan,1960,224084,2.85,5867,1481,17.7,6.7,6,3.6,8029,0.0074,3015470894,167
Bhutan,1965,261200,3.11,7423,2307,18.1,6.68,7,4.6,11927,0.0078,3334533703,167
Bhutan,1970,308528,3.39,9466,2700,18.3,6.65,8,5.9,18165,0.0084,3694683794,166
Bhutan,1975,365791,3.46,11453,2700,18.1,6.62,10,7.5,27566,0.009,4070735277,162
Bhutan,1980,433404,3.45,13523,2307,17.8,6.51,11,9.6,41458,0.0097,4447606236,161
Bhutan,1985,508392,3.24,14998,1694,17.5,6.18,13,11.9,60459,0.01,4868943465,161
Bhutan,1990,589287,3,16179,-1000,17.5,5.6,15,14.9,88052,0.01,5327803110,161
Bhutan,1995,547989,-1.44,-8260,-21501,17.8,4.62,14,19.3,105741,0.0095,5758878982,164
Bhutan,2000,596863,1.72,9775,3940,19,3.38,16,24.4,145753,0.0097,6171702993,165
Bhutan,2005,661865,2.09,13000,848,21.1,2.73,17,30.7,203329,0.01,6586970132,164
Bhutan,2010,701632,1.17,7953,-922,23,2.25,18,36.1,253171,0.01,7021732148,164
Bhutan,2015,740618,1.09,7797,450,24.9,1.83,19,41.1,304542,0.0099,7470491872,164
Bhutan,2020,770006,0.78,5878,287,27.6,1.5,20,45.9,353445,0.0098,7887001292,165
Bhutan,2022,780914,0.71,5454,291,28.8,1.48,20,47.7,372601,0.0097,8021407192,166
Bhutan,2023,786385,0.7,5471,291,29.4,1.46,21,48.6,382078,0.0097,8091734930,166
Bhutan,2024,791524,0.65,5139,-277,29.9,1.45,21,49.5,391429,0.0097,8161972572,166
Bhutan,2025,796682,0.65,5158,455,30.5,1.44,21,50.3,400623,0.0097,8231613070,166
Bhutan,2026,802214,0.69,5532,633,31,1.43,21,51.1,409652,0.0097,8300678395,166
Bolivia,1955,3358004,1.68,53607,-2993,19.1,6.24,3,35.4,1187684,0.12,2740213792,87
Bolivia,1960,3702323,1.97,68864,-3144,18.6,6.27,3,36.7,1357798,0.12,3015470894,87
Bolivia,1965,4109796,2.11,81495,-4444,18.5,6.18,4,37.9,1557303,0.12,3334533703,88
Bolivia,1970,4590010,2.23,96043,-4915,18.4,6,4,39,1792197,0.12,3694683794,88
Bolivia,1975,5137539,2.28,109506,-6424,18.3,5.75,5,40.3,2069502,0.13,4070735277,85
Bolivia,1980,5758900,2.31,124272,-11762,18.3,5.47,5,44.1,2540502,0.13,4447606236,87
Bolivia,1985,6416185,2.19,131457,-17558,18.4,5.15,6,48.9,3137990,0.13,4868943465,88
Bolivia,1990,7130142,2.13,142791,-21917,18.6,4.9,7,53.4,3810515,0.13,5327803110,88
Bolivia,1995,7874676,2.01,148907,-28204,19.1,4.41,7,56.8,4475674,0.14,5758878982,85
Bolivia,2000,8606326,1.79,146330,-26940,19.9,3.99,8,59.9,5152761,0.14,6171702993,83
Bolivia,2005,9360754,1.69,150886,-15594,20.6,3.56,9,62.6,5855799,0.14,6586970132,83
Bolivia,2010,10182345,1.7,164318,-12590,21.5,3.21,9,64.7,6588702,0.15,7021732148,83
Bolivia,2015,11014705,1.58,166472,-10525,22.8,2.89,10,66.6,7334993,0.15,7470491872,83
Bolivia,2020,11816299,1.41,160319,-4663,24,2.65,11,68.5,8094974,0.15,7887001292,80
Bolivia,2022,12077154,1.1,130428,-3008,24.4,2.58,11,69.6,8408607,0.15,8021407192,80
Bolivia,2023,12244159,1.38,167005,-3008,24.7,2.55,11,70,8567158,0.15,8091734930,79
Bolivia,2024,12413315,1.38,169156,-3000,24.9,2.52,11,70.3,8726746,0.15,8161972572,79
Bolivia,2025,12581843,1.36,168528,-3179,25.2,2.5,12,70.6,8887268,0.15,8231613070,79
Bolivia,2026,12749291,1.33,167448,-3157,25.5,2.47,12,71,9048625,0.15,8300678395,79
Bosnia and Herzegovina,1955,2952173,1.87,52353,-5320,20.1,4.58,58,16.1,474882,0.11,2740213792,93
Bosnia and Herzegovina,1960,3281381,2.14,65842,-6481,20.5,3.96,64,18.7,614172,0.11,3015470894,94
Bosnia and Herzegovina,1965,3562834,1.66,56291,-24330,20.9,3.53,70,22.6,806729,0.11,3334533703,97
Bosnia and Herzegovina,1970,3773247,1.15,42083,-20714,21.2,2.79,74,27.1,1022891,0.1,3694683794,97
Bosnia and Herzegovina,1975,3965743,1,38499,-14348,22.8,2.39,78,31.4,1246861,0.1,4070735277,102
Bosnia and Herzegovina,1980,4148426,0.9,36537,-7368,24.7,1.98,81,35.8,1485634,0.09,4447606236,103
Bosnia and Herzegovina,1985,4330364,0.86,36388,-11429,26.6,1.96,85,38.1,1650972,0.09,4868943465,105
Bosnia and Herzegovina,1990,4448652,0.54,23658,-22829,28.7,1.79,87,39.4,1751867,0.08,5327803110,109
Bosnia and Herzegovina,1995,3715564,-3.54,-146618,126914,32.1,1.67,73,42.2,1568899,0.06,5758878982,120
Bosnia and Herzegovina,2000,4159771,2.28,88841,8138,32.7,1.28,82,38.4,1596468,0.07,6171702993,120
Bosnia and Herzegovina,2005,4096493,-0.31,-12656,-37086,35,1.2,80,40.6,1662534,0.06,6586970132,124
Bosnia and Herzegovina,2010,3811472,-1.43,-57004,-67228,38.1,1.26,75,44.5,1695719,0.05,7021732148,128
Bosnia and Herzegovina,2015,3518541,-1.59,-58586,-33948,41.2,1.32,69,47.4,1668024,0.05,7470491872,133
Bosnia and Herzegovina,2020,3299349,-1.28,-43838,-26840,43.8,1.51,65,52,1714810,0.04,7887001292,133
Bosnia and Herzegovina,2022,3204802,-1.44,-47274,-485,44.6,1.48,63,54.2,1736599,0.04,8021407192,136
Bosnia and Herzegovina,2023,3185073,-0.62,-19729,-485,44.9,1.49,62,54.8,1746955,0.04,8091734930,136
Bosnia and Herzegovina,2024,3164253,-0.65,-20820,-4497,45.3,1.49,62,55.5,1757404,0.04,8161972572,136
Bosnia and Herzegovina,2025,3140095,-0.76,-24158,-6994,45.7,1.5,62,56.3,1768228,0.04,8231613070,136
Bosnia and Herzegovina,2026,3114242,-0.82,-25853,-7581,46.1,1.5,61,57.1,1779369,0.04,8300678395,138
Botswana,1955,463926,2.32,10046,-3595,17.6,6.55,1,2.9,13543,0.02,2740213792,152
Botswana,1960,516165,2.16,10448,-4331,16.7,6.59,1,3.1,16053,0.02,3015470894,151
Botswana,1965,574664,2.17,11700,-14753,15.2,6.6,1,4,22923,0.02,3334533703,151
Botswana,1970,590334,0.54,3134,-16054,14.4,6.55,1,9.2,54495,0.02,3694683794,152
Botswana,1975,720380,4.06,26009,11086,14.9,6.61,1,13.6,98144,0.02,4070735277,150
Botswana,1980,937485,5.41,43421,-10849,15.8,6.29,2,17.6,164984,0.02,4447606236,150
Botswana,1985,1121945,3.66,36892,2683,15.7,5.48,2,28.3,317784,0.02,4868943465,148
Botswana,1990,1305696,3.08,36750,2580,16.1,4.51,2,44.3,577801,0.02,5327803110,148
Botswana,1995,1498836,2.8,38628,9464,17.1,3.79,3,51.3,768551,0.03,5758878982,147
Botswana,2000,1677382,2.28,35709,9798,18.7,3.29,3,54.8,919803,0.03,6171702993,147
Botswana,2005,1839877,1.87,32499,4283,20.1,3.08,3,56.4,1038238,0.03,6586970132,147
Botswana,2010,2033111,2.02,38647,5151,21.5,3.13,4,61.9,1257527,0.03,7021732148,146
Botswana,2015,2203273,1.62,34032,-9599,21.7,3.01,4,67.3,1483587,0.03,7470491872,145
Botswana,2020,2365894,1.43,32524,-11330,22.3,2.86,4,72.4,1712212,0.03,7887001292,145
Botswana,2022,2439892,1.55,36999,-7306,22.6,2.79,4,73.9,1803179,0.03,8021407192,145
Botswana,2023,2480244,1.65,40352,-6487,22.9,2.73,4,74.5,1848155,0.03,8091734930,146
Botswana,2024,2521139,1.65,40895,-5778,23.2,2.7,4,75.1,1892771,0.03,8161972572,146
Botswana,2025,2562122,1.63,40983,-5665,23.4,2.66,5,75.6,1937024,0.03,8231613070,146
Botswana,2026,2603388,1.61,41266,-4169,23.7,2.63,5,76.1,1980854,0.03,8300678395,146
Brazil,1955,62101388,3.06,1738567,12501,17.3,6.08,7,41.4,25688833,2.3,2740213792,8
Brazil,1960,72388126,3.11,2057348,4066,16.9,6.05,9,46,33315588,2.4,3015470894,8
Brazil,1965,83817583,2.98,2285891,-8824,16.7,5.68,10,50.8,42615168,2.5,3334533703,7
Brazil,1970,95375651,2.62,2311614,-18779,17.3,4.93,11,55.9,53295882,2.6,3694683794,7
Brazil,1975,107619565,2.44,2448783,-25499,18.2,4.42,13,60.8,65415995,2.6,4070735277,7
Brazil,1980,121207461,2.41,2717579,-38918,19.2,4.04,15,65.4,79320279,2.7,4447606236,6
Brazil,1985,135515595,2.26,2861627,-60879,20.2,3.48,16,69.9,94786793,2.8,4868943465,6
Brazil,1990,149143223,1.93,2725526,-30555,21.4,2.9,18,74,110404028,2.8,5327803110,5
Brazil,1995,161735073,1.63,2518370,-69963,22.7,2.57,19,77.9,125958216,2.8,5758878982,5
Brazil,2000,174018282,1.47,2456642,-45800,24.2,2.25,21,81.8,142319507,2.8,6171702993,5
Brazil,2005,184688101,1.2,2133964,-88868,26,1.94,22,83.8,154831640,2.8,6586970132,5
Brazil,2010,193701929,0.96,1802766,-261539,28.2,1.79,23,85.7,165969018,2.8,7021732148,6
Brazil,2015,201675532,0.81,1594721,-173611,30.5,1.78,24,87.6,176653700,2.7,7470491872,6
Brazil,2020,208660842,0.68,1397062,-78437,32.7,1.65,25,89.2,186217070,2.6,7887001292,7
Brazil,2022,210306415,0.39,822787,-253639,33.5,1.63,25,90.2,189675703,2.6,8021407192,7
Brazil,2023,211140729,0.4,834314,-240059,33.9,1.62,25,90.6,191322786,2.6,8091734930,7
Brazil,2024,211998573,0.41,857844,-225510,34.4,1.61,25,91,192914763,2.6,8161972572,7
Brazil,2025,212812405,0.38,813832,-217283,34.8,1.6,25,91.4,194451506,2.6,8231613070,7
Brazil,2026,213562666,0.35,750261,-205642,35.3,1.59,26,91.7,195932542,2.6,8300678395,7
British Virgin Islands,1955,7495,0.33,25,-120,16.2,5.3,50,12,898,0.00027,2740213792,220
British Virgin Islands,1960,7950,1.19,91,-59,16.6,4.81,53,12.4,982,0.00026,3015470894,220
British Virgin Islands,1965,8257,0.76,61,-71,17.3,4.05,55,15.2,1259,0.00025,3334533703,221
British Virgin Islands,1970,9933,3.77,335,-101,19.7,3.74,66,16.4,1631,0.00027,3694683794,219
British Virgin Islands,1975,10606,1.32,135,-129,20.8,3.25,71,19.2,2040,0.00026,4070735277,220
British Virgin Islands,1980,11130,0.97,105,58,22.3,2.92,74,22.5,2502,0.00025,4447606236,221
British Virgin Islands,1985,13269,3.58,428,297,23.4,1.92,88,29.8,3955,0.00027,4868943465,220
British Virgin Islands,1990,15704,3.43,487,351,25.9,1.78,105,39.6,6225,0.00029,5327803110,219
British Virgin Islands,1995,17840,2.58,427,245,28,1.78,119,41.7,7447,0.00031,5758878982,218
British Virgin Islands,2000,20241,2.56,480,313,29.7,1.84,135,42.6,8624,0.00033,6171702993,218
British Virgin Islands,2005,23665,3.18,685,654,31,1.34,158,42.3,10011,0.00036,6586970132,219
British Virgin Islands,2010,27675,3.18,802,-125,32.7,1.18,185,44.1,12200,0.00039,7021732148,219
British Virgin Islands,2015,34498,4.51,1365,1904,33.8,1.19,230,40.7,14028,0.00046,7470491872,217
British Virgin Islands,2020,37135,1.48,527,888,36.3,0.97,248,42.6,15832,0.00047,7887001292,216
British Virgin Islands,2022,38319,1.58,592,550,37.1,1.02,255,42.9,16438,0.00048,8021407192,216
British Virgin Islands,2023,38985,1.74,666,587,37.5,1.04,260,42.9,16717,0.00048,8091734930,214
British Virgin Islands,2024,39471,1.25,486,212,38,1.05,263,43,16988,0.00048,8161972572,214
British Virgin Islands,2025,39732,0.66,261,153,38.6,1.06,265,43.4,17262,0.00048,8231613070,215
British Virgin Islands,2026,39936,0.51,204,105,39.1,1.06,266,43.9,17538,0.00048,8300678395,215
Brunei,1955,65210,6.19,3383,1840,19.7,7.4,12,33.7,21948,0.0024,2740213792,186
Brunei,1960,88347,6.26,4627,982,17.8,7.32,17,40.2,35478,0.0029,3015470894,182
Brunei,1965,110838,4.64,4498,1655,15.9,6.65,21,48.6,53901,0.0033,3334533703,178
Brunei,1970,135138,4.04,4860,-1538,16.7,5.8,26,59.1,79920,0.0037,3694683794,179
Brunei,1975,158070,3.18,4586,1047,17.5,4.99,30,65.7,103782,0.0039,4070735277,178
Brunei,1980,186111,3.32,5608,995,19,4.07,35,67.7,125968,0.0042,4447606236,178
Brunei,1985,218919,3.3,6562,1808,20.7,3.61,42,67.4,147498,0.0045,4868943465,178
Brunei,1990,255292,3.12,7275,992,22.2,3.29,48,67.3,171931,0.0048,5327803110,177
Brunei,1995,291195,2.67,7181,1348,23.4,2.79,55,70.1,204005,0.0051,5758878982,176
Brunei,2000,326424,2.31,7046,1660,24.8,2.4,62,72.6,237146,0.0053,6171702993,175
Brunei,2005,358916,1.92,6498,1163,26.5,2.02,68,74.4,267160,0.0054,6586970132,175
Brunei,2010,392332,1.8,6683,2479,27,1.94,74,74.3,291344,0.0056,7021732148,176
Brunei,2015,422212,1.48,5976,356,28.5,1.95,80,75.8,320102,0.0057,7470491872,175
Brunei,2020,447404,1.17,5038,462,30.3,1.8,85,77.7,347838,0.0057,7887001292,175
Brunei,2022,455370,0.89,3983,0,31.3,1.76,86,78.7,358463,0.0057,8021407192,175
Brunei,2023,458949,0.79,3579,0,31.8,1.75,87,79.2,363647,0.0057,8091734930,175
Brunei,2024,462721,0.82,3772,0,32.2,1.73,88,79.7,368738,0.0057,8161972572,175
Brunei,2025,466330,0.78,3609,0,32.7,1.71,88,80.1,373730,0.0057,8231613070,175
Brunei,2026,469775,0.74,3445,8,33.2,1.7,89,80.6,378620,0.0057,8300678395,175
Bulgaria,1955,7533654,0.77,57029,-26807,27.8,2.37,69,32.3,2435785,0.27,2740213792,52
Bulgaria,1960,7862926,0.86,65854,-1112,29.4,2.31,72,37.2,2925530,0.26,3015470894,57
Bulgaria,1965,8202416,0.85,67898,-1406,31,2.08,76,45.9,3762158,0.25,3334533703,59
Bulgaria,1970,8490825,0.69,57682,-11315,32.3,2.18,78,52.4,4449410,0.23,3694683794,62
Bulgaria,1975,8723148,0.54,46465,-38071,32.7,2.23,80,57.7,5029979,0.21,4070735277,63
Bulgaria,1980,8859537,0.31,27278,-2045,33.2,2.06,82,62.2,5513719,0.2,4447606236,66
Bulgaria,1985,8958854,0.22,19863,-19230,34.3,1.97,83,64.7,5797183,0.18,4868943465,70
Bulgaria,1990,8822365,-0.31,-27298,-116817,35.6,1.79,81,66.5,5868643,0.17,5327803110,76
Bulgaria,1995,8357574,-1.08,-92958,-22020,37.3,1.25,77,68,5679599,0.15,5758878982,82
Bulgaria,2000,8000520,-0.87,-71411,-26211,38.7,1.29,74,68.9,5510364,0.13,6171702993,91
Bulgaria,2005,7695050,-0.78,-61094,-14435,40.1,1.36,71,70.5,5423484,0.12,6586970132,92
Bulgaria,2010,7437599,-0.68,-51490,-21668,41.1,1.57,69,72,5353646,0.11,7021732148,98
Bulgaria,2015,7177517,-0.71,-52016,-4227,42.5,1.53,66,74,5310568,0.1,7470491872,103
Bulgaria,2020,6933652,-0.69,-48773,30167,43.9,1.56,64,75.8,5253037,0.09,7887001292,107
Bulgaria,2022,6825864,-0.78,-53894,26498,44.2,1.77,63,76.6,5225976,0.09,8021407192,108
Bulgaria,2023,6795803,-0.44,-30061,5173,44.3,1.75,63,76.7,5211414,0.08,8091734930,110
Bulgaria,2024,6757689,-0.56,-38114,524,44.5,1.75,62,76.9,5195965,0.08,8161972572,110
Bulgaria,2025,6714560,-0.64,-43129,-2961,44.8,1.74,62,77.1,5179498,0.08,8231613070,110
Bulgaria,2026,6667659,-0.7,-46901,-5722,45,1.74,61,77.4,5162001,0.08,8300678395,110
Burkina Faso,1955,4469053,1.19,51180,-21722,18.8,6.05,16,4.3,191862,0.16,2740213792,74
Burkina Faso,1960,4778621,1.35,61914,-23220,18.7,6.25,17,4.7,226977,0.16,3015470894,74
Burkina Faso,1965,5152833,1.52,74842,-25398,18.6,6.47,19,5.2,268985,0.15,3334533703,76
Burkina Faso,1970,5610304,1.72,91494,-28832,17.9,6.68,21,5.8,323163,0.15,3694683794,76
Burkina Faso,1975,6147569,1.85,107453,-30484,17.1,6.91,22,6.4,390628,0.15,4070735277,77
Burkina Faso,1980,6947900,2.48,160066,-15345,16.5,7.22,25,8.6,600776,0.16,4447606236,76
Burkina Faso,1985,7999935,2.86,210407,-16623,16,7.24,29,11.9,953160,0.16,4868943465,75
Burkina Faso,1990,9159356,2.74,231884,-32970,15.4,7.01,33,13.3,1217208,0.17,5327803110,74
Burkina Faso,1995,10386722,2.55,245473,-38943,15.2,6.81,38,14.7,1526708,0.18,5758878982,67
Burkina Faso,2000,11925546,2.8,307765,3877,15.4,6.52,44,17.4,2071267,0.19,6171702993,65
Burkina Faso,2005,13932123,3.16,401315,9795,16,6.18,51,20.7,2890728,0.21,6586970132,63
Burkina Faso,2010,16176498,3.03,448875,-42055,16,5.94,59,23.8,3844025,0.23,7021732148,64
Burkina Faso,2015,18777487,3.03,520198,-19726,16,5.48,69,26.6,4985855,0.25,7470491872,61
Burkina Faso,2020,21478690,2.72,540241,-5661,16.6,4.44,79,29.8,6397911,0.27,7887001292,60
Burkina Faso,2022,22509038,2.37,515174,-24960,17,4.28,82,31.3,7045635,0.28,8021407192,60
Burkina Faso,2023,23025776,2.3,516738,-24957,17.3,4.19,84,32.1,7388364,0.28,8091734930,60
Burkina Faso,2024,23548781,2.27,523005,-25807,17.5,4.11,86,32.9,7744099,0.29,8161972572,59
Burkina Faso,2025,24074580,2.23,525799,-27130,17.7,4,88,33.7,8113116,0.29,8231613070,59
Burkina Faso,2026,24601700,2.19,527120,-28309,18,3.92,90,34.5,8495627,0.3,8300678395,59
Burundi,1955,2504649,2.12,49942,-14633,17.2,6.93,98,1.9,48001,0.09,2740213792,104
Burundi,1960,2764258,1.99,51922,-14620,16.4,7,108,2.1,57866,0.09,3015470894,106
Burundi,1965,3141367,2.59,75422,-13947,16.2,7.11,122,2.2,70605,0.09,3334533703,104
Burundi,1970,3530432,2.36,77813,-6346,16.2,7.21,137,2.8,98327,0.1,3694683794,104
Burundi,1975,3796612,1.46,53236,-20693,15.9,7.24,148,3.4,129408,0.09,4070735277,105
Burundi,1980,4383706,2.92,117419,149361,16.1,7.35,171,4.1,178649,0.1,4447606236,101
Burundi,1985,5034042,2.81,130067,-66574,15.5,7.29,196,4.9,245514,0.1,4868943465,98
Burundi,1990,5587052,2.11,110602,-39926,14.6,7.37,218,6.1,339609,0.1,5327803110,94
Burundi,1995,6066316,1.66,95853,-84697,14.4,7.18,236,7.1,429900,0.11,5758878982,95
Burundi,2000,6470194,1.3,80776,-40032,14.6,6.87,252,8.2,527819,0.1,6171702993,97
Burundi,2005,7587299,3.24,223421,17905,15.7,6.71,295,9.2,695940,0.12,6586970132,94
Burundi,2010,9376444,4.33,357829,11845,16.4,6.26,365,10,932971,0.13,7021732148,91
Burundi,2015,11047580,3.33,334227,-236207,15.5,5.7,430,11.2,1231911,0.15,7470491872,82
Burundi,2020,12617036,2.69,313891,-10189,15.3,5.18,491,13,1636586,0.16,7887001292,78
Burundi,2022,13321097,2.75,352031,1995,15.7,4.98,519,13.7,1827394,0.17,8021407192,78
Burundi,2023,13689450,2.77,368353,1995,15.9,4.88,533,14.1,1929218,0.17,8091734930,78
Burundi,2024,14047786,2.62,358336,-27074,16.1,4.79,547,14.5,2035578,0.17,8161972572,78
Burundi,2025,14390003,2.44,342217,-34727,16.4,4.67,560,14.9,2146694,0.17,8231613070,78
Burundi,2026,14729157,2.36,339154,-35108,16.6,4.57,574,15.4,2262700,0.18,8300678395,78
Cabo Verde,1955,195614,1.13,2128,-3049,17.4,6.66,49,15.5,30400,0.0071,2740213792,166
Cabo Verde,1960,210024,1.43,2882,-2267,17.9,6.88,52,16.1,33743,0.007,3015470894,168
Cabo Verde,1965,244856,3.12,6966,1093,16,6.99,61,17.1,41826,0.0073,3334533703,168
Cabo Verde,1970,287885,3.29,8606,172,16,6.93,71,18.4,52849,0.0078,3694683794,167
Cabo Verde,1975,305847,1.22,3592,-5829,15.9,6.77,76,19.1,58349,0.0075,4070735277,167
Cabo Verde,1980,323301,1.12,3491,-5980,15,6.38,80,20.9,67417,0.0073,4447606236,170
Cabo Verde,1985,347365,1.45,4813,-6192,15.5,5.92,86,28.6,99247,0.0071,4868943465,171
Cabo Verde,1990,375428,1.57,5613,-2398,15.9,5.36,93,40.2,150839,0.007,5327803110,170
Cabo Verde,1995,418104,2.18,8535,-3125,16.4,4.49,104,45.4,189769,0.0073,5758878982,168
Cabo Verde,2000,453317,1.63,7043,-2772,17.4,3.54,112,51.3,232485,0.0073,6171702993,168
Cabo Verde,2005,485115,1.37,6360,-2768,19.3,2.73,120,56.4,273774,0.0074,6586970132,169
Cabo Verde,2010,509784,1,4934,-5069,21.5,2.33,126,60.9,310577,0.0073,7021732148,170
Cabo Verde,2015,512394,0.1,522,-6226,24.2,1.97,127,66.9,342663,0.0069,7470491872,171
Cabo Verde,2020,514679,0.09,457,-3362,26.4,1.59,128,73.5,378148,0.0065,7887001292,173
Cabo Verde,2022,519741,0.49,2531,-1253,27.3,1.53,129,75.5,392606,0.0065,8021407192,174
Cabo Verde,2023,522331,0.5,2590,-1226,27.9,1.52,130,76.5,399834,0.0065,8091734930,174
Cabo Verde,2024,524877,0.49,2546,-1209,28.4,1.51,130,77.6,407063,0.0064,8161972572,174
Cabo Verde,2025,527326,0.47,2449,-1284,29,1.5,131,78.6,414288,0.0064,8231613070,174
Cabo Verde,2026,529630,0.44,2304,-1338,29.5,1.49,131,79.6,421502,0.0064,8300678395,174
Cambodia,1955,4890372,2.25,103023,-4946,17.3,6.53,28,10.6,516753,0.18,2740213792,70
Cambodia,1960,5449966,2.19,111919,-5339,17.1,6.31,31,10.8,588531,0.18,3015470894,68
Cambodia,1965,6072289,2.19,124465,-16930,16.8,6.27,34,11.5,700389,0.18,3334533703,68
Cambodia,1970,6639182,1.8,113379,-193008,16.5,6.07,38,16.8,1117077,0.18,3694683794,69
Cambodia,1975,6581371,-0.17,-11562,-47717,16.1,4.1,37,5.1,336810,0.16,4070735277,75
Cambodia,1980,5199872,-4.6,-276300,-133508,16.7,5.77,29,12.7,662376,0.12,4447606236,91
Cambodia,1985,6043783,3.05,168782,4677,16.8,6.31,34,17.8,1074486,0.12,4868943465,91
Cambodia,1990,7374752,4.06,266194,58455,17.2,5.64,42,18.9,1395017,0.14,5327803110,85
Cambodia,1995,10018497,6.32,528749,503042,15.9,5.08,57,18.4,1844262,0.17,5758878982,76
Cambodia,2000,12462336,4.46,488768,-50957,17,3.79,71,18.1,2258686,0.2,6171702993,64
Cambodia,2005,13439202,1.52,195373,-60473,19.1,3.24,76,18.9,2544414,0.2,6586970132,67
Cambodia,2010,14500726,1.53,212305,-49781,21.3,2.86,82,20,2903806,0.21,7021732148,68
Cambodia,2015,15623251,1.5,224505,-58101,23.2,2.73,89,22,3443036,0.21,7470491872,70
Cambodia,2020,16725474,1.37,220445,0,25.1,2.7,95,24.2,4050459,0.21,7887001292,72
Cambodia,2022,17201724,1.41,238125,-31350,25.6,2.62,97,25.1,4311303,0.21,8021407192,73
Cambodia,2023,17423880,1.29,222156,-31837,25.8,2.58,99,25.5,4445360,0.22,8091734930,73
Cambodia,2024,17638801,1.23,214921,-32960,26,2.55,100,26,4581944,0.22,8161972572,73
Cambodia,2025,17847982,1.19,209181,-31469,26.2,2.51,101,26.5,4721141,0.22,8231613070,73
Cambodia,2026,18051219,1.14,203237,-34323,26.4,2.49,102,26.9,4862929,0.22,8300678395,73
Cameroon,1955,4700257,1.65,74035,0,19.6,5.74,10,11.4,537904,0.17,2740213792,72
Cameroon,1960,5159057,1.88,91760,0,19.5,5.72,11,14,721399,0.17,3015470894,72
Cameroon,1965,5704686,2.03,109126,-39,18.9,5.8,12,17.1,975314,0.17,3334533703,72
Cameroon,1970,6449793,2.49,149021,-367,18.1,6.2,14,20.5,1325110,0.17,3694683794,70
Cameroon,1975,7397120,2.78,189465,-237,17.4,6.4,16,27.5,2035248,0.18,4070735277,70
Cameroon,1980,8512219,2.85,223020,70589,16.7,6.61,18,32.3,2751106,0.19,4447606236,67
Cameroon,1985,9761730,2.78,249902,-3604,15.9,6.56,21,37.3,3641311,0.2,4868943465,68
Cameroon,1990,11331821,3.03,314018,-8163,15.7,6.36,24,41,4645941,0.21,5327803110,61
Cameroon,1995,13058516,2.88,345339,-12661,15.8,5.92,28,43.9,5730711,0.23,5758878982,62
Cameroon,2000,14912631,2.69,370823,-21221,16.2,5.51,32,46.6,6956118,0.24,6171702993,62
Cameroon,2005,17074594,2.74,432393,-27775,16.6,5.42,36,49.5,8456175,0.26,6586970132,59
Cameroon,2010,19668066,2.87,518694,-9366,16.8,5.15,42,52.4,10296608,0.28,7021732148,59
Cameroon,2015,22763414,2.97,619070,42008,17.2,4.84,48,54.7,12462615,0.3,7470491872,56
Cameroon,2020,26210558,2.86,689429,-9888,17.4,4.56,55,57,14941523,0.33,7887001292,53
Cameroon,2022,27632771,2.68,711107,-4798,17.6,4.4,58,58,16022262,0.34,8021407192,53
Cameroon,2023,28372687,2.68,739916,-4798,17.8,4.32,60,58.4,16581877,0.35,8091734930,52
Cameroon,2024,29123744,2.65,751057,-13892,17.9,4.26,62,58.9,17154348,0.36,8161972572,52
Cameroon,2025,29879337,2.59,755593,-15379,18,4.18,63,59.4,17739676,0.36,8231613070,51
Cameroon,2026,30640817,2.55,761480,-18922,18.2,4.12,65,59.8,18337769,0.37,8300678395,51
Canada,1955,15728274,2.74,397305,95995,26.3,3.75,2,65.7,10340832,0.57,2740213792,30
Canada,1960,17898790,2.62,434103,49694,25.5,3.82,2,69.1,12373883,0.59,3015470894,30
Canada,1965,19685518,1.92,357346,112401,24.5,3.08,2,73,14362464,0.59,3334533703,29
Canada,1970,21440022,1.72,350901,304627,25,2.27,2,75.7,16229750,0.58,3694683794,30
Canada,1975,23148986,1.55,341793,139797,26.4,1.8,3,75.6,17508653,0.57,4070735277,31
Canada,1980,24533776,1.17,276958,122743,28.1,1.66,3,75.7,18565807,0.55,4447606236,32
Canada,1985,25927465,1.11,278738,69776,29.9,1.59,3,76.2,19755707,0.53,4868943465,32
Canada,1990,27789443,1.4,372396,181461,31.8,1.7,3,76.3,21207473,0.52,5327803110,32
Canada,1995,29459131,1.17,333938,141818,33.7,1.67,3,77.3,22782132,0.51,5758878982,33
Canada,2000,30891803,0.95,286534,201727,35.8,1.51,3,79.1,24428073,0.5,6171702993,34
Canada,2005,32440173,0.98,309674,204526,37.6,1.57,4,79.7,25869853,0.49,6586970132,35
Canada,2010,34196899,1.06,351345,225369,38.7,1.64,4,80.9,27655231,0.49,7021732148,36
Canada,2015,35962234,1.01,353067,224332,39.6,1.6,4,81.2,29212401,0.48,7470491872,38
Canada,2020,38171902,1.2,441934,256592,39.9,1.41,4,80.3,30670064,0.48,7887001292,38
Canada,2022,38821259,0.85,324679,459988,40.3,1.37,4,80.5,31263957,0.48,8021407192,38
Canada,2023,39299105,1.23,477846,433842,40.3,1.35,4,80.3,31563358,0.49,8091734930,38
Canada,2024,39742430,1.13,443325,368599,40.5,1.34,4,80.2,31863601,0.49,8161972572,38
Canada,2025,40126723,0.97,384293,326204,40.6,1.33,4,80.2,32164167,0.49,8231613070,38
Canada,2026,40467728,0.85,341005,291403,40.8,1.33,4,80.2,32464952,0.49,8300678395,38
Caribbean Netherlands,1955,7602,1.68,121,-97,25.9,5.46,23,73.2,5568,0.00028,2740213792,219
Caribbean Netherlands,1960,7834,0.6,46,13,20,4.76,24,76.6,5999,0.00026,3015470894,221
Caribbean Netherlands,1965,8656,2.02,164,65,20.5,4.45,26,80.1,6935,0.00026,3334533703,219
Caribbean Netherlands,1970,9866,2.65,242,136,20.7,3.16,30,81.4,8026,0.00027,3694683794,220
Caribbean Netherlands,1975,10855,1.93,198,36,21.8,2.95,33,79.6,8641,0.00027,4070735277,219
Caribbean Netherlands,1980,11781,1.65,185,42,24.2,2.71,36,75.1,8851,0.00026,4447606236,219
Caribbean Netherlands,1985,12368,0.98,117,-50,26,2.62,38,76.2,9427,0.00025,4868943465,222
Caribbean Netherlands,1990,12930,0.89,112,-19,27.9,2.4,39,78.2,10111,0.00024,5327803110,222
Caribbean Netherlands,1995,13509,0.88,116,-17,30,2.36,41,85.5,11548,0.00023,5758878982,223
Caribbean Netherlands,2000,14233,1.05,145,60,32.4,1.86,43,75.8,10787,0.00023,6171702993,223
Caribbean Netherlands,2005,16980,3.59,549,605,34.6,1.6,52,63.4,10767,0.00026,6586970132,221
Caribbean Netherlands,2010,20558,3.9,716,640,37,1.68,63,76.1,15650,0.00029,7021732148,220
Caribbean Netherlands,2015,24610,3.66,810,-85,38.3,1.32,75,74.6,18368,0.00033,7470491872,220
Caribbean Netherlands,2020,26453,1.45,369,764,39.6,1.7,81,74.4,19672,0.00034,7887001292,220
Caribbean Netherlands,2022,28627,4.03,1087,1656,39.8,1.5,87,70,20039,0.00036,8021407192,220
Caribbean Netherlands,2023,29898,4.44,1271,820,39.7,1.47,91,67.6,20219,0.00037,8091734930,219
Caribbean Netherlands,2024,30675,2.6,777,685,39.6,1.46,94,66.5,20387,0.00038,8161972572,219
Caribbean Netherlands,2025,31338,2.16,663,600,39.6,1.45,96,65.6,20554,0.00038,8231613070,219
Caribbean Netherlands,2026,31913,1.83,575,509,39.7,1.44,97,64.9,20722,0.00038,8300678395,219
Cayman Islands,1955,7694,1.9,138,-17,22.7,4.53,32,86.8,6677,0.00028,2740213792,218
Cayman Islands,1960,8428,1.84,147,-24,22.5,4.71,35,93.3,7865,0.00028,3015470894,219
Cayman Islands,1965,9361,2.12,187,28,21,4.16,39,89.4,8369,0.00028,3334533703,218
Cayman Islands,1970,10517,2.36,231,294,20.1,4.66,44,86.9,9144,0.00028,3694683794,217
Cayman Islands,1975,13788,5.57,654,492,22,2.71,57,88.8,12244,0.00034,4070735277,216
Cayman Islands,1980,17079,4.37,658,588,25,2.4,71,94.6,16162,0.00038,4447606236,216
Cayman Islands,1985,21324,4.54,849,646,26.1,1.75,89,90.6,19313,0.00044,4868943465,215
Cayman Islands,1990,25999,4.04,935,998,28.5,1.78,108,96.2,25010,0.00049,5327803110,216
Cayman Islands,1995,32743,4.72,1349,1039,29.8,1.67,136,96.7,31672,0.00057,5758878982,211
Cayman Islands,2000,39674,3.91,1386,1021,32.2,1.71,165,,,0.00064,6171702993,211
Cayman Islands,2005,46788,3.35,1423,1002,33,1.67,195,,,0.00071,6586970132,210
Cayman Islands,2010,54099,2.95,1462,978,34.5,1.69,225,,,0.00077,7021732148,207
Cayman Islands,2015,61642,2.64,1509,1107,35.3,1.27,257,97.3,59963,0.00083,7470491872,205
Cayman Islands,2020,68684,2.19,1408,810,36.8,1.55,286,93,63890,0.00087,7887001292,203
Cayman Islands,2022,71591,2.09,1454,942,37.5,1.54,298,91.3,65393,0.00089,8021407192,203
Cayman Islands,2023,73038,2.02,1447,921,37.9,1.53,304,90.5,66135,0.0009,8091734930,203
Cayman Islands,2024,74457,1.94,1419,896,38.3,1.52,310,89.8,66872,0.00091,8161972572,203
Cayman Islands,2025,75844,1.86,1387,888,38.7,1.51,316,89.1,67599,0.00092,8231613070,203
Cayman Islands,2026,77196,1.78,1352,888,39.1,1.5,322,88.5,68311,0.00093,8300678395,203
Central African Republic,1955,1559363,1.63,24261,0,20.2,5.92,3,15.3,238917,0.06,2740213792,122
Central African Republic,1960,1702346,1.77,28597,474,19.3,5.95,3,17.8,302205,0.06,3015470894,124
Central African Republic,1965,1877854,1.98,35102,474,18.4,6.03,3,20.7,387790,0.06,3334533703,126
Central African Republic,1970,2097505,2.24,43930,-3693,17.8,6.03,3,24,502752,0.06,3694683794,127
Central African Republic,1975,2313916,1.98,43282,-9895,17.4,5.88,4,27.9,644978,0.06,4070735277,128
Central African Republic,1980,2450535,1.15,27324,-41539,17.4,6.13,4,31.5,772263,0.06,4447606236,128
Central African Republic,1985,2600932,1.2,30079,-46427,17.2,6.12,4,36,935996,0.05,4868943465,130
Central African Republic,1990,2871910,2,54196,1995,16.8,6.05,5,37.7,1082570,0.05,5327803110,130
Central African Republic,1995,3348052,3.12,95228,-12986,16.1,5.94,5,37.3,1248262,0.06,5758878982,127
Central African Republic,2000,3833416,2.74,97073,8079,16,5.85,6,36.9,1413327,0.06,6171702993,124
Central African Republic,2005,4288810,2.27,91079,-13604,16.1,5.81,7,36.6,1571461,0.07,6586970132,119
Central African Republic,2010,4492995,0.93,40837,-43126,15.6,5.96,7,38.5,1730652,0.06,7021732148,121
Central African Republic,2015,4629320,0.6,27265,-63045,14.4,6.13,7,39.6,1831054,0.06,7470491872,123
Central African Republic,2020,5026628,1.66,79462,-24745,14.4,6.06,8,41.3,2076534,0.06,7887001292,124
Central African Republic,2022,5098039,0.71,35706,-17430,14.3,6.02,8,43.4,2213060,0.06,8021407192,124
Central African Republic,2023,5152421,1.07,54382,-14682,14.3,6.01,8,44.4,2288695,0.06,8091734930,124
Central African Republic,2024,5330690,3.46,178269,-15357,14.4,5.95,9,44.4,2368409,0.07,8161972572,122
Central African Republic,2025,5513282,3.43,182592,-14693,14.5,5.81,9,44.5,2451673,0.07,8231613070,121
Central African Republic,2026,5698984,3.37,185702,-15608,14.6,5.69,9,44.5,2538181,0.07,8300678395,118
Chad,1955,2764249,1.82,47759,-237,19.5,6.15,2,5.4,150299,0.1,2740213792,98
Chad,1960,3049838,1.99,57118,-672,18.9,6.25,2,6.6,200952,0.1,3015470894,99
Chad,1965,3374220,2.04,64876,-4384,18.2,6.34,3,8.2,278207,0.1,3334533703,100
Chad,1970,3727828,2.01,70722,-8931,17.5,6.53,3,11.3,421481,0.1,3694683794,100
Chad,1975,4167234,2.25,87881,-22768,16.8,6.88,3,15.3,636342,0.1,4070735277,99
Chad,1980,4515453,1.62,69644,-210126,15.6,6.91,4,18.8,847659,0.1,4447606236,100
Chad,1985,5096269,2.45,116163,-30686,15.2,7.04,4,19.8,1007073,0.1,4868943465,97
Chad,1990,5982833,3.26,177313,-58884,15.2,7.22,5,20.7,1239707,0.11,5327803110,93
Chad,1995,7089064,3.45,221246,152232,14.9,7.29,6,21.2,1503250,0.12,5758878982,91
Chad,2000,8512093,3.73,284606,-3845,14.6,7.25,7,21.2,1805052,0.14,6171702993,85
Chad,2005,10328092,3.94,363200,19281,14.6,7.13,8,21.3,2194746,0.16,6586970132,78
Chad,2010,12312575,3.58,396897,10427,14.6,6.99,10,21.2,2613400,0.18,7021732148,73
Chad,2015,14647621,3.53,467009,-48918,14.6,6.71,12,21.5,3154216,0.2,7470491872,71
Chad,2020,17224679,3.29,515412,36605,14.9,6.35,14,22.2,3830260,0.22,7887001292,70
Chad,2022,18455316,3.51,615319,36670,15.1,6.21,15,22.5,4152209,0.23,8021407192,67
Chad,2023,19319064,4.68,863748,496830,15.4,6.12,15,22.4,4326026,0.24,8091734930,66
Chad,2024,20299123,5.07,980059,204040,15.7,6.03,16,22.2,4508833,0.25,8161972572,65
Chad,2025,21003705,3.47,704582,-123104,15.8,5.94,17,22.4,4700984,0.26,8231613070,64
Chad,2026,21560380,2.65,556675,-112304,15.7,5.83,17,22.7,4902946,0.26,8300678395,64
Chile,1955,7332301,2.04,140745,-25012,19.5,4.78,10,59.6,4368840,0.27,2740213792,53
Chile,1960,8153350,2.15,164210,-27184,19.3,4.7,11,64.2,5234614,0.27,3015470894,55
Chile,1965,9012938,2.02,171918,-33988,19.3,4.36,12,68.5,6178103,0.27,3334533703,54
Chile,1970,9845344,1.78,166481,-36079,19.7,3.78,13,73.1,7194621,0.27,3694683794,53
Chile,1975,10671559,1.62,165243,-30524,20.7,3.18,14,76.7,8179999,0.26,4070735277,53
Chile,1980,11508550,1.52,167398,-28060,22,2.74,15,79.5,9153051,0.26,4447606236,54
Chile,1985,12395274,1.5,177345,-18047,23.4,2.59,17,81.2,10064404,0.25,4868943465,54
Chile,1990,13437176,1.63,208380,-1274,24.8,2.58,18,82.1,11026799,0.25,5327803110,54
Chile,1995,14527381,1.57,218041,2454,26.3,2.35,20,83.2,12087036,0.25,5758878982,58
Chile,2000,15503635,1.31,195251,7067,28,2.05,21,84.7,13137147,0.25,6171702993,60
Chile,2005,16348778,1.07,169029,14289,29.9,1.82,22,85.7,14012965,0.25,6586970132,61
Chile,2010,17181464,1,166537,26048,31.7,1.84,23,86.1,14796864,0.24,7021732148,60
Chile,2015,18047625,0.99,173232,55689,33.3,1.74,24,86,15517478,0.24,7470491872,64
Chile,2020,19370624,1.42,264600,26042,34.7,1.31,26,83.7,16205574,0.25,7887001292,65
Chile,2022,19553036,0.47,91206,59374,35.5,1.25,26,84.2,16469065,0.24,8021407192,65
Chile,2023,19658835,0.54,105799,62679,36,1.17,26,84.4,16597903,0.24,8091734930,65
Chile,2024,19764771,0.54,105936,58316,36.4,1.14,27,84.6,16724992,0.24,8161972572,66
Chile,2025,19859921,0.48,95150,51712,36.9,1.13,27,84.8,16850412,0.24,8231613070,66
Chile,2026,19945850,0.43,85929,48106,37.4,1.12,27,85.1,16974156,0.24,8300678395,67
China,1955,603547007,2.1,11900530,-2402,20.7,6.26,64,14,84639825,22,2740213792,1
China,1960,654802069,1.64,10251012,-16927,19.9,4.45,70,16.3,106561743,21.7,3015470894,1
China,1965,723415733,2.01,13722733,-130900,18.5,6.61,77,18.1,130684595,21.7,3334533703,1
China,1970,823308967,2.62,19978647,-126510,18,6.08,88,17.4,143513192,22.3,3694683794,1
China,1975,916116793,2.16,18561565,-115173,19.1,3.57,98,17.5,160244444,22.5,4070735277,1
China,1980,983163542,1.42,13409350,-20129,20.9,2.74,105,19.6,192392094,22.1,4447606236,1
China,1985,1059807820,1.51,15328856,-60929,21.7,2.63,113,23.1,244946241,21.8,4868943465,1
China,1990,1153582724,1.71,18754981,-11187,23.7,2.51,123,26.9,310022147,21.7,5327803110,1
China,1995,1220133927,1.13,13310241,-365986,26.1,1.59,130,31.5,383901711,21.2,5758878982,1
China,2000,1269581175,0.8,9889450,-62622,29,1.63,135,36.3,460377048,20.6,6171702993,1
China,2005,1310027136,0.63,8089192,-103701,31.8,1.62,140,42.9,561983323,19.9,6586970132,1
China,2010,1351561514,0.63,8306876,-184144,34.1,1.69,144,49.5,669353557,19.2,7021732148,1
China,2015,1396134174,0.65,8914532,-646941,35.7,1.67,149,55.5,775352918,18.7,7470491872,1
China,2020,1426106093,0.43,5994384,-91577,37.5,1.24,152,61.4,875075919,18.1,7887001292,1
China,2022,1425179569,-0.03,-463262,-293846,38.5,1.03,152,63.9,910080750,17.8,8021407192,2
China,2023,1422584933,-0.18,-2594636,-567724,39.1,1,152,65.1,926375811,17.6,8091734930,2
China,2024,1419321278,-0.23,-3263655,-318992,39.6,1.01,151,66.4,941865672,17.4,8161972572,2
China,2025,1416096094,-0.23,-3225184,-268126,40.1,1.02,151,67.5,956553854,17.2,8231613070,2
China,2026,1412914089,-0.22,-3182005,-232107,40.6,1.03,150,68.7,970433085,17,8300678395,2
Colombia,1955,13473060,2.74,341214,-47986,16.2,6.63,12,41.4,5579539,0.49,2740213792,33
Colombia,1960,15606209,2.98,426630,-49115,15.5,6.74,14,48.9,7625171,0.52,3015470894,32
Colombia,1965,18169050,3.09,512568,-51855,15.2,6.33,16,55.7,10111908,0.54,3334533703,32
Colombia,1970,20811782,2.75,528546,-66065,15.7,5.28,19,60,12494401,0.56,3694683794,31
Colombia,1975,23344644,2.32,506572,-84462,16.7,4.4,21,64,14930011,0.57,4070735277,30
Colombia,1980,26104498,2.26,551971,-44203,17.9,3.8,24,67.7,17679604,0.59,4447606236,31
Colombia,1985,29268470,2.31,632794,-21408,19.4,3.23,26,71,20788244,0.6,4868943465,31
Colombia,1990,32440069,2.08,634320,-7590,20.8,3,29,73.4,23812185,0.61,5327803110,31
Colombia,1995,35804662,1.99,672919,-33097,21.9,2.85,32,75.1,26874824,0.62,5758878982,30
Colombia,2000,39089934,1.77,657054,-27878,23.2,2.57,35,76.4,29881676,0.63,6171702993,29
Colombia,2005,42128977,1.51,607809,-41465,24.6,2.31,38,78.1,32907507,0.64,6586970132,29
Colombia,2010,44777319,1.23,529668,-34220,26.5,2.01,40,79.9,35799432,0.64,7021732148,29
Colombia,2015,46969940,0.96,438524,-41123,28.6,1.77,42,81.9,38469351,0.63,7470491872,29
Colombia,2020,50629997,1.51,732011,227130,30.4,1.69,46,80.8,40891996,0.64,7887001292,29
Colombia,2022,51737944,1.09,553974,183180,31.2,1.66,47,80.7,41777604,0.64,8021407192,29
Colombia,2023,52321152,1.13,583208,154521,31.6,1.65,47,80.7,42201325,0.65,8091734930,28
Colombia,2024,52886363,1.08,565211,141643,32,1.63,48,80.6,42612369,0.65,8161972572,28
Colombia,2025,53425635,1.02,539272,129139,32.5,1.62,48,80.5,43010759,0.65,8231613070,28
Colombia,2026,53936226,0.96,510591,115815,33,1.6,49,80.5,43396294,0.65,8300678395,28
Comoros,1955,179587,2.09,3530,-702,19.6,6.35,97,9,16095,0.0066,2740213792,170
Comoros,1960,197700,1.94,3623,-1406,18.7,6.79,106,12.1,23988,0.0066,3015470894,169
Comoros,1965,214967,1.69,3453,-2261,18,6.97,116,16.4,35217,0.0064,3334533703,170
Comoros,1970,244185,2.58,5844,966,16.1,7.1,131,18.3,44607,0.0066,3694683794,171
Comoros,1975,287692,3.33,8701,1986,15.7,7.16,155,19,54647,0.0071,4070735277,169
Comoros,1980,337721,3.26,10006,-344,15.4,7.15,181,21.2,71463,0.0076,4447606236,166
Comoros,1985,388352,2.83,10126,-1339,15.4,7.02,209,23.3,90500,0.008,4868943465,164
Comoros,1990,444596,2.74,11249,-2141,15.4,6.5,239,25.8,114709,0.0083,5327803110,165
Comoros,1995,490586,1.99,9198,-4951,14.9,5.73,264,27.4,134543,0.0085,5758878982,166
Comoros,2000,536080,1.79,9099,-2557,15.2,5.23,288,28.4,152293,0.0087,6171702993,166
Comoros,2005,592677,2.03,11319,-2760,16,5.01,318,28.8,170493,0.009,6586970132,166
Comoros,2010,654836,2.01,12432,-3832,17.5,4.75,352,29.5,192925,0.0093,7021732148,165
Comoros,2015,726682,2.1,14369,-2815,18.7,4.42,390,30.5,221334,0.0097,7470491872,165
Comoros,2020,802163,2,15096,-1766,19.7,4.07,431,31.8,255487,0.01,7887001292,164
Comoros,2022,834188,1.98,16013,-2002,20.1,3.94,448,32.5,270954,0.01,8021407192,163
Comoros,2023,850387,1.94,16199,-2002,20.3,3.88,457,32.8,279115,0.01,8091734930,163
Comoros,2024,866628,1.91,16241,-2051,20.5,3.82,466,33.2,287574,0.01,8161972572,163
Comoros,2025,882847,1.87,16219,-2127,20.6,3.76,474,33.6,296345,0.01,8231613070,162
Comoros,2026,899010,1.83,16163,-2225,20.7,3.71,483,34,305440,0.01,8300678395,162
Congo,1955,934432,2.27,19834,0,18.4,6.07,3,27.7,258973,0.03,2740213792,138
Congo,1960,1056732,2.49,24460,0,17.8,6.08,3,31,327769,0.04,3015470894,138
Congo,1965,1207880,2.71,30230,0,17,6.23,4,34.6,417746,0.04,3334533703,137
Congo,1970,1397638,2.96,37952,0,16.5,6.38,4,38.2,534042,0.04,3694683794,137
Congo,1975,1627032,3.09,45879,-10944,16.1,6.36,5,42.3,687909,0.04,4070735277,137
Congo,1980,1828985,2.37,40391,-14972,15.9,6.07,5,48.1,880532,0.04,4447606236,137
Congo,1985,2059311,2.4,46065,182,16.2,5.59,6,54,1111137,0.04,4868943465,135
Congo,1990,2380560,2.94,64250,-395,16.6,5.27,7,55.7,1325761,0.04,5327803110,133
Congo,1995,2749461,2.92,73780,3747,17,5.07,8,57.4,1579132,0.05,5758878982,131
Congo,2000,3151345,2.77,80377,79780,17.4,4.72,9,60.1,1893340,0.05,6171702993,132
Congo,2005,3696393,3.24,109010,38337,18.1,4.67,11,61.3,2267680,0.06,6586970132,128
Congo,2010,4462290,3.84,153179,12318,18.7,4.85,13,62.2,2774827,0.06,7021732148,122
Congo,2015,5097581,2.7,127058,-18207,18.2,4.61,15,64.2,3274286,0.07,7470491872,119
Congo,2020,5752791,2.45,131042,-4472,18.1,4.33,17,67.1,3857353,0.07,7887001292,114
Congo,2022,6035104,2.42,141157,-995,18.2,4.21,18,68.2,4113312,0.08,8021407192,113
Congo,2023,6182885,2.45,147781,-995,18.3,4.16,18,68.7,4246426,0.08,8091734930,113
Congo,2024,6332961,2.43,150076,-2491,18.4,4.11,19,69.2,4383333,0.08,8161972572,113
Congo,2025,6484437,2.39,151476,-2999,18.6,4.05,19,69.8,4524254,0.08,8231613070,112
Congo,2026,6637785,2.36,153348,-3298,18.7,3.99,19,70.3,4669254,0.08,8300678395,112
Cook Islands,1955,16168,1.93,295,-158,15.7,6.96,67,42.7,6907,0.00059,2740213792,210
Cook Islands,1960,17662,1.78,299,-183,15.1,7.26,74,48,8485,0.00059,3015470894,210
Cook Islands,1965,18779,1.23,223,-418,13.6,7.04,78,51.3,9635,0.00056,3334533703,210
Cook Islands,1970,20488,1.76,342,-216,13.3,6.3,85,55.7,11406,0.00055,3694683794,212
Cook Islands,1975,18896,-1.6,-318,-1117,14,4.96,79,58.2,10990,0.00046,4070735277,214
Cook Islands,1980,17697,-1.3,-240,-458,15.8,4.35,74,53.6,9492,0.0004,4447606236,214
Cook Islands,1985,16832,-1,-173,-604,17.8,3.84,70,58.2,9789,0.00035,4868943465,217
Cook Islands,1990,17120,0.34,58,-217,19.8,3.97,71,61.9,10594,0.00032,5327803110,218
Cook Islands,1995,17781,0.76,132,-307,21.5,3.69,74,62.6,11123,0.00031,5758878982,219
Cook Islands,2000,15854,-2.27,-385,-900,23.5,3.11,66,74.5,11814,0.00026,6171702993,221
Cook Islands,2005,15132,-0.93,-144,-141,25.7,2.81,63,92.5,13999,0.00023,6586970132,222
Cook Islands,2010,16976,2.33,369,320,28.7,2.45,71,80,13585,0.00024,7021732148,222
Cook Islands,2015,17446,0.55,94,-240,31.1,2.21,73,74.4,12983,0.00023,7470491872,222
Cook Islands,2020,15643,-2.16,-361,-583,32.7,2.11,65,84.5,13223,0.0002,7887001292,222
Cook Islands,2022,14723,-2.99,-460,-559,34.1,2.07,61,90.7,13358,0.00018,8021407192,222
Cook Islands,2023,14222,-3.4,-501,-558,35.1,2.04,59,94.4,13430,0.00018,8091734930,223
Cook Islands,2024,13729,-3.47,-493,-505,36.1,2.02,57,98.3,13499,0.00017,8161972572,223
Cook Islands,2025,13263,-3.39,-466,-460,37.1,2,55,,,0.00016,8231613070,223
Cook Islands,2026,12826,-3.29,-437,-419,38.1,1.98,53,,,0.00015,8300678395,223
Costa Rica,1955,1103049,3.54,35258,734,16.3,6.57,22,34.4,379324,0.04,2740213792,134
Costa Rica,1960,1327496,3.77,44889,910,15.7,6.71,26,34.4,456615,0.04,3015470894,133
Costa Rica,1965,1586208,3.63,51742,932,15.6,5.96,31,35.9,568941,0.05,3334533703,132
Costa Rica,1970,1838949,3,50548,1137,16.4,4.58,36,39,717853,0.05,3694683794,131
Costa Rica,1975,2092719,2.62,50754,1992,17.8,3.8,41,41.4,867261,0.05,4070735277,130
Costa Rica,1980,2390633,2.7,59583,2387,19.3,3.58,47,43.1,1029757,0.05,4447606236,130
Costa Rica,1985,2741894,2.78,70252,2357,20.6,3.51,54,45.3,1240768,0.06,4868943465,128
Costa Rica,1990,3121706,2.63,75962,7949,21.7,3.17,61,49.6,1548102,0.06,5327803110,127
Costa Rica,1995,3535176,2.52,82694,16609,22.9,2.78,69,54.2,1915604,0.06,5758878982,125
Costa Rica,2000,3937739,2.18,80513,8826,24.2,2.41,77,58.9,2318040,0.06,6171702993,122
Costa Rica,2005,4261240,1.59,64700,4567,26,2.04,83,65.5,2789638,0.06,6586970132,121
Costa Rica,2010,4555962,1.35,58944,2357,28,1.83,89,71.6,3260590,0.06,7021732148,120
Costa Rica,2015,4818038,1.12,52415,1617,30.2,1.8,94,76.7,3695430,0.06,7470491872,120
Costa Rica,2020,5034320,0.88,43256,1029,32.5,1.45,99,80.9,4074214,0.06,7887001292,123
Costa Rica,2022,5081765,0.47,23723,1006,33.5,1.33,100,82.8,4208353,0.06,8021407192,125
Costa Rica,2023,5105525,0.47,23760,995,34.1,1.33,100,83.7,4271646,0.06,8091734930,125
Costa Rica,2024,5129910,0.48,24385,967,34.6,1.32,100,84.5,4332482,0.06,8161972572,127
Costa Rica,2025,5152950,0.45,23040,1000,35.2,1.31,101,85.2,4390911,0.06,8231613070,127
Costa Rica,2026,5174789,0.42,21839,966,35.7,1.31,101,85.9,4446961,0.06,8300678395,127
Croatia,1955,4080735,1.09,43149,-18926,26.4,2.59,73,25.7,1049201,0.15,2740213792,77
Croatia,1960,4200264,0.58,23906,-21768,28,2.24,75,30.1,1264238,0.14,3015470894,80
Croatia,1965,4346706,0.69,29288,-5253,29.6,2.22,78,34.8,1514128,0.13,3334533703,86
Croatia,1970,4462673,0.53,23193,-2359,31.2,1.88,80,39.8,1777916,0.12,3694683794,91
Croatia,1975,4552730,0.4,18011,-7366,32.1,1.95,81,43.4,1974264,0.11,4070735277,96
Croatia,1980,4643896,0.4,18233,-5486,32.2,1.93,83,46.8,2174204,0.1,4447606236,98
Croatia,1985,4754555,0.47,22132,5550,33.2,1.83,85,48.9,2324414,0.1,4868943465,102
Croatia,1990,4835065,0.34,16102,9538,34.6,1.63,86,50.4,2437730,0.09,5327803110,104
Croatia,1995,4619360,-0.91,-43141,-51882,36.8,1.58,83,52.2,2413578,0.08,5758878982,112
Croatia,2000,4326105,-1.3,-58651,-47629,38.6,1.42,77,54.7,2365833,0.07,6171702993,118
Croatia,2005,4313946,-0.06,-2432,10629,40,1.51,77,55.1,2377955,0.07,6586970132,118
Croatia,2010,4301145,-0.06,-2560,-3995,41,1.55,77,55.5,2387179,0.06,7021732148,124
Croatia,2015,4183729,-0.55,-23483,-27501,42.3,1.4,75,56.9,2378726,0.06,7470491872,127
Croatia,2020,3953958,-1.12,-45954,-8552,44.2,1.48,71,59.9,2368833,0.05,7887001292,130
Croatia,2022,3907027,-0.6,-23466,11681,44.6,1.53,70,60.6,2369184,0.05,8021407192,130
Croatia,2023,3896023,-0.28,-11004,10202,44.8,1.47,70,60.8,2370512,0.05,8091734930,130
Croatia,2024,3875325,-0.53,-20698,-5186,45,1.47,69,61.2,2372446,0.05,8161972572,130
Croatia,2025,3848160,-0.7,-27165,-3481,45.3,1.47,69,61.7,2374884,0.05,8231613070,130
Croatia,2026,3822345,-0.67,-25815,-2491,45.5,1.47,68,62.2,2377817,0.05,8300678395,130
Cuba,1955,6543100,2.01,123718,-7838,21.3,3.9,61,57.4,3757473,0.24,2740213792,61
Cuba,1960,7238081,2.04,138996,-25396,21.4,4.13,68,57.6,4170482,0.24,3015470894,61
Cuba,1965,8030797,2.1,158543,-46683,21.1,4.5,75,58.8,4718411,0.24,3334533703,61
Cuba,1970,8824382,1.9,158717,-44466,20.7,3.98,83,59.5,5252258,0.24,3694683794,59
Cuba,1975,9479726,1.44,131069,-46268,21.4,2.82,89,63.9,6061735,0.23,4070735277,59
Cuba,1980,9804796,0.68,65014,-37114,23,1.64,92,68.3,6698300,0.22,4447606236,59
Cuba,1985,10157228,0.71,70486,-18048,24.8,1.77,95,70.4,7152196,0.21,4868943465,61
Cuba,1990,10631799,0.92,94914,-15438,26.7,1.81,100,73,7763393,0.2,5327803110,63
Cuba,1995,10925362,0.55,58713,-29235,29.3,1.48,103,74.1,8100649,0.19,5758878982,65
Cuba,2000,11109109,0.33,36749,-24980,32.1,1.61,104,75.6,8399081,0.18,6171702993,71
Cuba,2005,11262554,0.27,30689,-16561,34.7,1.49,106,76.3,8591135,0.17,6586970132,72
Cuba,2010,11297409,0.06,6971,-34121,37.3,1.67,106,76.8,8680787,0.16,7021732148,75
Cuba,2015,11275065,-0.04,-4469,-24910,39.7,1.69,106,78.2,8813348,0.15,7470491872,80
Cuba,2020,11176354,-0.18,-19742,-11976,41.3,1.49,105,79.4,8873848,0.14,7887001292,83
Cuba,2022,11059820,-0.52,-58267,-23149,41.5,1.41,104,80.5,8904281,0.14,8021407192,85
Cuba,2023,11019931,-0.36,-39889,-22797,41.7,1.44,104,81,8921445,0.14,8091734930,86
Cuba,2024,10979783,-0.36,-40148,-22356,41.9,1.45,103,81.4,8939311,0.13,8161972572,87
Cuba,2025,10937203,-0.39,-42580,-22244,42.2,1.45,103,81.9,8957468,0.13,8231613070,88
Cuba,2026,10892659,-0.41,-44544,-22086,42.5,1.46,102,82.4,8975876,0.13,8300678395,90
CuraÃ§ao,1955,116107,2.67,2867,0,19.9,5.16,262,73.2,84982,0.0042,2740213792,174
CuraÃ§ao,1960,132185,2.63,3216,-1530,18.8,5.13,298,71.7,94838,0.0044,3015470894,174
CuraÃ§ao,1965,142464,1.51,2056,-1477,18.4,4.47,321,72,102592,0.0043,3334533703,176
CuraÃ§ao,1970,150865,1.15,1680,-1392,18.8,3.4,340,74.7,112678,0.0041,3694683794,176
CuraÃ§ao,1975,155195,0.57,866,-1901,20,2.66,350,77.6,120448,0.0038,4070735277,179
CuraÃ§ao,1980,156660,0.19,293,-2026,22.1,2.27,353,77.2,121016,0.0035,4447606236,181
CuraÃ§ao,1985,156698,0,8,-2351,24.6,2.24,353,79.9,125225,0.0032,4868943465,184
CuraÃ§ao,1990,155739,-0.12,-192,-2419,27.2,2.3,351,79.7,124198,0.0029,5327803110,185
CuraÃ§ao,1995,152692,-0.39,-609,-2847,29.8,2.42,344,82.6,126158,0.0027,5758878982,186
CuraÃ§ao,2000,145529,-0.96,-1433,-2995,32.7,2.34,328,82.4,119883,0.0024,6171702993,190
CuraÃ§ao,2005,151313,0.78,1157,438,35.4,2.04,341,77.4,117145,0.0023,6586970132,191
CuraÃ§ao,2010,156879,0.73,1113,242,38,2.19,353,84.6,132708,0.0022,7021732148,191
CuraÃ§ao,2015,166612,1.21,1947,842,39,1.9,375,84.7,141185,0.0022,7470491872,190
CuraÃ§ao,2020,185018,2.12,3681,992,37.5,1.1,417,78.7,145612,0.0023,7887001292,189
CuraÃ§ao,2022,185345,0.09,164,518,38,1.07,417,79.5,147273,0.0023,8021407192,189
CuraÃ§ao,2023,185427,0.04,82,518,38.2,1.07,418,79.9,148134,0.0023,8091734930,189
CuraÃ§ao,2024,185482,0.03,55,513,38.5,1.07,418,80.3,148991,0.0023,8161972572,189
CuraÃ§ao,2025,185487,0,5,470,38.7,1.07,418,80.8,149822,0.0023,8231613070,189
CuraÃ§ao,2026,185440,-0.03,-47,462,39,1.07,418,81.2,150633,0.0022,8300678395,189
Cyprus,1955,533865,1.57,7999,1573,22.7,3.44,58,32.1,171363,0.02,2740213792,148
Cyprus,1960,586490,1.9,10525,3766,22,3.39,63,34.8,204124,0.02,3015470894,147
Cyprus,1965,617736,1.04,6249,-4184,22.8,3.47,67,35.9,221858,0.02,3334533703,148
Cyprus,1970,647446,0.94,5942,-2001,23.6,3.06,70,38.6,250120,0.02,3694683794,150
Cyprus,1975,659405,0.37,2392,-4820,24.5,2.11,71,46.6,307187,0.02,4070735277,152
Cyprus,1980,683076,0.71,4734,-2284,26.6,2.3,74,58.8,401746,0.02,4447606236,155
Cyprus,1985,731277,1.37,9640,2647,27.8,2.43,79,62.2,455131,0.02,4868943465,155
Cyprus,1990,788351,1.51,11415,1371,28.8,2.4,85,64.9,511911,0.01,5327803110,155
Cyprus,1995,862695,1.82,14869,10549,29.6,2.03,93,67.5,581986,0.01,5758878982,156
Cyprus,2000,947667,1.9,16994,10753,30.6,1.64,103,68.3,647550,0.02,6171702993,155
Cyprus,2005,1036151,1.8,17697,12616,31.6,1.48,112,67.7,701562,0.02,6586970132,155
Cyprus,2010,1127816,1.71,18333,11793,32.9,1.43,122,66.6,751576,0.02,7021732148,157
Cyprus,2015,1219502,1.58,18337,11277,34.6,1.32,132,63.7,777234,0.02,7470491872,157
Cyprus,2020,1302247,1.32,16549,9653,36.5,1.36,141,62,806754,0.02,7887001292,157
Cyprus,2022,1331370,1.11,14562,9014,37.3,1.39,144,61.5,819014,0.02,8021407192,157
Cyprus,2023,1344976,1.02,13606,8697,37.8,1.39,146,61.4,825235,0.02,8091734930,157
Cyprus,2024,1358282,0.99,13306,8138,38.2,1.38,147,61.2,831571,0.02,8161972572,157
Cyprus,2025,1370754,0.92,12472,7749,38.6,1.37,148,61.1,838047,0.02,8231613070,156
Cyprus,2026,1382334,0.84,11580,7210,39.1,1.37,150,61.1,844677,0.02,8300678395,156
Czech Republic (Czechia),1955,9289421,0.82,74542,-1593,31.3,2.58,120,57.3,5325369,0.34,2740213792,39
Czech Republic (Czechia),1960,9541605,0.54,50437,2748,32.1,2.09,124,59.9,5710811,0.32,3015470894,45
Czech Republic (Czechia),1965,9706847,0.34,33048,-7545,32.8,2.19,126,62.7,6084603,0.29,3334533703,49
Czech Republic (Czechia),1970,9801252,0.19,18881,-9353,32.5,1.92,127,64.5,6322841,0.27,3694683794,54
Czech Republic (Czechia),1975,10030774,0.46,45904,-3057,31.6,2.43,130,70.2,7040748,0.25,4070735277,56
Czech Republic (Czechia),1980,10275403,0.48,48926,1738,32,2.08,133,75.7,7779281,0.23,4447606236,57
Czech Republic (Czechia),1985,10305145,0.06,5948,-1173,33.1,1.95,133,75.6,7786240,0.21,4868943465,60
Czech Republic (Czechia),1990,10301988,-0.01,-631,-3529,34.3,1.89,133,75.5,7778590,0.19,5327803110,66
Czech Republic (Czechia),1995,10312042,0.02,2011,6459,35.3,1.27,134,75,7731829,0.18,5758878982,70
Czech Republic (Czechia),2000,10236804,-0.15,-15048,4420,36.4,1.15,133,74.4,7613078,0.17,6171702993,75
Czech Republic (Czechia),2005,10280153,0.08,8670,26203,37.8,1.28,133,73.4,7550197,0.16,6586970132,79
Czech Republic (Czechia),2010,10464035,0.36,36776,34927,38.7,1.51,135,73.8,7718331,0.15,7021732148,80
Czech Republic (Czechia),2015,10524416,0.12,12076,5037,40.4,1.59,136,74,7791316,0.14,7470491872,85
Czech Republic (Czechia),2020,10550129,0.05,5143,4336,42.3,1.76,137,74.6,7875268,0.13,7887001292,88
Czech Republic (Czechia),2022,10673213,0.58,61542,329739,42.6,1.62,138,74.1,7908002,0.13,8021407192,87
Czech Republic (Czechia),2023,10809716,1.28,136503,-14638,42.7,1.45,140,73.3,7923744,0.13,8091734930,87
Czech Republic (Czechia),2024,10735859,-0.68,-73857,-86169,43.2,1.46,139,73.9,7938734,0.13,8161972572,89
Czech Republic (Czechia),2025,10609239,-1.18,-126620,-112188,43.8,1.47,137,75,7952770,0.13,8231613070,92
Czech Republic (Czechia),2026,10527781,-0.77,-81458,13400,44.3,1.47,136,75.7,7965816,0.13,8300678395,92
CÃ´te d'Ivoire,1955,3136628,2.78,80290,15797,17.3,7.6,10,12.7,397478,0.11,2740213792,91
CÃ´te d'Ivoire,1960,3673666,3.21,107408,31307,17.5,7.69,12,17.1,629178,0.12,3015470894,88
CÃ´te d'Ivoire,1965,4442377,3.87,153742,40125,17.3,7.84,14,23.8,1058839,0.13,3334533703,83
CÃ´te d'Ivoire,1970,5411567,4.03,193838,58883,16.6,7.94,17,27.3,1476401,0.15,3694683794,77
CÃ´te d'Ivoire,1975,6776297,4.6,272946,79766,16.4,7.91,21,31.4,2129866,0.17,4070735277,74
CÃ´te d'Ivoire,1980,8220714,3.94,288883,47031,15.4,7.59,26,37.2,3054484,0.18,4447606236,69
CÃ´te d'Ivoire,1985,10040483,4.08,363954,50872,14.9,7.27,32,38.6,3875349,0.21,4868943465,62
CÃ´te d'Ivoire,1990,12189778,3.96,429859,79979,15,6.72,38,39.6,4826807,0.23,5327803110,57
CÃ´te d'Ivoire,1995,14855565,4.03,533157,124501,15.4,6.04,47,40.3,5992300,0.26,5758878982,56
CÃ´te d'Ivoire,2000,17699004,3.56,568688,-63843,15.7,5.77,56,40.7,7201037,0.29,6171702993,54
CÃ´te d'Ivoire,2005,20068458,2.54,473891,-117342,15.6,5.5,63,41.3,8294189,0.3,6586970132,55
CÃ´te d'Ivoire,2010,22488065,2.3,483921,-182689,16.7,5.29,71,42.9,9655958,0.32,7021732148,53
CÃ´te d'Ivoire,2015,25246342,2.34,551655,522,17.9,4.97,79,45.3,11425679,0.34,7470491872,53
CÃ´te d'Ivoire,2020,28915449,2.75,733821,-12390,17.9,4.46,91,46.8,13532312,0.37,7887001292,51
CÃ´te d'Ivoire,2022,30395002,2.53,739777,26777,18,4.35,96,47.6,14480845,0.38,8021407192,50
CÃ´te d'Ivoire,2023,31165654,2.54,770652,6002,18.1,4.28,98,48.1,14978681,0.39,8091734930,50
CÃ´te d'Ivoire,2024,31934230,2.47,768576,7838,18.2,4.23,100,48.5,15492243,0.39,8161972572,50
CÃ´te d'Ivoire,2025,32711547,2.43,777317,11305,18.3,4.17,103,49,16021559,0.4,8231613070,50
CÃ´te d'Ivoire,2026,33494346,2.39,782799,6535,18.5,4.1,105,49.5,16566759,0.4,8300678395,50
DR Congo,1955,13630351,2.08,267213,-4874,17.2,5.98,6,20.5,2791904,0.5,2740213792,32
DR Congo,1960,15264846,2.29,326899,27673,17.3,6.11,7,22.3,3400360,0.51,3015470894,33
DR Congo,1965,17427802,2.69,432591,61397,17.5,6.21,8,23.4,4070472,0.52,3334533703,33
DR Congo,1970,20137436,2.93,541927,39116,17.3,6.33,9,24.5,4924023,0.55,3694683794,32
DR Congo,1975,23021101,2.71,576733,-972,16.8,6.42,10,25.7,5913533,0.57,4070735277,32
DR Congo,1980,26711099,3.02,738000,51685,16.8,6.5,12,26.7,7135522,0.6,4447606236,30
DR Congo,1985,31264816,3.2,910743,118791,16.8,6.61,14,27.3,8520577,0.64,4868943465,29
DR Congo,1990,36684063,3.25,1083849,219270,16.7,6.65,16,28.9,10603379,0.69,5327803110,29
DR Congo,1995,44433704,3.91,1549928,-273434,17,6.68,20,30.7,13659173,0.77,5758878982,26
DR Congo,2000,50507442,2.6,1214748,79340,16.1,6.7,22,32.7,16534234,0.82,6171702993,23
DR Congo,2005,58775724,3.08,1653656,20384,15.9,6.53,26,34.9,20521483,0.89,6586970132,22
DR Congo,2010,68563038,3.13,1957463,8823,15.7,6.59,30,37.7,25817901,0.98,7021732148,20
DR Congo,2015,81035531,3.4,2494499,-17711,15.8,6.44,36,40.2,32566508,1.1,7470491872,18
DR Congo,2020,95989998,3.45,2990893,-1633,15.8,6.21,42,42.6,40848447,1.2,7887001292,16
DR Congo,2022,102396968,3.28,3203485,-14991,15.8,6.11,45,43.6,44598623,1.3,8021407192,15
DR Congo,2023,105789731,3.31,3392763,-14992,15.8,6.05,47,44,46571127,1.3,8091734930,15
DR Congo,2024,109276265,3.3,3486534,-26968,15.8,5.98,48,44.5,48611843,1.3,8161972572,15
DR Congo,2025,112832473,3.25,3556208,-27309,15.8,5.9,50,45,50722858,1.4,8231613070,15
DR Congo,2026,116452162,3.21,3619689,-28843,15.9,5.8,51,45.4,52904879,1.4,8300678395,15
Denmark,1955,4438838,0.79,34087,-8341,31.5,2.59,105,69.6,3091616,0.16,2740213792,75
Denmark,1960,4579342,0.63,28101,-4047,32.1,2.56,108,73.7,3375657,0.15,3015470894,77
Denmark,1965,4758836,0.77,35899,-2098,31.8,2.61,112,77.1,3667824,0.14,3334533703,77
Denmark,1970,4928668,0.7,33966,20947,31.5,1.96,116,79.8,3932046,0.13,3694683794,82
Denmark,1975,5060400,0.53,26346,-10672,31.8,1.91,119,82.2,4158823,0.12,4070735277,87
Denmark,1980,5123081,0.25,12536,803,33.3,1.54,121,83.7,4289924,0.12,4447606236,93
Denmark,1985,5113880,-0.04,-1840,9957,35.1,1.44,121,84.4,4313899,0.11,4868943465,96
Denmark,1990,5141025,0.11,5429,8667,36.1,1.66,121,84.8,4361901,0.1,5327803110,101
Denmark,1995,5233360,0.36,18467,28958,36.7,1.8,123,85,4446693,0.09,5758878982,102
Denmark,2000,5339658,0.4,21260,10441,37.3,1.76,126,85.1,4545356,0.09,6171702993,106
Denmark,2005,5419555,0.3,15979,6887,38.5,1.8,128,85.9,4654838,0.08,6586970132,109
Denmark,2010,5547863,0.47,25662,17533,39.6,1.86,131,86.9,4821305,0.08,7021732148,112
Denmark,2015,5683701,0.48,27168,42284,40.5,1.71,134,87.6,4979108,0.08,7470491872,114
Denmark,2020,5831530,0.51,29566,10851,41.1,1.68,137,87.6,5107903,0.07,7887001292,113
Denmark,2022,5902904,0.61,35687,60219,41.2,1.56,139,87.5,5162762,0.07,8021407192,114
Denmark,2023,5948136,0.77,45232,31006,41.2,1.51,140,87.3,5191155,0.07,8091734930,114
Denmark,2024,5977412,0.49,29276,25639,41.3,1.52,141,87.3,5219784,0.07,8161972572,114
Denmark,2025,6002507,0.42,25095,22103,41.3,1.52,141,87.4,5248366,0.07,8231613070,114
Denmark,2026,6023520,0.35,21013,18360,41.3,1.52,142,87.6,5276864,0.07,8300678395,114
Djibouti,1955,73004,3.21,2135,487,16.2,6.82,3,42.9,31323,0.0027,2740213792,183
Djibouti,1960,86024,3.34,2604,886,16.6,6.85,4,48.9,42090,0.0029,3015470894,183
Djibouti,1965,109092,4.87,4614,3023,16.8,6.86,5,59.1,64504,0.0033,3334533703,179
Djibouti,1970,145175,5.88,7217,5004,16.7,6.88,6,67.9,98633,0.0039,3694683794,177
Djibouti,1975,209908,7.65,12947,13029,16.2,6.74,9,71.7,150521,0.0052,4070735277,174
Djibouti,1980,325815,9.19,23181,10121,16.1,6.46,14,79.4,258795,0.0073,4447606236,169
Djibouti,1985,402687,4.33,15374,9997,16.3,6.19,17,79.2,318890,0.0083,4868943465,163
Djibouti,1990,579538,7.55,35370,49970,16.8,5.93,25,77.4,448449,0.01,5327803110,162
Djibouti,1995,633074,1.78,10707,-3163,17.4,5.33,27,76,480987,0.01,5758878982,160
Djibouti,2000,747318,3.37,22849,5632,18.9,4.6,32,73.5,549178,0.01,6171702993,159
Djibouti,2005,839167,2.35,18370,-3779,19.7,4.04,36,71.6,601236,0.01,6586970132,160
Djibouti,2010,930251,2.08,18217,2129,20.7,3.43,40,70.5,655376,0.01,7021732148,160
Djibouti,2015,1020313,1.87,18012,1723,22,3.04,44,70.4,717972,0.01,7470491872,160
Djibouti,2020,1105188,1.61,16975,1300,23.5,2.75,48,70.6,780538,0.01,7887001292,160
Djibouti,2022,1137096,1.43,15954,500,24.1,2.65,49,70.9,805774,0.01,8021407192,160
Djibouti,2023,1152944,1.39,15848,500,24.4,2.61,50,71,818418,0.01,8091734930,160
Djibouti,2024,1168722,1.37,15778,-11,24.7,2.62,50,71.1,831056,0.01,8161972572,160
Djibouti,2025,1184076,1.31,15354,-581,24.9,2.58,51,71.3,843657,0.01,8231613070,160
Djibouti,2026,1199459,1.3,15383,302,25.2,2.54,52,71.4,856220,0.01,8300678395,160
Dominica,1955,52952,1.07,551,-318,17.8,5.91,71,37.4,19798,0.0019,2740213792,191
Dominica,1960,59372,2.32,1284,-759,16.8,6.18,79,38.3,22711,0.002,3015470894,191
Dominica,1965,63505,1.36,827,-816,15.8,5.95,85,39.1,24831,0.0019,3334533703,192
Dominica,1970,68908,1.65,1081,-847,14.6,5.21,92,39.9,27493,0.0019,3694683794,193
Dominica,1975,71570,0.76,532,-678,16,3.46,95,43,30763,0.0018,4070735277,193
Dominica,1980,73083,0.42,303,-1035,17.5,3.04,97,48.2,35216,0.0016,4447606236,195
Dominica,1985,71744,-0.37,-268,-1617,20,3.12,96,56.2,40290,0.0015,4868943465,196
Dominica,1990,69627,-0.6,-423,-1722,21.8,3.09,93,64.3,44739,0.0013,5327803110,199
Dominica,1995,69469,-0.05,-32,-885,24,2.71,93,66.6,46268,0.0012,5758878982,201
Dominica,2000,68511,-0.28,-192,-973,26.7,2.35,91,66.4,45474,0.0011,6171702993,202
Dominica,2005,68734,0.07,45,-259,28.6,2,92,68.4,47038,0.001,6586970132,203
Dominica,2010,68859,0.04,25,-206,30.4,1.89,92,70.6,48647,0.00098,7021732148,203
Dominica,2015,70410,0.45,310,92,30.5,1.65,94,72.3,50906,0.00094,7470491872,203
Dominica,2020,67573,-0.82,-567,-225,34.4,1.5,90,79,53355,0.00086,7887001292,204
Dominica,2022,66826,-0.55,-374,-202,35.3,1.48,89,81.3,54312,0.00083,8021407192,204
Dominica,2023,66510,-0.47,-316,-199,35.6,1.48,89,82.4,54775,0.00082,8091734930,204
Dominica,2024,66205,-0.46,-305,-200,35.9,1.48,88,83.4,55224,0.00081,8161972572,204
Dominica,2025,65871,-0.5,-334,-242,36.3,1.47,88,84.5,55657,0.0008,8231613070,204
Dominica,2026,65511,-0.55,-360,-241,36.6,1.46,87,85.6,56068,0.00079,8300678395,204
Dominican Republic,1955,2777628,3.14,79547,-7403,15.5,7.67,57,26.9,746422,0.1,2740213792,96
Dominican Republic,1960,3268336,3.31,98142,-13344,14.7,7.55,68,30.4,994518,0.11,3015470894,95
Dominican Republic,1965,3808963,3.11,108125,-15978,14.3,7.05,79,35.7,1359650,0.11,3334533703,94
Dominican Republic,1970,4399290,2.92,118065,-14255,14.7,6.18,91,41.2,1813592,0.12,3694683794,92
Dominican Republic,1975,5046776,2.78,129497,-16425,15.7,5.24,104,46.7,2355019,0.12,4070735277,88
Dominican Republic,1980,5729037,2.57,136452,-17485,16.7,4.3,119,52,2979572,0.13,4447606236,88
Dominican Republic,1985,6430404,2.34,140273,-23388,17.8,3.69,133,54.4,3495415,0.13,4868943465,87
Dominican Republic,1990,7151166,2.15,144152,-27397,18.9,3.41,148,55.5,3967238,0.13,5327803110,87
Dominican Republic,1995,7888115,1.98,147390,-29873,19.9,3.1,163,57.6,4545858,0.14,5758878982,84
Dominican Republic,2000,8584190,1.71,139215,-33256,21.1,2.87,178,61.6,5287718,0.14,6171702993,84
Dominican Republic,2005,9225034,1.45,128169,-37063,22.3,2.57,191,67.5,6223375,0.14,6586970132,85
Dominican Republic,2010,9820175,1.26,119028,-36587,23.7,2.56,203,74.3,7300054,0.14,7021732148,85
Dominican Republic,2015,10434829,1.22,122931,-36375,25.1,2.43,216,79.3,8271702,0.14,7470491872,87
Dominican Republic,2020,11008300,1.08,114694,-17957,26.7,2.33,228,83.3,9168876,0.14,7887001292,84
Dominican Republic,2022,11230734,1.01,111217,-35153,27.3,2.27,232,84.5,9495433,0.14,8021407192,84
Dominican Republic,2023,11331265,0.9,100531,-34915,27.7,2.24,235,85.2,9651617,0.14,8091734930,85
Dominican Republic,2024,11427557,0.85,96292,-34806,28,2.22,236,85.8,9803213,0.14,8161972572,85
Dominican Republic,2025,11520487,0.81,92930,-35306,28.3,2.19,238,86.4,9950299,0.14,8231613070,85
Dominican Republic,2026,11609500,0.77,89013,-35038,28.7,2.17,240,86.9,10092947,0.14,8300678395,84
Ecuador,1955,4006188,2.64,97879,-1173,17.9,6.77,16,30.6,1227169,0.15,2740213792,79
Ecuador,1960,4590891,2.76,116941,-1746,17,6.72,18,33.5,1539922,0.15,3015470894,76
Ecuador,1965,5303963,2.93,142614,-957,16.6,6.56,21,36.3,1923650,0.16,3334533703,75
Ecuador,1970,6155387,3.02,170285,-1091,16.6,6.14,25,38.7,2385138,0.17,3694683794,74
Ecuador,1975,7118251,2.95,192573,-1189,16.9,5.43,29,41.6,2960081,0.17,4070735277,71
Ecuador,1980,8165877,2.78,209525,-517,17.4,4.73,33,45.9,3745835,0.18,4447606236,70
Ecuador,1985,9311154,2.66,229055,-494,18.2,4.14,37,49.8,4632910,0.19,4868943465,69
Ecuador,1990,10473673,2.38,232504,-21164,19.2,3.68,42,53.7,5629140,0.2,5327803110,64
Ecuador,1995,11590514,2.05,223368,-45201,20.1,3.38,47,57,6608741,0.2,5758878982,63
Ecuador,2000,12689206,1.83,219738,-40859,21.1,3.1,51,60,7614955,0.21,6171702993,63
Ecuador,2005,13846163,1.76,231391,-16855,22.4,2.8,56,61.2,8476093,0.21,6586970132,64
Ecuador,2010,15076695,1.72,246106,-8330,23.8,2.62,61,62.1,9362550,0.21,7021732148,66
Ecuador,2015,16266225,1.53,237906,14724,25.4,2.21,65,62.9,10235174,0.22,7470491872,68
Ecuador,2020,17546065,1.53,255968,-10320,27.2,1.97,71,63.4,11123641,0.22,7887001292,68
Ecuador,2022,17823897,0.79,138916,-23090,28,1.86,72,64.5,11493241,0.22,8021407192,70
Ecuador,2023,17980083,0.88,156186,-21948,28.4,1.82,72,65,11681070,0.22,8091734930,72
Ecuador,2024,18135478,0.86,155395,-19704,28.8,1.81,73,65.5,11870894,0.22,8161972572,72
Ecuador,2025,18289896,0.85,154418,-17219,29.3,1.79,74,66,12062680,0.22,8231613070,72
Ecuador,2026,18444506,0.85,154610,-13851,29.7,1.78,74,66.4,12256368,0.22,8300678395,72
Egypt,1955,23795229,2.39,529413,-28824,19.5,7.01,24,34.4,8194766,0.87,2740213792,21
Egypt,1960,26896479,2.48,620250,-2954,18.6,6.79,27,38,10221871,0.89,3015470894,22
Egypt,1965,30629174,2.63,746539,17605,17.9,6.39,31,40,12253382,0.92,3334533703,23
Egypt,1970,34623990,2.48,798963,-35064,18.1,6.06,35,42,14536071,0.94,3694683794,21
Egypt,1975,38875327,2.34,850267,-62368,18.3,5.75,39,43.6,16964582,0.95,4070735277,21
Egypt,1980,43950413,2.48,1015017,738,18.2,5.49,44,44,19340901,0.99,4447606236,21
Egypt,1985,50734968,2.91,1356911,112411,18.3,5.12,51,43.5,22059000,1,4868943465,19
Egypt,1990,58396618,2.85,1532330,406994,18.5,4.51,59,42.7,24961581,1.1,5327803110,15
Egypt,1995,65652622,2.37,1451201,-38920,19.1,3.76,66,41.5,27278501,1.1,5758878982,15
Egypt,2000,73083284,2.17,1486132,27873,20.1,3.5,73,40.9,29917321,1.2,6171702993,15
Egypt,2005,81101004,2.1,1603544,-37129,21.2,3.25,81,40.7,33035354,1.2,6586970132,14
Egypt,2010,89196072,1.92,1619014,-194100,22.2,3.3,90,40.6,36182597,1.3,7021732148,14
Egypt,2015,99597342,2.23,2080254,-193298,22.9,3.5,100,40.3,40123329,1.3,7470491872,14
Egypt,2020,109315124,1.88,1943556,6016,23.5,2.85,110,40.3,44041052,1.4,7887001292,14
Egypt,2022,112618250,1.5,1651563,13707,23.8,2.75,113,40.6,45724131,1.4,8021407192,14
Egypt,2023,114535772,1.7,1917522,305006,24,2.75,115,40.7,46597953,1.4,8091734930,14
Egypt,2024,116538258,1.75,2002486,123884,24.3,2.73,117,40.8,47497912,1.4,8161972572,13
Egypt,2025,118365995,1.57,1827737,-57305,24.5,2.71,119,40.9,48427431,1.4,8231613070,13
Egypt,2026,120101175,1.47,1735180,-52287,24.7,2.68,121,41.1,49388518,1.4,8300678395,13
El Salvador,1955,2456595,2.38,54618,-8004,16.6,6.47,119,37,909227,0.09,2740213792,106
El Salvador,1960,2791459,2.59,66973,-4885,16.1,6.62,135,38,1059695,0.09,3015470894,104
El Salvador,1965,3199466,2.77,81601,-5560,15.7,6.64,154,38.9,1244965,0.1,3334533703,102
El Salvador,1970,3668796,2.78,93866,-11367,15.5,6.18,177,39.4,1446857,0.1,3694683794,101
El Salvador,1975,4120449,2.35,90331,-26198,15.7,5.71,199,41.8,1723324,0.1,4070735277,100
El Salvador,1980,4540382,1.96,83987,-71318,16.4,5.11,219,44.5,2020033,0.1,4447606236,99
El Salvador,1985,4894706,1.51,70865,-29111,17.1,4.32,236,47,2298304,0.1,4868943465,100
El Salvador,1990,5399726,1.98,101004,-39689,17.7,3.96,261,48,2589320,0.1,5327803110,97
El Salvador,1995,5762131,1.31,72481,-92912,18.6,3.57,278,52.6,3029314,0.1,5758878982,97
El Salvador,2000,5943366,0.62,36247,-94861,20.2,3.08,287,58.2,3456741,0.1,6171702993,101
El Salvador,2005,6005578,0.21,12442,-86501,21.7,2.44,290,61.9,3716729,0.09,6586970132,103
El Salvador,2010,6068249,0.21,12534,-54688,22.6,2.24,293,66.5,4034898,0.09,7021732148,108
El Salvador,2015,6183676,0.38,23085,-51278,23.8,2.07,298,71.2,4399797,0.08,7470491872,110
El Salvador,2020,6234673,0.16,10199,-25213,25.7,1.82,301,76.3,4758508,0.08,7887001292,112
El Salvador,2022,6280319,0.37,22823,-23255,26.5,1.78,303,77.9,4893661,0.08,8021407192,112
El Salvador,2023,6309624,0.47,29305,-23253,27,1.77,305,78.6,4959044,0.08,8091734930,112
El Salvador,2024,6338193,0.45,28569,-23102,27.4,1.77,306,79.2,5022985,0.08,8161972572,112
El Salvador,2025,6365503,0.43,27310,-23934,27.9,1.75,307,79.9,5085472,0.08,8231613070,113
El Salvador,2026,6391253,0.4,25750,-23530,28.4,1.74,308,80.5,5146497,0.08,8300678395,113
Equatorial Guinea,1955,247215,1.76,4130,0,21.7,5.66,9,19.7,48725,0.009,2740213792,162
Equatorial Guinea,1960,269807,1.76,4518,210,20.9,5.65,10,24.2,65202,0.0089,3015470894,164
Equatorial Guinea,1965,298238,2.02,5686,837,20.1,5.73,11,24.7,73516,0.0089,3334533703,165
Equatorial Guinea,1970,320803,1.47,4513,-6499,19.3,5.81,11,25.8,82618,0.0087,3694683794,164
Equatorial Guinea,1975,287901,-2.14,-6580,-11398,18.9,5.79,10,24.7,71198,0.0071,4070735277,168
Equatorial Guinea,1980,288644,0.05,149,4903,18.3,5.83,10,24.7,71164,0.0065,4447606236,171
Equatorial Guinea,1985,385547,5.96,19381,8816,18.9,5.95,14,27.9,107455,0.0079,4868943465,166
Equatorial Guinea,1990,474274,4.23,17745,3511,18.6,5.99,17,31.3,148306,0.0089,5327803110,164
Equatorial Guinea,1995,571264,3.79,19398,5300,18,5.97,20,35.8,204444,0.0099,5758878982,163
Equatorial Guinea,2000,703279,4.25,26403,26695,17.9,5.83,25,42.9,301586,0.01,6171702993,161
Equatorial Guinea,2005,947367,6.14,48818,15548,18.9,5.56,34,46.2,437275,0.01,6586970132,157
Equatorial Guinea,2010,1189085,4.65,48344,22027,20.2,5.21,42,52.7,627157,0.02,7021732148,156
Equatorial Guinea,2015,1453923,4.1,52968,17697,20.9,4.77,52,57.1,830013,0.02,7470491872,152
Equatorial Guinea,2020,1716468,3.38,52509,0,21.1,4.35,61,59.9,1027990,0.02,7887001292,152
Equatorial Guinea,2022,1803545,2.51,43539,3997,21,4.17,64,61.5,1108883,0.02,8021407192,152
Equatorial Guinea,2023,1847549,2.44,44004,3997,21,4.08,66,62.2,1149627,0.02,8091734930,151
Equatorial Guinea,2024,1892516,2.43,44967,3891,20.9,4.12,67,62.9,1190713,0.02,8161972572,150
Equatorial Guinea,2025,1938431,2.43,45915,3812,20.9,4.04,69,63.6,1232213,0.02,8231613070,150
Equatorial Guinea,2026,1984468,2.37,46037,3533,20.9,3.96,71,64.2,1274166,0.02,8300678395,150
Eritrea,1955,886237,1.69,14274,342,17.2,6.49,9,11.8,104318,0.03,2740213792,139
Eritrea,1960,972547,1.88,17262,1045,17.8,6.48,10,14.1,136944,0.03,3015470894,140
Eritrea,1965,1098335,2.46,25158,1188,18,6.49,11,16.6,182223,0.03,3334533703,141
Eritrea,1970,1243453,2.51,29024,1480,17.5,6.54,12,18.5,229718,0.03,3694683794,140
Eritrea,1975,1408210,2.52,32951,1985,16.9,6.59,14,19.9,280493,0.03,4070735277,140
Eritrea,1980,1605797,2.66,39517,1985,16.6,6.61,16,21.4,343289,0.04,4447606236,139
Eritrea,1985,1807816,2.4,40404,-1073,16.7,6.59,18,24,433816,0.04,4868943465,140
Eritrea,1990,2032737,2.37,44984,-12425,16.5,6.34,20,29,588576,0.04,5327803110,139
Eritrea,1995,2025267,-0.07,-1494,136105,17,5.94,20,34.4,695721,0.04,5758878982,141
Eritrea,2000,2247031,2.1,44353,-33133,16.3,5.4,22,40.1,902054,0.04,6171702993,141
Eritrea,2005,2661215,3.44,82837,-12835,17.2,4.93,26,46.4,1234323,0.04,6586970132,138
Eritrea,2010,2945186,2.05,56794,-13361,17.3,4.57,29,52.4,1544485,0.04,7021732148,135
Eritrea,2015,3105546,1.07,32072,-52965,17.3,4.22,31,59.6,1851851,0.04,7470491872,136
Eritrea,2020,3291271,1.17,37145,-14967,18,3.93,33,68.2,2246038,0.04,7887001292,134
Eritrea,2022,3409447,1.78,59088,-17134,18.4,3.79,34,71,2420579,0.04,8021407192,132
Eritrea,2023,3470390,1.79,60943,-15284,18.7,3.71,34,72.4,2510963,0.04,8091734930,132
Eritrea,2024,3535603,1.88,65213,-12696,18.9,3.68,35,73.6,2603638,0.04,8161972572,132
Eritrea,2025,3607003,2.02,71400,-6698,19.2,3.61,36,74.8,2698752,0.04,8231613070,132
Eritrea,2026,3682669,2.1,75666,-7520,19.5,3.55,36,75.9,2796265,0.04,8300678395,132
Estonia,1955,1166871,1.15,12966,4362,28.9,2.11,28,53.3,621619,0.04,2740213792,133
Estonia,1960,1220453,0.9,10716,7762,31.1,1.98,29,57.4,700072,0.04,3015470894,134
Estonia,1965,1292804,1.16,14470,8851,32.1,1.9,30,61.2,791637,0.04,3334533703,135
Estonia,1970,1361866,1.05,13812,6158,32.7,2.17,32,64.9,883407,0.04,3694683794,138
Estonia,1975,1423504,0.89,12328,6737,33.4,2.04,34,67.5,961150,0.03,4070735277,139
Estonia,1980,1476463,0.73,10592,4619,32.7,2.02,35,69.6,1027844,0.03,4447606236,141
Estonia,1985,1525280,0.65,9763,5097,32.9,2.13,36,70.6,1077351,0.03,4868943465,144
Estonia,1990,1570303,0.58,9005,-2660,33.3,2.04,37,71,1114930,0.03,5327803110,146
Estonia,1995,1452777,-1.54,-23505,-12655,35.3,1.37,34,69.3,1007415,0.03,5758878982,148
Estonia,2000,1396997,-0.78,-11156,-3083,37.1,1.35,33,69.5,970541,0.02,6171702993,149
Estonia,2005,1354848,-0.61,-8430,-5208,38.3,1.51,32,68.8,931800,0.02,6586970132,151
Estonia,2010,1331448,-0.35,-4680,-3781,39.3,1.72,31,68.1,907079,0.02,7021732148,153
Estonia,2015,1314576,-0.25,-3374,4261,40.6,1.58,31,68.5,899890,0.02,7470491872,155
Estonia,2020,1329669,0.23,3019,3694,41.4,1.59,31,67.7,900365,0.02,7887001292,155
Estonia,2022,1350091,0.77,10211,39754,41.6,1.41,32,66.7,900206,0.02,8021407192,156
Estonia,2023,1367196,1.27,17105,5717,41.9,1.35,32,65.8,899951,0.02,8091734930,156
Estonia,2024,1360546,-0.49,-6650,-7742,42.3,1.36,32,66.1,899574,0.02,8161972572,156
Estonia,2025,1344232,-1.2,-16314,-13350,42.8,1.38,32,66.9,899102,0.02,8231613070,157
Estonia,2026,1331062,-0.98,-13170,-716,43.2,1.38,31,67.5,898504,0.02,8300678395,157
Eswatini,1955,307217,2.49,7112,-1340,16.4,6.68,18,2.5,7761,0.01,2740213792,158
Eswatini,1960,345337,2.37,7624,-2082,15.5,6.75,20,4,13664,0.01,3015470894,158
Eswatini,1965,388336,2.37,8600,-1578,14.9,6.79,23,6.5,25428,0.01,3334533703,159
Eswatini,1970,441216,2.59,10576,-3230,15.2,6.75,26,9.8,43260,0.01,3694683794,159
Eswatini,1975,507673,2.85,13291,-3794,15,6.71,30,14.3,72406,0.01,4070735277,160
Eswatini,1980,596644,3.28,17794,-3350,14.6,6.57,35,16.7,99425,0.01,4447606236,158
Eswatini,1985,706196,3.43,21910,1792,14.2,6.28,41,18.2,128791,0.01,4868943465,157
Eswatini,1990,872428,4.32,33246,7169,15,5.29,51,19.9,174011,0.02,5327803110,154
Eswatini,1995,970433,2.15,19601,-3023,15,4.52,56,22.1,214125,0.02,5758878982,154
Eswatini,2000,1041414,1.42,14196,-8563,16.4,4.03,61,23.1,240805,0.02,6171702993,154
Eswatini,2005,1079022,0.71,7522,-10330,17.5,3.7,63,22.6,243713,0.02,6586970132,154
Eswatini,2010,1111650,0.6,6526,-11334,18.6,3.38,65,24.3,270400,0.02,7021732148,158
Eswatini,2015,1142813,0.55,6233,-12582,20,3.12,66,26.9,307330,0.02,7470491872,159
Eswatini,2020,1192729,0.86,9983,-4242,21.3,2.89,69,29.2,347895,0.02,7887001292,159
Eswatini,2022,1218917,1.09,13094,-8549,21.8,2.8,71,30,365285,0.02,8021407192,159
Eswatini,2023,1230506,0.95,11589,-8549,22,2.75,72,30.4,374223,0.02,8091734930,159
Eswatini,2024,1242822,1,12316,-6754,22.2,2.72,72,30.8,383335,0.02,8161972572,159
Eswatini,2025,1256174,1.07,13352,-5775,22.5,2.68,73,31.3,392638,0.02,8231613070,159
Eswatini,2026,1269859,1.09,13685,-5493,22.7,2.64,74,31.7,402125,0.02,8300678395,158
Ethiopia,1955,19419770,1.91,349872,-10392,17.3,6.46,19,5.6,1085996,0.71,2740213792,26
Ethiopia,1960,21376693,1.94,391385,1696,17.5,6.51,21,6.7,1425096,0.71,3015470894,27
Ethiopia,1965,24310612,2.61,586784,16348,17.5,6.63,24,7.8,1897839,0.73,3334533703,26
Ethiopia,1970,27829128,2.74,703703,8589,17,6.78,28,8.8,2440181,0.75,3694683794,26
Ethiopia,1975,31723252,2.65,778825,-42540,16.2,7.08,32,9.7,3080708,0.78,4070735277,26
Ethiopia,1980,34428514,1.65,541052,-903529,15.7,7.29,34,10.7,3671221,0.77,4447606236,26
Ethiopia,1985,39842136,2.96,1082724,157476,15.8,7.34,40,11.7,4673050,0.82,4868943465,24
Ethiopia,1990,47609755,3.63,1553524,296014,15.8,7.2,48,12.7,6069048,0.89,5327803110,23
Ethiopia,1995,57537335,3.86,1985516,91727,15.5,7,58,13.8,7924483,1,5758878982,21
Ethiopia,2000,67411494,3.22,1974832,-49891,15.1,6.65,67,14.5,9807289,1.1,6171702993,16
Ethiopia,2005,78367470,3.06,2191195,-44421,15.1,6.19,78,15.4,12046373,1.2,6586970132,16
Ethiopia,2010,90538514,2.93,2434209,80213,15.8,5.28,91,16.8,15189140,1.3,7021732148,13
Ethiopia,2015,103867135,2.78,2665724,62785,17,4.53,104,18.7,19403087,1.4,7470491872,13
Ethiopia,2020,118917671,2.74,3010107,38866,18.1,4.27,119,20.6,24463423,1.5,7887001292,12
Ethiopia,2022,125384287,2.68,3233308,-11996,18.5,4.08,125,21.3,26755042,1.6,8021407192,11
Ethiopia,2023,128691692,2.64,3307405,-11996,18.7,3.99,129,21.7,27959894,1.6,8091734930,11
Ethiopia,2024,132059767,2.62,3368075,30069,18.9,3.91,132,22.1,29204015,1.6,8161972572,10
Ethiopia,2025,135472051,2.58,3412284,24054,19.1,3.81,135,22.5,30487323,1.6,8231613070,10
Ethiopia,2026,138902185,2.53,3430134,27298,19.3,3.72,139,22.9,31809855,1.7,8300678395,10
Faeroe Islands,1955,32112,0.28,90,-376,25.5,3.62,23,18.8,6044,0.0012,2740213792,200
Faeroe Islands,1960,34127,1.22,403,-63,25.2,3.85,24,21.7,7412,0.0011,3015470894,201
Faeroe Islands,1965,36347,1.27,444,-116,24.8,4.09,26,25.9,9429,0.0011,3334533703,205
Faeroe Islands,1970,38269,1.04,384,-155,25.3,3.42,27,28.5,10924,0.001,3694683794,205
Faeroe Islands,1975,40568,1.17,460,-38,26.1,2.9,29,31,12557,0.001,4070735277,206
Faeroe Islands,1980,43072,1.21,501,119,27.3,2.47,31,31.5,13570,0.00097,4447606236,205
Faeroe Islands,1985,45578,1.14,501,15,28.6,2.28,33,30.8,14021,0.00094,4868943465,205
Faeroe Islands,1990,47497,0.83,384,-1203,30,2.78,34,30.7,14561,0.00089,5327803110,206
Faeroe Islands,1995,43838,-1.59,-732,61,33.1,2.46,31,35.8,15686,0.00076,5758878982,209
Faeroe Islands,2000,45663,0.82,365,301,33.8,2.56,33,37.6,17172,0.00074,6171702993,209
Faeroe Islands,2005,48361,1.15,540,-188,35,2.63,35,39.7,19208,0.00073,6586970132,209
Faeroe Islands,2010,48169,-0.08,-38,-780,36.7,2.5,35,41.3,19870,0.00069,7021732148,210
Faeroe Islands,2015,48894,0.3,145,499,38.3,2.42,35,41.7,20388,0.00065,7470491872,209
Faeroe Islands,2020,52587,1.47,739,548,37.9,2.36,38,40.2,21155,0.00067,7887001292,207
Faeroe Islands,2022,54011,1.34,712,614,37.5,2.26,39,39.8,21519,0.00067,8021407192,207
Faeroe Islands,2023,54714,1.3,703,599,37.3,2.24,39,39.7,21711,0.00068,8091734930,207
Faeroe Islands,2024,55400,1.25,686,488,37.1,2.22,40,39.6,21912,0.00068,8161972572,207
Faeroe Islands,2025,56002,1.09,602,386,37.1,2.2,40,39.5,22123,0.00068,8231613070,206
Faeroe Islands,2026,56526,0.94,524,311,37.1,2.19,40,39.5,22343,0.00068,8300678395,206
Falkland Islands,1955,2184,-0.05,-1,2,28.7,2.98,0,51.2,1119,8e-05,2740213792,230
Falkland Islands,1960,2262,0.7,16,5,29.3,3.23,0,48,1086,7.5e-05,3015470894,231
Falkland Islands,1965,2299,0.33,7,-17,30.1,2.99,0,46.8,1077,6.9e-05,3334533703,232
Falkland Islands,1970,2275,-0.21,-5,-13,31.1,3,0,47.5,1081,6.2e-05,3694683794,232
Falkland Islands,1975,2293,0.16,4,-4,31.8,2.64,0,47.1,1080,5.6e-05,4070735277,232
Falkland Islands,1980,2252,-0.36,-8,0,32.4,2.24,0,48.2,1085,5.1e-05,4447606236,232
Falkland Islands,1985,2241,-0.1,-2,16,32.2,1.83,0,53,1187,4.6e-05,4868943465,232
Falkland Islands,1990,2346,0.92,21,41,32,1.6,0,62.9,1475,4.4e-05,5327803110,232
Falkland Islands,1995,2768,3.36,84,97,32.7,1.46,0,58.1,1607,4.8e-05,5758878982,231
Falkland Islands,2000,3097,2.27,66,47,34.1,1.5,0,62.9,1948,5e-05,6171702993,231
Falkland Islands,2005,3217,0.76,24,-5,35.5,1.57,0,64.7,2082,4.9e-05,6586970132,231
Falkland Islands,2010,3197,-0.12,-4,-31,37.3,1.63,0,65.7,2101,4.6e-05,7021732148,231
Falkland Islands,2015,3408,1.29,42,59,38.3,1.71,0,64.8,2210,4.6e-05,7470491872,231
Falkland Islands,2020,3506,0.57,20,-31,39.9,1.7,0,65.5,2296,4.4e-05,7887001292,231
Falkland Islands,2022,3490,-0.23,-8,-21,40.9,1.69,0,66.5,2322,4.4e-05,8021407192,231
Falkland Islands,2023,3477,-0.37,-13,-21,41.5,1.69,0,67.1,2334,4.3e-05,8091734930,231
Falkland Islands,2024,3470,-0.2,-7,-13,42.2,1.69,0,67.7,2349,4.3e-05,8161972572,231
Falkland Islands,2025,3469,-0.03,-1,-17,42.8,1.7,0,68,2358,4.2e-05,8231613070,231
Falkland Islands,2026,3465,-0.12,-4,-16,43.4,1.69,0,68.4,2369,4.2e-05,8300678395,231
Fiji,1955,349070,2.43,7911,-688,16,6.57,19,25.8,90219,0.01,2740213792,155
Fiji,1960,404887,3.01,11163,-981,15.6,6.36,22,28.8,116759,0.01,3015470894,155
Fiji,1965,472575,3.14,13538,-832,15.6,5.76,26,32,151142,0.01,3334533703,156
Fiji,1970,531188,2.37,11723,-4371,16.1,4.71,29,34.1,180926,0.01,3694683794,155
Fiji,1975,575906,1.63,8944,-5577,17.2,4.1,32,36.8,211729,0.01,4070735277,156
Fiji,1980,641975,2.2,13214,-1632,18.3,4.04,35,37.4,239930,0.01,4447606236,157
Fiji,1985,723761,2.43,16357,-1452,19.1,3.66,40,37.9,274154,0.01,4868943465,156
Fiji,1990,773316,1.33,9911,-11081,19.9,3.39,42,39.2,303191,0.01,5327803110,156
Fiji,1995,798746,0.65,5086,-12448,20.4,3.25,44,44.2,352818,0.01,5758878982,157
Fiji,2000,840909,1.03,8433,-5909,21.4,2.99,46,46.2,388640,0.01,6171702993,156
Fiji,2005,882379,0.97,8294,-6523,22.9,2.92,48,46.4,409850,0.01,6586970132,159
Fiji,2010,910419,0.63,5608,-10354,24.3,2.7,50,49.3,448644,0.01,7021732148,161
Fiji,2015,918578,0.18,1632,-10401,25.6,2.57,50,53.2,488237,0.01,7470491872,161
Fiji,2020,914963,-0.08,-723,-6008,27.1,2.36,50,57.9,529489,0.01,7887001292,161
Fiji,2022,919422,0.24,2230,-3557,27.5,2.31,50,59.3,545034,0.01,8021407192,161
Fiji,2023,924145,0.51,4723,-3289,27.7,2.28,51,59.8,552523,0.01,8091734930,161
Fiji,2024,928784,0.5,4639,-3278,27.9,2.27,51,60.3,559863,0.01,8161972572,161
Fiji,2025,933154,0.47,4370,-3288,28.1,2.25,51,60.8,567088,0.01,8231613070,161
Fiji,2026,937282,0.44,4128,-3385,28.3,2.23,51,61.3,574190,0.01,8300678395,161
Finland,1955,4235197,1.11,45358,-2741,26.9,2.93,14,49.2,2082406,0.15,2740213792,76
Finland,1960,4429624,0.9,38885,-9489,27.4,2.72,15,55.4,2451895,0.15,3015470894,78
Finland,1965,4564150,0.6,26905,-21731,27.6,2.48,15,59.7,2725527,0.14,3334533703,80
Finland,1970,4606305,0.18,8431,-36579,28.6,1.82,15,63.8,2938251,0.12,3694683794,87
Finland,1975,4711168,0.45,20973,-3807,29.6,1.68,16,67.9,3200789,0.12,4070735277,92
Finland,1980,4779350,0.29,13636,-2212,31.8,1.63,16,71.9,3434445,0.11,4447606236,97
Finland,1985,4902261,0.51,24582,2416,33.7,1.64,16,75.9,3723107,0.1,4868943465,99
Finland,1990,4986575,0.34,16863,8920,35.5,1.78,16,79.5,3965355,0.09,5327803110,102
Finland,1995,5107922,0.48,24269,4325,36.9,1.8,17,81.1,4144501,0.09,5758878982,104
Finland,2000,5176202,0.27,13656,2497,38.4,1.73,17,82.4,4263603,0.08,6171702993,108
Finland,2005,5246082,0.27,13976,9251,39.9,1.8,17,83.1,4359902,0.08,6586970132,113
Finland,2010,5363350,0.44,23454,14080,41,1.86,18,83.8,4494902,0.08,7021732148,115
Finland,2015,5479717,0.43,23273,12655,41.5,1.65,18,85.3,4672016,0.07,7470491872,116
Finland,2020,5529612,0.18,9979,17504,42.2,1.37,18,86.3,4771979,0.07,7887001292,117
Finland,2022,5569299,0.36,19844,60353,42.5,1.32,18,86.4,4812849,0.07,8021407192,117
Finland,2023,5601185,0.57,31886,38156,42.8,1.28,18,86.3,4833463,0.07,8091734930,117
Finland,2024,5617310,0.29,16125,26894,43,1.29,18,86.4,4853952,0.07,8161972572,117
Finland,2025,5623329,0.11,6019,18246,43.2,1.3,19,86.7,4874169,0.07,8231613070,118
Finland,2026,5621739,-0.03,-1590,12666,43.4,1.3,18,87.1,4894074,0.07,8300678395,122
France,1955,44136090,1.05,450594,166238,31.7,2.7,81,57.4,25317338,1.6,2740213792,12
France,1960,46428134,1.02,458409,143032,31.8,2.73,85,61.1,28381288,1.5,3015470894,12
France,1965,48772830,0.99,468939,82879,31.8,2.83,89,67.3,32832934,1.5,3334533703,14
France,1970,50813075,0.82,408049,182941,31.4,2.48,93,71.1,36126954,1.4,3694683794,15
France,1975,52746325,0.75,386650,16139,30.5,1.94,96,73.3,38658424,1.3,4070735277,15
France,1980,53941061,0.45,238947,54718,31.3,1.95,99,73.5,39623972,1.2,4447606236,15
France,1985,55467150,0.56,305218,66149,32.5,1.82,101,73.6,40800487,1.1,4868943465,16
France,1990,56990238,0.54,304618,43323,33.7,1.78,104,74,42182927,1.1,5327803110,19
France,1995,58192203,0.42,240393,-17128,35.2,1.72,106,75,43630318,1,5758878982,19
France,2000,59483717,0.44,258303,171637,36.7,1.88,109,76,45225597,0.96,6171702993,20
France,2005,61625032,0.71,428263,191417,37.9,1.92,113,76.6,47229925,0.94,6586970132,20
France,2010,63417363,0.58,358466,52644,39,2.02,116,77.9,49393298,0.9,7021732148,21
France,2015,64916336,0.47,299795,-345,40.3,1.93,119,79.1,51343241,0.87,7470491872,22
France,2020,65905277,0.3,197788,145593,41.3,1.78,120,80.7,53217966,0.84,7887001292,22
France,2022,66277409,0.28,186066,179377,41.6,1.76,121,81.4,53944675,0.83,8021407192,22
France,2023,66438822,0.24,161413,91862,41.8,1.64,121,81.7,54303895,0.82,8091734930,23
France,2024,66548530,0.17,109708,90527,42.1,1.64,122,82.1,54661663,0.82,8161972572,23
France,2025,66650804,0.15,102274,91737,42.3,1.64,122,82.5,55018724,0.81,8231613070,23
France,2026,66746401,0.14,95597,88533,42.5,1.64,122,83,55375164,0.8,8300678395,23
French Guiana,1955,25437,1.69,408,596,24,5.23,0,65.6,16687,0.00093,2740213792,204
French Guiana,1960,31084,4.09,1129,686,23.2,5.22,0,65.3,20285,0.001,3015470894,204
French Guiana,1965,38681,4.47,1519,979,20.9,5.18,0,66.1,25569,0.0012,3334533703,203
French Guiana,1970,46279,3.65,1520,396,20.8,4.72,1,69.8,32321,0.0013,3694683794,202
French Guiana,1975,54463,3.31,1637,1189,20.6,3.57,1,71.4,38862,0.0013,4070735277,201
French Guiana,1980,66349,4.03,2377,1202,22.2,3.35,1,71.4,47392,0.0015,4447606236,196
French Guiana,1985,86102,5.35,3951,3081,23.1,3.38,1,72.9,62799,0.0018,4868943465,195
French Guiana,1990,112686,5.53,5317,1547,23.3,3.74,1,76.7,86423,0.0021,5327803110,190
French Guiana,1995,134633,3.62,4389,1167,23.5,3.76,2,78.5,105731,0.0023,5758878982,190
French Guiana,2000,160620,3.59,5197,3600,23.3,3.96,2,80.4,129081,0.0026,6171702993,186
French Guiana,2005,202447,4.74,8365,3961,22.3,3.78,2,81.7,165336,0.0031,6586970132,185
French Guiana,2010,234565,2.99,6424,-826,22.2,3.43,3,82.8,194192,0.0033,7021732148,185
French Guiana,2015,266363,2.58,6360,-824,23.1,3.55,3,85.2,226996,0.0036,7470491872,184
French Guiana,2020,289055,1.65,4538,-4369,25.2,3.66,4,90.3,260877,0.0037,7887001292,182
French Guiana,2022,298306,1.59,4626,-1121,25.2,3.44,4,92.1,274839,0.0037,8021407192,183
French Guiana,2023,303402,1.71,5096,-1091,25.2,3.39,4,92.9,281920,0.0037,8091734930,183
French Guiana,2024,308522,1.69,5120,-1018,25.1,3.34,4,93.7,289079,0.0038,8161972572,183
French Guiana,2025,313666,1.67,5144,-909,25,3.29,4,94.5,296315,0.0038,8231613070,183
French Guiana,2026,318872,1.66,5206,-765,24.9,3.25,4,95.2,303638,0.0038,8300678395,183
French Polynesia,1955,73849,2.79,1901,90,17.1,6,20,35.1,25947,0.0027,2740213792,182
French Polynesia,1960,83671,2.53,1964,-957,16.9,5.93,23,39.5,33011,0.0028,3015470894,185
French Polynesia,1965,96017,2.79,2469,114,16.3,6,26,46.9,45017,0.0029,3334533703,184
French Polynesia,1970,114010,3.49,3599,542,15.8,5.63,31,53.5,60952,0.0031,3694683794,183
French Polynesia,1975,134045,3.29,4007,526,16.9,4.71,37,56.8,76088,0.0033,4070735277,183
French Polynesia,1980,156471,3.14,4485,1108,18,3.94,43,57.2,89513,0.0035,4447606236,182
French Polynesia,1985,180988,2.95,4903,-308,19.2,3.86,49,56.8,102731,0.0037,4868943465,180
French Polynesia,1990,203776,2.4,4558,-1105,20.5,3.43,56,56.3,114764,0.0038,5327803110,180
French Polynesia,1995,222118,1.74,3668,-1184,22.1,2.78,61,54.9,121881,0.0039,5758878982,180
French Polynesia,2000,240337,1.59,3644,-721,24.1,2.6,66,55.3,132975,0.0039,6171702993,182
French Polynesia,2005,259507,1.55,3834,-170,25.8,2.18,71,56.4,146349,0.0039,6586970132,182
French Polynesia,2010,270580,0.84,2215,-2917,27.7,2.17,74,59.7,161542,0.0039,7021732148,182
French Polynesia,2015,277866,0.53,1457,-1899,29.8,1.87,76,61.6,171288,0.0037,7470491872,183
French Polynesia,2020,279209,0.1,269,-1443,33,1.57,76,64.5,180188,0.0035,7887001292,186
French Polynesia,2022,280378,0.21,585,-1348,34.2,1.51,77,65.2,182677,0.0035,8021407192,186
French Polynesia,2023,281118,0.26,740,-1348,34.8,1.5,77,65.4,183719,0.0035,8091734930,186
French Polynesia,2024,281807,0.25,689,-1261,35.4,1.49,77,65.6,184825,0.0035,8161972572,186
French Polynesia,2025,282465,0.23,658,-1199,36.1,1.48,77,65.9,186114,0.0034,8231613070,186
French Polynesia,2026,283076,0.22,611,-1158,36.7,1.47,77,66.3,187620,0.0034,8300678395,185
Gabon,1955,488817,0.67,3195,0,26.9,4.07,2,14,68209,0.02,2740213792,149
Gabon,1960,512316,0.94,4700,0,26.2,4.42,2,17,86847,0.02,3015470894,152
Gabon,1965,546308,1.29,6798,0,24.9,4.79,2,23.2,126602,0.02,3334533703,152
Gabon,1970,595846,1.75,9908,1882,23.1,5.1,2,31.7,188838,0.02,3694683794,151
Gabon,1975,662197,2.13,13270,792,21.5,5.39,3,42.2,279190,0.02,4070735277,151
Gabon,1980,748389,2.48,17238,990,19.9,5.66,3,53.3,398719,0.02,4447606236,153
Gabon,1985,856726,2.74,21667,990,18.7,5.71,3,60.5,517989,0.02,4868943465,153
Gabon,1990,983734,2.8,25402,990,17.9,5.46,4,66.9,658385,0.02,5327803110,152
Gabon,1995,1123213,2.69,27896,1314,17.7,4.88,4,72.3,812399,0.02,5758878982,152
Gabon,2000,1275572,2.58,30472,3086,18.2,4.47,5,76.1,971091,0.02,6171702993,151
Gabon,2005,1463495,2.79,37585,8555,19.1,4.21,6,79.1,1156908,0.02,6586970132,149
Gabon,2010,1719879,3.28,51277,17274,20.2,4.15,7,81.6,1402919,0.02,7021732148,149
Gabon,2015,2040989,3.48,64222,12041,21.2,3.92,8,83.3,1700834,0.03,7470491872,148
Gabon,2020,2322539,2.62,56310,1506,21.5,3.83,9,83.4,1938139,0.03,7887001292,146
Gabon,2022,2430747,2.3,54104,987,21.5,3.71,9,83.6,2030901,0.03,8021407192,146
Gabon,2023,2484789,2.22,54042,987,21.5,3.65,10,83.6,2077770,0.03,8091734930,145
Gabon,2024,2538952,2.18,54163,1105,21.5,3.59,10,83.7,2124612,0.03,8161972572,145
Gabon,2025,2593130,2.13,54178,1116,21.5,3.54,10,83.7,2171202,0.03,8231613070,145
Gabon,2026,2647399,2.09,54269,1152,21.6,3.49,10,83.8,2217603,0.03,8300678395,145
Gambia,1955,348789,2.6,8411,2272,17.9,6.33,34,9.7,33939,0.01,2740213792,156
Gambia,1960,398060,2.68,9854,2272,18.3,6.25,39,11.2,44628,0.01,3015470894,156
Gambia,1965,455952,2.75,11578,2272,18.7,6.19,45,12.8,58255,0.01,3334533703,157
Gambia,1970,524105,2.83,13631,2777,18.4,6.26,52,16.6,87204,0.01,3694683794,157
Gambia,1975,606821,2.97,16543,2979,17.9,6.43,60,21,127275,0.01,4070735277,154
Gambia,1980,713913,3.3,21418,5268,17.2,6.41,71,24.1,171726,0.02,4447606236,154
Gambia,1985,858874,3.77,28992,8373,16.5,6.36,85,28.1,241730,0.02,4868943465,152
Gambia,1990,1054696,4.19,39164,11242,16.1,6.25,104,33.3,351250,0.02,5327803110,151
Gambia,1995,1264313,3.69,41923,-2797,15.7,5.99,125,36.6,462336,0.02,5758878982,150
Gambia,2000,1455084,2.85,38154,-3670,15.4,5.72,144,40.5,589663,0.02,6171702993,148
Gambia,2005,1667037,2.76,42391,-3209,15.7,5.71,165,45.1,751269,0.03,6586970132,148
Gambia,2010,1926630,2.94,51919,-2456,16.3,5.56,190,48.9,941876,0.03,7021732148,148
Gambia,2015,2224529,2.92,59580,-3224,16.9,5,220,52.7,1171281,0.03,7470491872,144
Gambia,2020,2515733,2.49,58241,-1949,17.6,4.25,249,57.1,1435308,0.03,7887001292,144
Gambia,2022,2636470,2.37,60369,-3000,18,4.08,261,58.8,1549970,0.03,8021407192,144
Gambia,2023,2697845,2.33,61375,-3000,18.2,4.01,267,59.6,1609155,0.03,8091734930,144
Gambia,2024,2759988,2.3,62143,-2989,18.4,3.91,273,60.5,1669536,0.03,8161972572,144
Gambia,2025,2822093,2.25,62105,-2984,18.6,3.8,279,61.3,1731095,0.03,8231613070,143
Gambia,2026,2884079,2.2,61986,-2894,18.8,3.7,285,62.2,1793794,0.03,8300678395,141
Georgia,1955,3734030,1.32,47318,11301,25.9,2.85,54,39.8,1487723,0.14,2740213792,82
Georgia,1960,4053800,1.66,63954,16740,26.6,2.94,58,42.6,1726097,0.13,3015470894,83
Georgia,1965,4429322,1.79,75104,18981,27.4,2.77,64,44.9,1990518,0.13,3334533703,84
Georgia,1970,4804055,1.64,74947,-1311,27.9,2.69,69,47.1,2262693,0.13,3694683794,83
Georgia,1975,4979409,0.72,35071,-9605,27.4,2.55,72,49.3,2453577,0.12,4070735277,90
Georgia,1980,5165546,0.74,37227,-12593,28,2.35,74,51,2634184,0.12,4447606236,92
Georgia,1985,5376896,0.81,42270,-15208,28.7,2.4,77,52.5,2824275,0.11,4868943465,94
Georgia,1990,5448868,0.27,14394,-108969,29.6,2.31,78,54.6,2977765,0.1,5327803110,96
Georgia,1995,4925743,-2,-104625,-130201,31.2,1.81,71,54.9,2702829,0.09,5758878982,106
Georgia,2000,4328358,-2.55,-119477,-135046,32.9,1.61,62,57.4,2485610,0.07,6171702993,117
Georgia,2005,4026131,-1.44,-60445,-31216,34.2,1.58,58,59.7,2405012,0.06,6586970132,125
Georgia,2010,3895925,-0.66,-26041,-36608,35.1,1.97,56,60.3,2350051,0.06,7021732148,127
Georgia,2015,3791573,-0.54,-20870,-13321,36.1,2.21,55,59.9,2270087,0.05,7470491872,131
Georgia,2020,3795678,0.02,821,-2738,36.5,1.98,55,61.1,2317778,0.05,7887001292,131
Georgia,2022,3794784,-0.01,-447,26999,36.6,1.82,55,61.6,2337041,0.05,8021407192,131
Georgia,2023,3807492,0.33,12708,2003,36.8,1.81,55,61.6,2344532,0.05,8091734930,131
Georgia,2024,3807670,0,178,1745,37,1.8,55,61.8,2351603,0.05,8161972572,131
Georgia,2025,3806671,-0.03,-999,1283,37.3,1.79,55,62,2358908,0.05,8231613070,131
Georgia,2026,3804642,-0.05,-2029,1215,37.6,1.78,55,62.2,2366369,0.05,8300678395,131
Germany,1955,70334152,0.14,97274,-83537,33.2,2.16,202,70.9,49855283,2.6,2740213792,7
Germany,1960,72811640,0.69,495498,212666,33.7,2.38,209,72,52406122,2.4,3015470894,7
Germany,1965,75966964,0.85,631065,338258,33.5,2.49,218,72.2,54869782,2.3,3334533703,8
Germany,1970,78205102,0.58,447628,-273498,33.2,2.02,224,72.6,56788207,2.1,3694683794,8
Germany,1975,78701865,0.13,99353,-207740,34.4,1.48,226,72.7,57225423,1.9,4070735277,8
Germany,1980,78315375,-0.1,-77298,324203,35.7,1.56,225,72.8,57036935,1.8,4447606236,10
Germany,1985,77863424,-0.12,-90390,103556,35.9,1.38,223,72.6,56509433,1.6,4868943465,11
Germany,1990,79707959,0.47,368907,679702,36.6,1.46,229,72.6,57849875,1.5,5327803110,12
Germany,1995,82019890,0.57,462386,398077,37.3,1.26,235,73.2,60054511,1.4,5758878982,12
Germany,2000,81797258,-0.05,-44526,174594,39,1.39,235,74.7,61087413,1.3,6171702993,12
Germany,2005,82046731,0.06,49895,81351,41,1.34,235,75.6,62053609,1.2,6586970132,13
Germany,2010,80830924,-0.3,-243161,130116,43.3,1.4,232,77,62261612,1.2,7021732148,16
Germany,2015,82077550,0.31,249325,1175283,44.8,1.5,235,76.9,63078413,1.1,7470491872,17
Germany,2020,83628708,0.38,310232,203468,44.9,1.53,240,76.4,63930305,1.1,7887001292,19
Germany,2022,84086227,0.27,228760,981552,45,1.46,241,76.3,64130933,1,8021407192,19
Germany,2023,84548231,0.55,462004,609553,45.1,1.44,243,75.9,64200283,1,8091734930,19
Germany,2024,84552242,0,4011,36954,45.3,1.45,243,76,64268012,1,8161972572,19
Germany,2025,84075075,-0.56,-477167,-334072,45.5,1.46,241,76.5,64345635,1,8231613070,19
Germany,2026,83644258,-0.51,-430817,158442,45.7,1.46,240,77,64436188,1,8300678395,19
Ghana,1955,5914923,3.09,166852,9574,17.8,6.82,26,18.3,1084305,0.22,2740213792,66
Ghana,1960,6961215,3.31,209258,12181,16.7,6.89,31,22.2,1546791,0.23,3015470894,64
Ghana,1965,7882606,2.52,184278,-38519,15.4,6.88,35,25.5,2009926,0.24,3334533703,62
Ghana,1970,8925813,2.52,208641,-10233,14.9,6.95,39,27.9,2489533,0.24,3694683794,58
Ghana,1975,10294308,2.89,273699,-292,14.8,6.76,45,28.7,2954226,0.25,4070735277,55
Ghana,1980,11941448,3.01,329428,-13564,15.6,6.47,52,28.2,3366222,0.27,4447606236,53
Ghana,1985,13661229,2.73,343956,-106855,16,6.12,60,30.6,4183103,0.28,4868943465,52
Ghana,1990,15394648,2.42,346684,-46789,16.1,5.74,68,34.6,5330699,0.29,5327803110,51
Ghana,1995,17399017,2.48,400874,-42558,16.5,5.11,76,38.7,6727643,0.3,5758878982,50
Ghana,2000,19637087,2.45,447614,-4206,17.3,4.83,86,42.4,8319630,0.32,6171702993,49
Ghana,2005,22449438,2.71,562470,21272,18.3,4.5,99,45.4,10191110,0.34,6586970132,49
Ghana,2010,25474995,2.56,605111,-3726,19.2,4.18,112,48.8,12430779,0.36,7021732148,47
Ghana,2015,28696068,2.41,644215,-13306,19.8,3.98,126,52,14918455,0.38,7470491872,47
Ghana,2020,31887809,2.13,638348,-291,20.4,3.54,140,55.3,17625567,0.4,7887001292,46
Ghana,2022,33149152,1.96,630672,-10003,20.7,3.43,146,56.6,18767205,0.41,8021407192,46
Ghana,2023,33787914,1.93,638762,-10003,20.9,3.4,148,57.3,19350121,0.42,8091734930,46
Ghana,2024,34427414,1.89,639500,-13114,21.1,3.34,151,57.9,19940842,0.42,8161972572,46
Ghana,2025,35064272,1.85,636858,-17079,21.3,3.3,154,58.6,20539206,0.43,8231613070,46
Ghana,2026,35697557,1.81,633285,-24195,21.6,3.26,157,59.2,21144996,0.43,8300678395,46
Gibraltar,1955,21785,0.12,26,-203,31,2.73,2179,,,0.0008,2740213792,206
Gibraltar,1960,21839,0.05,11,-338,31.7,3.1,2184,,,0.00072,3015470894,207
Gibraltar,1965,23878,1.8,408,149,30.3,3.99,2388,,,0.00072,3334533703,207
Gibraltar,1970,26634,2.21,551,108,29.5,2.95,2663,,,0.00072,3694683794,208
Gibraltar,1975,27951,0.97,263,-121,29.3,2.53,2795,,,0.00069,4070735277,208
Gibraltar,1980,28675,0.51,145,-259,30.7,2.57,2868,,,0.00064,4447606236,210
Gibraltar,1985,28512,-0.11,-33,-451,32.3,2.37,2851,,,0.00059,4868943465,212
Gibraltar,1990,27200,-0.94,-262,-621,34.4,2.39,2720,,,0.00051,5327803110,215
Gibraltar,1995,27377,0.13,35,-115,35.5,2.33,2738,,,0.00048,5758878982,216
Gibraltar,2000,27709,0.24,66,-204,36.8,2.19,2771,,,0.00045,6171702993,216
Gibraltar,2005,29163,1.03,291,328,37.8,1.75,2916,,,0.00044,6586970132,216
Gibraltar,2010,31248,1.39,417,255,38.4,1.95,3125,,,0.00045,7021732148,216
Gibraltar,2015,33193,1.21,389,171,39.1,2.07,3319,,,0.00044,7470491872,219
Gibraltar,2020,36173,1.73,596,514,39.1,1.91,3617,96.8,35000,0.00046,7887001292,217
Gibraltar,2022,37609,1.97,718,613,38.9,1.9,3761,93.7,35233,0.00047,8021407192,217
Gibraltar,2023,38471,2.29,862,689,38.9,1.89,3847,91.8,35327,0.00048,8091734930,217
Gibraltar,2024,39329,2.23,858,598,38.8,1.89,3933,90.1,35417,0.00048,8161972572,215
Gibraltar,2025,40126,2.03,797,549,38.8,1.88,4013,88.5,35501,0.00049,8231613070,214
Gibraltar,2026,40867,1.85,741,480,38.8,1.88,4087,87.1,35588,0.00049,8300678395,213
Greece,1955,7984711,0.86,66726,-22043,26,2.42,62,54.3,4332425,0.29,2740213792,50
Greece,1960,8384492,0.98,79956,-15996,27.5,2.29,65,55.2,4626936,0.28,3015470894,50
Greece,1965,8521363,0.32,27374,-81576,30,2.33,66,59.5,5067678,0.26,3334533703,58
Greece,1970,8747776,0.53,45283,-54166,32.3,2.44,68,63.6,5561283,0.24,3694683794,60
Greece,1975,9016967,0.61,53838,61265,32.8,2.42,70,66.9,6031206,0.22,4070735277,62
Greece,1980,9653414,1.37,127289,47460,32.8,2.3,75,69.2,6680878,0.22,4447606236,61
Greece,1985,10037037,0.78,76725,16093,33.5,1.74,78,70.1,7034015,0.21,4868943465,63
Greece,1990,10258487,0.44,44290,26294,35,1.47,80,71.4,7324309,0.19,5327803110,67
Greece,1995,10519235,0.5,52150,42674,36,1.39,82,74,7781147,0.18,5758878982,66
Greece,2000,10782635,0.5,52680,54661,37,1.33,84,75.1,8102077,0.17,6171702993,72
Greece,2005,10981334,0.37,39740,33297,38.3,1.36,85,76.6,8413925,0.17,6586970132,74
Greece,2010,11124670,0.26,28667,2001,40.3,1.49,86,78.5,8732440,0.16,7021732148,76
Greece,2015,10820903,-0.55,-60753,-43462,42.7,1.33,84,80.9,8755057,0.14,7470491872,84
Greece,2020,10699369,-0.23,-24307,6353,44.3,1.39,83,82.7,8850409,0.14,7887001292,86
Greece,2022,10412480,-1.35,-143445,-53997,45.4,1.31,81,85.2,8875185,0.13,8021407192,91
Greece,2023,10242908,-1.63,-169572,-159430,45.7,1.33,79,86.7,8883362,0.13,8091734930,95
Greece,2024,10047817,-1.9,-195091,-122772,46.3,1.34,78,88.5,8890346,0.12,8161972572,95
Greece,2025,9938844,-1.08,-108973,16636,46.8,1.34,77,89.5,8897137,0.12,8231613070,95
Greece,2026,9897115,-0.42,-41729,14649,47.1,1.34,77,90,8903829,0.12,8300678395,96
Greenland,1955,26261,2.5,610,-5,17.7,6.27,0,52.9,13905,0.00096,2740213792,203
Greenland,1960,32105,4.1,1169,234,17.2,6.69,0,57,18285,0.0011,3015470894,203
Greenland,1965,38556,3.73,1290,63,16.6,6.42,0,65,25075,0.0012,3334533703,204
Greenland,1970,45465,3.35,1382,518,18.1,3.54,0,73.7,33516,0.0012,3694683794,203
Greenland,1975,49172,1.58,741,22,20.3,2.33,0,75,36887,0.0012,4070735277,203
Greenland,1980,50111,0.38,188,4,22.8,2.35,0,76.2,38197,0.0011,4447606236,204
Greenland,1985,53211,1.21,620,-157,24.8,2.17,0,77.9,41468,0.0011,4868943465,204
Greenland,1990,55630,0.89,484,-648,26.8,2.42,0,79.7,44315,0.001,5327803110,204
Greenland,1995,55840,0.08,42,-433,28.8,2.51,0,80.9,45152,0.00097,5758878982,205
Greenland,2000,56209,0.13,74,-229,31.1,2.35,0,81.6,45839,0.00091,6171702993,207
Greenland,2005,56950,0.26,148,-476,32.5,2.33,0,82.9,47188,0.00086,6586970132,206
Greenland,2010,56614,-0.12,-67,-46,32.5,2.24,0,84.4,47793,0.00081,7021732148,205
Greenland,2015,56021,-0.21,-119,-315,33.1,2.08,0,86.6,48524,0.00075,7470491872,206
Greenland,2020,56080,0.02,12,-328,33.6,2,0,88.4,49552,0.00071,7887001292,206
Greenland,2022,55990,-0.08,-45,-323,33.9,1.97,0,89.3,49999,0.0007,8021407192,206
Greenland,2023,55922,-0.12,-68,-318,34.2,1.95,0,89.8,50205,0.00069,8091734930,206
Greenland,2024,55840,-0.15,-82,-284,34.6,1.93,0,90.3,50396,0.00068,8161972572,206
Greenland,2025,55745,-0.17,-95,-265,35.1,1.91,0,90.7,50575,0.00068,8231613070,207
Greenland,2026,55629,-0.21,-116,-249,35.5,1.9,0,91.2,50725,0.00067,8300678395,207
Grenada,1955,83635,1.6,1275,-748,15.1,6.43,246,28.5,23825,0.0031,2740213792,179
Grenada,1960,94058,2.38,2085,-2255,15.1,6.74,277,29,27259,0.0031,3015470894,178
Grenada,1965,98067,0.84,802,-3221,15.4,5.6,288,30.2,29579,0.0029,3334533703,182
Grenada,1970,98414,0.07,69,-2566,15.4,4.46,289,30.9,30416,0.0027,3694683794,186
Grenada,1975,98126,-0.06,-58,-2651,16.7,3.75,289,30.7,30102,0.0024,4070735277,189
Grenada,1980,94538,-0.74,-718,-2864,18.1,3.3,278,31,29293,0.0021,4447606236,193
Grenada,1985,96111,0.33,315,-1555,20.5,3.48,283,34.5,33146,0.002,4868943465,193
Grenada,1990,99957,0.79,769,-1088,22.6,3.06,294,32.2,32184,0.0019,5327803110,194
Grenada,1995,103869,0.77,782,-856,23.6,2.82,305,33.3,34558,0.0018,5758878982,195
Grenada,2000,107451,0.68,716,-376,23.4,2.44,316,33.8,36276,0.0017,6171702993,195
Grenada,2005,109734,0.42,457,-672,25,2.24,323,33.7,36954,0.0017,6586970132,194
Grenada,2010,111586,0.34,370,-665,27.5,2.04,328,33.6,37543,0.0016,7021732148,192
Grenada,2015,114676,0.55,618,-181,29.5,1.72,337,33.5,38453,0.0015,7470491872,193
Grenada,2020,116341,0.29,333,0,31.9,1.53,342,34.3,39938,0.0015,7887001292,194
Grenada,2022,116913,0.25,286,-190,32.9,1.5,344,34.7,40618,0.0015,8021407192,194
Grenada,2023,117081,0.14,168,-190,33.4,1.49,344,35,40971,0.0014,8091734930,194
Grenada,2024,117207,0.11,126,-192,33.9,1.47,345,35.3,41327,0.0014,8161972572,194
Grenada,2025,117303,0.08,96,-185,34.4,1.46,345,35.5,41685,0.0014,8231613070,194
Grenada,2026,117362,0.05,59,-199,34.9,1.45,345,35.8,42048,0.0014,8300678395,194
Guadeloupe,1955,244781,2.58,5853,-127,18,5.77,145,45.8,112074,0.0089,2740213792,163
Guadeloupe,1960,279427,2.68,6929,-92,17.3,5.77,165,58.5,163550,0.0093,3015470894,163
Guadeloupe,1965,304563,1.74,5027,-3973,17.1,5.59,180,69.4,211231,0.0091,3334533703,164
Guadeloupe,1970,318111,0.87,2710,-6068,17.8,4.76,188,79.7,253488,0.0086,3694683794,165
Guadeloupe,1975,322457,0.27,869,-3171,19.3,3.75,191,87.4,281806,0.0079,4070735277,166
Guadeloupe,1980,331211,0.54,1751,-3478,21.5,2.47,196,90.7,300475,0.0074,4447606236,168
Guadeloupe,1985,354894,1.39,4737,2188,23.8,2.43,210,94.6,335697,0.0073,4868943465,169
Guadeloupe,1990,388813,1.84,6784,423,26.2,2.24,230,95.6,371885,0.0073,5327803110,168
Guadeloupe,1995,410184,1.08,4274,-978,28.4,2.12,243,96,393796,0.0071,5758878982,169
Guadeloupe,2000,419567,0.45,1877,-6167,32.2,2.22,248,99.6,417852,0.0068,6171702993,173
Guadeloupe,2005,408077,-0.55,-2298,-6563,34.4,2.3,241,,,0.0062,6586970132,173
Guadeloupe,2010,408812,0.04,147,-2639,36.9,2.14,242,,,0.0058,7021732148,174
Guadeloupe,2015,403950,-0.24,-972,-5189,40.3,2.18,239,,,0.0054,7470491872,176
Guadeloupe,2020,407394,0.17,689,-3508,44.4,2.17,241,,,0.0052,7887001292,176
Guadeloupe,2022,384697,-2.83,-11349,-15460,45.9,2.11,228,,,0.0048,8021407192,178
Guadeloupe,2023,376517,-2.13,-8180,-2192,46.6,2.09,223,,,0.0047,8091734930,179
Guadeloupe,2024,375106,-0.37,-1411,-1765,46.9,2.07,222,,,0.0046,8161972572,179
Guadeloupe,2025,373791,-0.35,-1315,-1587,47.2,2.05,221,,,0.0045,8231613070,179
Guadeloupe,2026,372453,-0.36,-1338,-1442,47.4,2.04,220,,,0.0045,8300678395,179
Guam,1955,64078,1.06,660,-1015,22.9,6.21,119,44.6,28605,0.0023,2740213792,188
Guam,1960,69525,1.65,1089,-343,20.2,5.97,129,48.1,33469,0.0023,3015470894,187
Guam,1965,78932,2.57,1881,-72,18.1,5.14,146,52.7,41567,0.0024,3334533703,187
Guam,1970,88365,2.28,1887,-149,19.5,4.34,164,58.8,51936,0.0024,3694683794,188
Guam,1975,99057,2.31,2138,-356,19.9,3.66,183,78.8,78072,0.0024,4070735277,188
Guam,1980,110141,2.14,2217,225,21.3,3.04,204,88.6,97627,0.0025,4447606236,188
Guam,1985,124117,2.42,2795,164,22.4,2.9,230,86.7,107641,0.0025,4868943465,188
Guam,1990,138610,2.23,2899,-438,24.1,3.02,257,85.5,118472,0.0026,5327803110,187
Guam,1995,150054,1.6,2289,-919,25.3,3.04,278,89.3,133996,0.0026,5758878982,187
Guam,2000,160065,1.3,2002,-1501,26.4,2.92,296,90.4,144657,0.0026,6171702993,187
Guam,2005,164365,0.53,860,-1942,27.4,2.64,304,90.2,148314,0.0025,6586970132,189
Guam,2010,166522,0.26,431,-2450,28,2.97,308,90.1,150035,0.0024,7021732148,190
Guam,2015,164905,-0.19,-323,-2937,29.6,2.93,305,92.8,152953,0.0022,7470491872,191
Guam,2020,162158,-0.34,-549,-244,30.8,2.9,300,98.8,160185,0.0021,7887001292,191
Guam,2022,165180,0.93,1511,-500,31,2.82,306,98.7,163047,0.0021,8021407192,191
Guam,2023,166506,0.8,1326,-500,31.1,2.78,308,98.7,164397,0.0021,8091734930,191
Guam,2024,167777,0.76,1271,-504,31.3,2.75,311,98.8,165722,0.0021,8161972572,191
Guam,2025,168999,0.73,1222,-493,31.5,2.71,313,98.8,167029,0.0021,8231613070,191
Guam,2026,170185,0.7,1186,-471,31.6,2.68,315,98.9,168318,0.0021,8300678395,191
Guatemala,1955,3533307,2.67,87222,-1825,16.3,6.95,33,28.7,1014803,0.13,2740213792,84
Guatemala,1960,4063655,2.84,106070,-186,15.6,7,38,32.2,1310429,0.13,3015470894,82
Guatemala,1965,4704965,2.97,128262,-681,15.5,6.84,44,35.2,1655162,0.14,3334533703,78
Guatemala,1970,5396966,2.78,138400,-14755,15.7,6.6,50,37,1998290,0.15,3694683794,78
Guatemala,1975,6128731,2.58,146353,-42329,15.8,6.41,57,39,2388548,0.15,4070735277,78
Guatemala,1980,6900212,2.4,154296,-43144,16,6.17,64,40.9,2820471,0.16,4447606236,77
Guatemala,1985,7849693,2.61,189896,-24991,16,5.73,73,42.4,3324620,0.16,4868943465,77
Guatemala,1990,9024773,2.83,235016,-27735,16,5.48,84,43.1,3890023,0.17,5327803110,75
Guatemala,1995,10312996,2.7,257645,-39917,16.2,5.11,96,44.1,4543736,0.18,5758878982,69
Guatemala,2000,11697592,2.55,276919,-65197,16.6,4.58,109,45.1,5281459,0.19,6171702993,67
Guatemala,2005,13087629,2.27,278007,-49636,17.4,3.97,122,46.9,6143708,0.2,6586970132,68
Guatemala,2010,14500112,2.07,282497,-36076,18.6,3.38,135,48.8,7081513,0.21,7021732148,69
Guatemala,2015,15971743,1.95,294326,-48179,20,3.03,149,50.8,8121457,0.21,7470491872,69
Guatemala,2020,17357325,1.68,277116,-23927,21.6,2.47,162,53.5,9284293,0.22,7887001292,69
Guatemala,2022,17847877,1.4,245276,-8463,22.2,2.34,167,54.8,9783810,0.22,8021407192,69
Guatemala,2023,18124838,1.55,276961,-8940,22.6,2.31,169,55.4,10040727,0.22,8091734930,69
Guatemala,2024,18406359,1.55,281521,-7725,23,2.29,172,56,10302289,0.23,8161972572,70
Guatemala,2025,18687881,1.53,281522,-7959,23.4,2.26,174,56.6,10568383,0.23,8231613070,70
Guatemala,2026,18967978,1.5,280097,-7432,23.8,2.23,177,57.1,10838933,0.23,8300678395,69
Guinea,1955,3267860,1.64,50937,0,20,6.04,13,8.5,278619,0.12,2740213792,88
Guinea,1960,3556749,1.71,57778,0,19.6,6.11,14,10.5,374618,0.12,3015470894,91
Guinea,1965,3890716,1.81,66793,0,19.2,6.18,16,12.9,503254,0.12,3334533703,91
Guinea,1970,4277535,1.91,77364,-6906,18.9,6.24,17,15.8,674210,0.12,3694683794,94
Guinea,1975,4653876,1.7,75268,-26221,18.4,6.37,19,18.3,851729,0.11,4070735277,93
Guinea,1980,5047419,1.64,78709,-25287,17.7,6.46,21,21.1,1065557,0.11,4447606236,94
Guinea,1985,5610373,2.14,112591,-6965,17.4,6.53,23,24.1,1353622,0.12,4868943465,92
Guinea,1990,6434374,2.78,164800,107641,17.2,6.51,26,26.3,1693072,0.12,5327803110,92
Guinea,1995,7553249,3.26,223775,18021,17,6.29,31,30.7,2320034,0.13,5758878982,89
Guinea,2000,8428832,2.22,175117,-77450,16.4,5.92,34,32.3,2719112,0.14,6171702993,86
Guinea,2005,9245844,1.87,163402,-71015,16,5.73,38,33.8,3122424,0.14,6586970132,84
Guinea,2010,10396086,2.37,230048,-31327,16.3,5.43,42,35,3635259,0.15,7021732148,81
Guinea,2015,11767070,2.51,274197,-15117,16.9,5,48,36.1,4249131,0.16,7470491872,75
Guinea,2020,13371183,2.59,320823,-4365,17.6,4.49,54,37.9,5070656,0.17,7887001292,75
Guinea,2022,14055137,2.53,341977,-3997,17.8,4.3,57,38.8,5452425,0.18,8021407192,75
Guinea,2023,14405468,2.49,350331,-3997,18,4.22,59,39.3,5654534,0.18,8091734930,75
Guinea,2024,14754785,2.42,349317,-12024,18.1,4.13,60,39.7,5864528,0.18,8161972572,75
Guinea,2025,15099727,2.34,344942,-16282,18.3,4.04,61,40.3,6082701,0.18,8231613070,75
Guinea,2026,15441993,2.27,342266,-19725,18.5,3.96,63,40.9,6309155,0.19,8300678395,75
Guinea-Bissau,1955,564068,0.74,4088,-7150,21.2,5.89,20,11.9,67249,0.02,2740213792,146
Guinea-Bissau,1960,577633,0.48,2713,-8007,22,5.92,21,14.5,83832,0.02,3015470894,148
Guinea-Bissau,1965,575005,-0.09,-526,-19928,19.7,5.97,20,16.3,93635,0.02,3334533703,150
Guinea-Bissau,1970,584403,0.32,1880,1123,18,6.04,21,18.4,107712,0.02,3694683794,153
Guinea-Bissau,1975,650966,2.18,13313,28645,17.7,6.15,23,19.1,124163,0.02,4070735277,153
Guinea-Bissau,1980,829303,4.96,35667,-8086,16.6,6.49,29,17.2,142580,0.02,4447606236,151
Guinea-Bissau,1985,897697,1.6,13679,-8812,16,6.74,32,23.8,213223,0.02,4868943465,151
Guinea-Bissau,1990,973669,1.64,15194,-8151,15.9,6.5,35,32.1,312082,0.02,5327803110,153
Guinea-Bissau,1995,1119949,2.84,29256,-4376,16.1,6.22,40,34.9,390837,0.02,5758878982,153
Guinea-Bissau,2000,1234741,1.97,22958,-6971,16.3,5.79,44,36.5,450585,0.02,6171702993,152
Guinea-Bissau,2005,1381585,2.27,29369,-4662,16.7,5.46,49,38.1,526889,0.02,6586970132,150
Guinea-Bissau,2010,1566347,2.54,36952,-2257,17.1,5.11,56,39.8,624074,0.02,7021732148,151
Guinea-Bissau,2015,1786457,2.66,44022,-1393,17.6,4.66,64,41.7,745799,0.02,7470491872,151
Guinea-Bissau,2020,2013255,2.42,45360,-1394,18.4,4.08,72,43.9,884232,0.03,7887001292,149
Guinea-Bissau,2022,2105529,2.27,46137,-1400,18.7,3.91,75,44.8,944058,0.03,8021407192,149
Guinea-Bissau,2023,2153339,2.27,47810,-1400,18.9,3.84,77,45.3,974902,0.03,8091734930,148
Guinea-Bissau,2024,2201352,2.23,48013,-1712,19.2,3.76,78,45.7,1006379,0.03,8161972572,148
Guinea-Bissau,2025,2249515,2.19,48163,-1373,19.4,3.68,80,46.2,1038474,0.03,8231613070,148
Guinea-Bissau,2026,2297808,2.15,48293,-1893,19.6,3.62,82,46.6,1071190,0.03,8300678395,148
Guyana,1955,484363,2.99,13265,1267,16.9,6.22,2,28.4,137627,0.02,2740213792,151
Guyana,1960,569143,3.28,16956,-3837,15.6,6.33,3,29.1,165880,0.02,3015470894,149
Guyana,1965,635128,2.22,13197,-5347,15,6.13,3,30,190403,0.02,3334533703,147
Guyana,1970,702705,2.04,13515,-8439,15.3,5.41,4,29.5,207428,0.02,3694683794,148
Guyana,1975,745393,1.19,8538,-11231,16.1,4.45,4,30,223507,0.02,4070735277,149
Guyana,1980,774367,0.77,5795,-13952,17.1,3.77,4,30.7,237849,0.02,4447606236,152
Guyana,1985,771477,-0.07,-578,-20337,18.6,3.47,4,30,231388,0.02,4868943465,154
Guyana,1990,749894,-0.57,-4317,-20930,19.9,3.18,4,29.3,219893,0.01,5327803110,158
Guyana,1995,758388,0.23,1699,-13614,20.6,3.24,4,29.2,221814,0.01,5758878982,158
Guyana,2000,764832,0.17,1289,-14090,21.2,3.06,4,28.3,216152,0.01,6171702993,157
Guyana,2005,760914,-0.1,-784,-12290,22.1,2.65,4,27.5,208931,0.01,6586970132,163
Guyana,2010,749256,-0.31,-2332,-13655,23.2,2.68,4,26.5,198836,0.01,7021732148,163
Guyana,2015,758781,0.25,1905,-6527,23.7,2.67,4,26.8,203204,0.01,7470491872,163
Guyana,2020,807481,1.25,9740,-1743,24.8,2.49,4,26.2,211821,0.01,7887001292,163
Guyana,2022,821637,0.87,7078,-6161,25.3,2.44,4,26.3,215949,0.01,8021407192,164
Guyana,2023,826353,0.57,4716,-6161,25.6,2.41,4,26.4,218143,0.01,8091734930,164
Guyana,2024,831087,0.57,4734,-5407,25.9,2.4,4,26.5,220416,0.01,8161972572,164
Guyana,2025,835986,0.59,4899,-5092,26.2,2.37,4,26.6,222762,0.01,8231613070,165
Guyana,2026,840890,0.59,4904,-4787,26.5,2.35,4,26.8,225177,0.01,8300678395,165
Haiti,1955,3533744,1.59,53607,-15614,18.5,6.23,128,13.7,484645,0.13,2740213792,83
Haiti,1960,3858443,1.77,64940,-15862,18.5,6.18,140,15.6,602843,0.13,3015470894,85
Haiti,1965,4223820,1.83,73075,-17404,18.4,6.13,153,17.8,750874,0.13,3334533703,87
Haiti,1970,4635124,1.88,82261,-18425,18.3,5.91,168,20.1,930532,0.13,3694683794,85
Haiti,1975,5099086,1.93,92792,-20074,18.3,5.75,185,20.6,1048848,0.13,4070735277,86
Haiti,1980,5614493,1.94,103081,-22900,18.2,5.56,204,20.8,1168529,0.13,4447606236,89
Haiti,1985,6190862,1.97,115274,-24887,18,5.5,225,24,1485033,0.13,4868943465,90
Haiti,1990,6854441,2.06,132716,-26075,17.8,5.41,249,29.5,2024145,0.13,5327803110,90
Haiti,1995,7562546,1.99,141621,-27826,17.9,4.88,274,33.7,2548498,0.13,5758878982,88
Haiti,2000,8303151,1.89,148121,-27075,18.4,4.39,301,36.7,3043515,0.13,6171702993,87
Haiti,2005,9061273,1.76,151624,-26276,19.2,3.83,329,43.6,3949718,0.14,6586970132,86
Haiti,2010,9803294,1.59,148404,-28416,20.3,3.5,356,48.5,4750682,0.14,7021732148,86
Haiti,2015,10523242,1.43,143990,-32669,21.5,3.11,382,53.4,5615518,0.14,7470491872,86
Haiti,2020,11243848,1.33,144121,-33850,22.8,2.8,408,57.7,6491525,0.14,7887001292,82
Haiti,2022,11503606,1.15,129879,-32220,23.3,2.7,417,59.4,6836630,0.14,8021407192,82
Haiti,2023,11637398,1.16,133792,-31786,23.5,2.66,422,60.2,7007289,0.14,8091734930,82
Haiti,2024,11772557,1.16,135159,-31747,23.8,2.63,427,61,7176312,0.14,8161972572,82
Haiti,2025,11906095,1.13,133538,-32052,24.1,2.59,432,61.7,7343428,0.14,8231613070,82
Haiti,2026,12037506,1.1,131411,-31968,24.3,2.55,437,62.4,7508428,0.15,8300678395,82
Holy See,1955,911,0.69,6,0,23.8,1,2278,99.7,908,3.3e-05,2740213792,234
Holy See,1960,918,0.15,1,0,26.8,1,2295,98.7,906,3e-05,3015470894,234
Holy See,1965,887,-0.68,-6,-37,29.7,1,2218,96.3,854,2.7e-05,3334533703,234
Holy See,1970,745,-3.43,-28,0,33.4,1,1863,86.4,644,2e-05,3694683794,234
Holy See,1975,733,-0.32,-2,0,36.5,1,1833,99.3,728,1.8e-05,4070735277,234
Holy See,1980,743,0.27,2,0,40.1,1,1858,97.4,724,1.7e-05,4447606236,234
Holy See,1985,732,-0.3,-2,0,43.1,1,1830,,,1.5e-05,4868943465,234
Holy See,1990,726,-0.16,-1,0,46.5,1,1815,,,1.4e-05,5327803110,234
Holy See,1995,705,-0.59,-4,0,49.9,1,1763,,,1.2e-05,5758878982,234
Holy See,2000,691,-0.4,-3,0,53.7,1,1728,,,1.1e-05,6171702993,234
Holy See,2005,659,-0.94,-6,0,57.2,1,1648,,,1e-05,6586970132,234
Holy See,2010,621,-1.18,-8,0,61,1,1553,,,8.8e-06,7021732148,234
Holy See,2015,572,-1.63,-10,0,60.8,1,1430,,,7.7e-06,7470491872,234
Holy See,2020,528,-1.59,-9,0,60.3,1,1320,,,6.7e-06,7887001292,234
Holy See,2022,506,-2.11,-11,0,59.9,1,1265,,,6.3e-06,8021407192,234
Holy See,2023,496,-1.98,-10,0,59.6,1,1240,,,6.1e-06,8091734930,234
Holy See,2024,496,0,0,18,58.7,1,1240,,,6.1e-06,8161972572,234
Holy See,2025,501,1.01,5,13,57.4,1,1253,,,6.1e-06,8231613070,234
Holy See,2026,506,1,5,13,56.2,1,1265,,,6.1e-06,8300678395,234
Honduras,1955,1789390,2.8,46090,-1248,16.6,7.51,16,19.8,354938,0.07,2740213792,117
Honduras,1960,2062060,2.88,54534,-4085,15.5,7.46,18,22.5,463736,0.07,3015470894,117
Honduras,1965,2377157,2.88,63019,-7161,14.9,7.44,21,25.4,603016,0.07,3334533703,115
Honduras,1970,2750715,2.96,74712,-8751,14.9,7.17,25,28.5,785165,0.07,3694683794,114
Honduras,1975,3193234,3.03,88504,-11855,15,6.87,29,31.7,1012497,0.08,4070735277,111
Honduras,1980,3727173,3.14,106788,-15445,15.2,6.42,33,34.4,1282631,0.08,4447606236,109
Honduras,1985,4323342,3.01,119234,-17778,15.4,5.82,39,37.4,1615507,0.09,4868943465,106
Honduras,1990,4980488,2.87,131429,-15351,15.7,5.27,45,40.3,2004930,0.09,5327803110,103
Honduras,1995,5739637,2.88,151830,-14707,16.1,4.83,51,42.7,2451508,0.1,5758878982,98
Honduras,2000,6577773,2.76,167627,-10757,17,4.29,59,45.1,2965811,0.11,6171702993,96
Honduras,2005,7478355,2.6,180116,-6190,18,3.58,67,47.9,3582399,0.11,6586970132,96
Honduras,2010,8365878,2.27,177505,-5419,19.3,3.08,75,50.8,4251823,0.12,7021732148,93
Honduras,2015,9237305,2,174285,-6509,20.9,2.75,83,53.5,4943275,0.12,7470491872,94
Honduras,2020,10119640,1.84,176467,-6199,22.6,2.58,90,56,5672054,0.13,7887001292,92
Honduras,2022,10463872,1.69,172116,-5374,23.2,2.52,94,57.1,5970360,0.13,8021407192,89
Honduras,2023,10644851,1.73,180979,-5044,23.5,2.5,95,57.5,6120360,0.13,8091734930,88
Honduras,2024,10825703,1.7,180852,-4821,23.9,2.48,97,57.9,6270666,0.13,8161972572,88
Honduras,2025,11005850,1.66,180147,-4778,24.2,2.45,98,58.3,6421078,0.13,8231613070,87
Honduras,2026,11184760,1.63,178910,-4603,24.6,2.42,100,58.8,6571435,0.13,8300678395,87
Hong Kong,1955,2478198,4.61,99971,36618,22.9,4.55,2360,85.6,2121568,0.09,2740213792,105
Hong Kong,1960,3094840,4.54,123328,20811,22.2,5.08,2947,84.4,2611539,0.1,3015470894,97
Hong Kong,1965,3855421,4.49,152116,131205,20,4.92,3672,78.2,3015435,0.12,3334533703,92
Hong Kong,1970,3739916,-0.61,-23101,302462,19.3,3.39,3562,90.9,3397839,0.1,3694683794,98
Hong Kong,1975,4438378,3.48,139692,49994,22.2,2.63,4227,85.6,3799487,0.11,4070735277,97
Hong Kong,1980,4962484,2.26,104821,45107,24.5,2.06,4726,90.6,4496588,0.11,4447606236,96
Hong Kong,1985,5393122,1.68,86128,24606,27,1.5,5136,92,4959721,0.11,4868943465,93
Hong Kong,1990,5560597,0.61,33495,-26077,29.9,1.28,5296,,,0.1,5327803110,95
Hong Kong,1995,6177104,2.13,123301,88352,32.6,1.3,5883,99.4,6140101,0.11,5758878982,94
Hong Kong,2000,6704664,1.65,105512,58755,35,1.03,6385,99.4,6663654,0.11,6171702993,95
Hong Kong,2005,6908486,0.6,40764,-1488,37.7,0.96,6580,98.8,6827761,0.1,6586970132,99
Hong Kong,2010,7101617,0.55,38626,8307,39.9,1.12,6763,98.9,7025221,0.1,7021732148,102
Hong Kong,2015,7366409,0.73,52958,10547,41.7,1.23,7016,98.4,7245701,0.1,7470491872,102
Hong Kong,2020,7490235,0.33,24765,-1800,44.4,0.89,7134,,,0.09,7887001292,103
Hong Kong,2022,7465915,-0.16,-12160,-3427,45.6,0.71,7110,,,0.09,8021407192,104
Hong Kong,2023,7442734,-0.31,-23181,-3427,46.2,0.72,7088,,,0.09,8091734930,104
Hong Kong,2024,7414909,-0.37,-27825,-19272,46.8,0.73,7062,,,0.09,8161972572,105
Hong Kong,2025,7396076,-0.25,-18833,17863,47.4,0.73,7044,,,0.09,8231613070,106
Hong Kong,2026,7378602,-0.24,-17474,-12576,47.9,0.75,7027,,,0.09,8300678395,107
Hungary,1955,9823207,1.02,97065,2997,29.8,2.82,109,54.5,5350076,0.36,2740213792,38
Hungary,1960,9983374,0.32,32033,-1108,31.1,2.02,110,56,5591700,0.33,3015470894,42
Hungary,1965,10141119,0.31,31549,-537,32.5,1.82,112,58.2,5900836,0.3,3334533703,45
Hungary,1970,10315143,0.34,34805,-96,33.1,1.98,114,60.4,6231447,0.28,3694683794,51
Hungary,1975,10515652,0.39,40102,-335,33.3,2.36,116,62.3,6551191,0.26,4070735277,54
Hungary,1980,10695367,0.34,35943,-17795,33.2,1.92,118,64.5,6903538,0.24,4447606236,56
Hungary,1985,10547265,-0.28,-29620,-15890,34.1,1.85,117,65.2,6878423,0.22,4868943465,58
Hungary,1990,10381281,-0.32,-33197,16991,35.3,1.86,115,65.8,6832431,0.19,5327803110,65
Hungary,1995,10322788,-0.11,-11699,14927,36.7,1.57,114,65.4,6749043,0.18,5758878982,68
Hungary,2000,10190600,-0.26,-26438,13414,37.5,1.32,113,64.8,6600231,0.17,6171702993,76
Hungary,2005,10065706,-0.25,-24979,16925,37.9,1.31,111,66.5,6693836,0.15,6586970132,81
Hungary,2010,9979129,-0.17,-17315,10592,38.9,1.26,110,68.6,6841345,0.14,7021732148,84
Hungary,2015,9839211,-0.28,-27984,13856,40.7,1.45,109,70.1,6897667,0.13,7470491872,89
Hungary,2020,9749457,-0.18,-17951,9147,42.5,1.58,108,71,6921767,0.12,7887001292,94
Hungary,2022,9684306,-0.33,-32576,41871,43,1.55,107,71.6,6929442,0.12,8021407192,96
Hungary,2023,9686463,0.02,2157,49213,43.3,1.49,107,71.6,6932703,0.12,8091734930,96
Hungary,2024,9676135,-0.11,-10328,16223,43.6,1.49,107,71.7,6935516,0.12,8161972572,96
Hungary,2025,9632287,-0.45,-43848,-16331,43.9,1.5,106,72,6937818,0.12,8231613070,97
Hungary,2026,9585818,-0.48,-46469,12936,44.2,1.5,106,72.4,6939584,0.12,8300678395,98
Iceland,1955,157746,2.03,3016,72,25.1,4.04,2,76.7,121006,0.0058,2740213792,171
Iceland,1960,175560,2.16,3563,-269,24.4,4.26,2,80.3,141000,0.0058,3015470894,170
Iceland,1965,192333,1.84,3355,-194,23.1,3.72,2,82.7,159082,0.0058,3334533703,172
Iceland,1970,204478,1.23,2429,-1754,23.4,2.81,2,84.9,173558,0.0055,3694683794,173
Iceland,1975,218028,1.29,2710,-388,24.4,2.64,2,86.7,188999,0.0054,4070735277,173
Iceland,1980,228144,0.91,2023,-629,25.9,2.48,2,88.3,201464,0.0051,4447606236,177
Iceland,1985,241402,1.14,2652,-628,27.3,1.94,2,89.6,216386,0.005,4868943465,177
Iceland,1990,254833,1.09,2686,-971,29,2.3,3,90.8,231452,0.0048,5327803110,178
Iceland,1995,267510,0.98,2535,-1354,30.4,2.08,3,91.7,245228,0.0046,5758878982,177
Iceland,2000,281280,1.01,2754,1877,31.9,2.07,3,92.1,259125,0.0046,6171702993,178
Iceland,2005,296834,1.08,3111,3925,33.2,2.05,3,92.5,274440,0.0045,6586970132,179
Iceland,2010,318158,1.4,4265,-2055,33.9,2.19,3,94.2,299745,0.0045,7021732148,180
Iceland,2015,330952,0.79,2559,1499,34.9,1.81,3,93.5,309438,0.0044,7470491872,180
Iceland,2020,366614,2.07,7132,2498,35.6,1.72,4,87.9,322286,0.0046,7887001292,179
Iceland,2022,380356,1.86,6871,6535,35.7,1.59,4,86.1,327298,0.0047,8021407192,179
Iceland,2023,387558,1.89,7202,4630,35.8,1.54,4,85.1,329708,0.0048,8091734930,178
Iceland,2024,393396,1.51,5838,3543,36,1.52,4,84.4,332066,0.0048,8161972572,178
Iceland,2025,398266,1.24,4870,2709,36.2,1.5,4,84,334395,0.0048,8231613070,178
Iceland,2026,402329,1.02,4063,2027,36.6,1.49,4,83.7,336688,0.0048,8300678395,178
India,1955,387700887,2.29,8284413,70393,19.7,5.91,130,18.6,71958495,14.1,2740213792,2
India,1960,435990338,2.38,9657890,146955,19.2,5.92,147,18.5,80565723,14.5,3015470894,2
India,1965,490140146,2.37,10829962,-248299,18.5,5.94,165,19.1,93493844,14.7,3334533703,2
India,1970,545864268,2.18,11144824,233782,18.1,5.62,184,20,109388950,14.8,3694683794,2
India,1975,611309535,2.29,13089053,434205,18.4,5.2,206,21.7,132533810,15,4070735277,2
India,1980,687354025,2.37,15208898,210914,18.9,4.78,231,23.4,160941941,15.5,4447606236,2
India,1985,772647793,2.37,17058754,-89991,19.3,4.43,260,24.6,190321782,15.9,4868943465,2
India,1990,864972221,2.28,18464886,125514,19.7,4.04,291,25.7,222296728,16.2,5327803110,2
India,1995,960301044,2.11,19065765,-57297,20.3,3.65,323,26.6,255558824,16.7,5758878982,2
India,2000,1057922733,1.96,19524338,-143960,21.2,3.35,356,27.5,291350282,17.1,6171702993,2
India,2005,1154676322,1.77,19350718,-929454,22.2,2.96,388,29,334479406,17.5,6586970132,2
India,2010,1243481564,1.49,17761048,-50905,23.6,2.6,418,30.6,380744554,17.7,7021732148,2
India,2015,1328024498,1.32,16908587,-655085,25.3,2.29,447,32.3,429069459,17.8,7470491872,2
India,2020,1402617695,1.1,14918639,-73806,27,2.05,472,34.4,483098640,17.8,7887001292,2
India,2022,1425423212,0.81,11402759,-1353478,27.7,1.99,479,35.5,506304869,17.8,8021407192,1
India,2023,1438069596,0.89,12646384,-979179,28.1,1.98,484,36,518239122,17.8,8091734930,1
India,2024,1450935791,0.89,12866195,-630830,28.4,1.96,488,36.6,530387142,17.8,8161972572,1
India,2025,1463865525,0.89,12929734,-495753,28.8,1.94,492,37.1,542742539,17.8,8231613070,1
India,2026,1476625576,0.87,12760051,-440456,29.2,1.93,497,37.6,555299296,17.8,8300678395,1
Indonesia,1955,77273507,2.35,1694896,92424,18.8,5.36,43,13.5,10404671,2.8,2740213792,6
Indonesia,1960,88296070,2.7,2204513,101631,19.1,5.5,49,14.5,12805184,2.9,3015470894,6
Indonesia,1965,101365130,2.8,2613812,-61145,18.8,5.59,56,15.6,15838170,3,3334533703,5
Indonesia,1970,115657495,2.67,2858473,81368,17.9,5.49,64,17,19603959,3.1,3694683794,5
Indonesia,1975,131843848,2.65,3237271,56386,17.8,5.03,73,19.2,25252096,3.2,4070735277,5
Indonesia,1980,148950540,2.47,3421338,42254,18.4,4.5,82,21.9,32601807,3.3,4447606236,4
Indonesia,1985,166776185,2.29,3565129,37451,19.3,3.73,92,25.8,43049412,3.4,4868943465,4
Indonesia,1990,183501098,1.93,3344983,11539,20.6,3.11,101,30.2,55491343,3.4,5327803110,4
Indonesia,1995,199888057,1.73,3277392,-1643,22.1,2.81,110,35.5,71053577,3.5,5758878982,4
Indonesia,2000,216077790,1.57,3237947,-42697,23.6,2.5,119,41.1,88851487,3.5,6171702993,4
Indonesia,2005,230871650,1.33,2958772,-76784,25.2,2.45,127,45.1,104155654,3.5,6586970132,4
Indonesia,2010,246305322,1.3,3086734,-57752,26.6,2.46,136,49.1,121052980,3.5,7021732148,4
Indonesia,2015,261799249,1.23,3098785,-28487,27.9,2.35,145,52.6,137634761,3.5,7470491872,4
Indonesia,2020,274814866,0.98,2603123,-18743,29.1,2.19,152,56.1,154188546,3.5,7887001292,4
Indonesia,2022,278830529,0.73,2007832,-37501,29.6,2.15,154,57.6,160724456,3.5,8021407192,4
Indonesia,2023,281190067,0.85,2359538,-37501,29.8,2.13,155,58.3,163963233,3.5,8091734930,4
Indonesia,2024,283487931,0.82,2297864,-38469,30.1,2.12,156,59,167176839,3.5,8161972572,4
Indonesia,2025,285721236,0.79,2233305,-39509,30.4,2.1,158,59.6,170361295,3.5,8231613070,4
Indonesia,2026,287886782,0.76,2165546,-39472,30.7,2.08,159,60.3,173513303,3.5,8300678395,4
Iran,1955,18700802,2.52,438050,23839,19.7,7.15,11,31.5,5895032,0.68,2740213792,28
Iran,1960,21470434,2.8,553926,54041,18,7.52,13,34.4,7390258,0.71,3015470894,26
Iran,1965,25036978,3.12,713309,127808,16.6,7.22,15,36.9,9250486,0.75,3334533703,25
Iran,1970,29145100,3.09,821624,89757,16.5,6.8,18,40.3,11751335,0.79,3694683794,25
Iran,1975,33802973,3.01,931575,106921,17,5.95,21,44.3,14973153,0.83,4070735277,25
Iran,1980,39842324,3.34,1207870,103674,17.2,6.63,24,48.2,19215536,0.9,4447606236,22
Iran,1985,49582289,4.47,1947993,163999,17.2,6.24,30,51,25278712,1,4868943465,22
Iran,1990,58380092,3.32,1759561,200711,17.1,4.93,36,54.3,31672465,1.1,5327803110,16
Iran,1995,62205567,1.28,765095,-220258,17.5,2.85,38,58.7,36488609,1.1,5758878982,16
Iran,2000,66418659,1.32,842618,300133,20.2,2,41,63.8,42352090,1.1,6171702993,17
Iran,2005,71828455,1.58,1081959,765873,23.2,1.76,44,66.2,47575374,1.1,6586970132,17
Iran,2010,77420842,1.51,1118477,-12849,26.1,1.75,48,68,52664138,1.1,7021732148,17
Iran,2015,82619362,1.31,1039704,-46239,28.7,2.02,51,70.5,58217032,1.1,7470491872,16
Iran,2020,87723443,1.21,1020816,-180680,31.3,1.7,54,72.3,63420504,1.1,7887001292,17
Iran,2022,89524246,1.02,900402,403190,32.3,1.7,55,72.9,65271669,1.1,8021407192,17
Iran,2023,90608707,1.21,1084461,262044,32.9,1.7,56,73,66139220,1.1,8091734930,17
Iran,2024,91567738,1.06,959031,190156,33.4,1.68,56,73.1,66968458,1.1,8161972572,17
Iran,2025,92417681,0.93,849943,116786,34,1.67,57,73.3,67760281,1.1,8231613070,17
Iran,2026,93168497,0.81,750816,66848,34.5,1.66,57,73.5,68514252,1.1,8300678395,17
Iraq,1955,6366279,2.4,142586,-2235,19.5,6,15,38.4,2447031,0.23,2740213792,63
Iraq,1960,7022052,1.98,131155,1573,19.4,5.3,16,44.5,3127214,0.23,3015470894,63
Iraq,1965,8202140,3.16,236018,4555,18.2,7.02,19,51.7,4242440,0.25,3334533703,60
Iraq,1970,9735611,3.49,306694,1377,17,7.07,22,57.2,5569369,0.26,3694683794,55
Iraq,1975,11543639,3.47,361606,-6237,15.9,6.91,27,62.1,7171852,0.28,4070735277,51
Iraq,1980,13591992,3.32,409671,15757,15.3,6.59,31,65.8,8945864,0.31,4447606236,49
Iraq,1985,15683430,2.9,418288,-199505,15.6,6.25,36,68.3,10711364,0.32,4868943465,47
Iraq,1990,17581206,2.31,379555,-601469,16,5.93,40,69.3,12176901,0.33,5327803110,46
Iraq,1995,20825860,3.45,648931,40424,16.4,5.36,48,66.7,13899288,0.36,5758878982,45
Iraq,2000,24424056,3.24,719639,87624,16.9,4.92,56,66.1,16141452,0.4,6171702993,42
Iraq,2005,28407448,3.07,796678,51019,17.4,4.45,65,65.4,18572494,0.43,6586970132,38
Iraq,2010,31045366,1.79,527584,92779,17.9,4.46,71,68.5,21258071,0.44,7021732148,39
Iraq,2015,37560535,3.88,1303034,-22338,18.5,4.08,86,67.2,25252255,0.5,7470491872,36
Iraq,2020,42116605,2.32,911214,29858,19.6,3.42,97,69.9,29422695,0.53,7887001292,36
Iraq,2022,44070551,2.29,976973,76821,20.1,3.29,101,70.8,31207440,0.55,8021407192,35
Iraq,2023,45074049,2.28,1003498,-5710,20.3,3.25,104,71.3,32130222,0.56,8091734930,35
Iraq,2024,46042015,2.15,967966,-17735,20.6,3.22,106,71.8,33073885,0.56,8161972572,34
Iraq,2025,47020774,2.13,978759,-1064,20.8,3.17,108,72.4,34038857,0.57,8231613070,34
Iraq,2026,48007437,2.1,986663,-13102,21.1,3.13,111,73,35025941,0.58,8300678395,33
Ireland,1955,2899538,-0.09,-2623,-42416,29.2,3.37,42,43.7,1267440,0.11,2740213792,95
Ireland,1960,2827689,-0.5,-14370,-38492,29.1,3.75,41,45.1,1275146,0.09,3015470894,103
Ireland,1965,2873153,0.32,9093,-14016,27.6,4.04,42,46,1322242,0.09,3334533703,107
Ireland,1970,2961403,0.61,17650,-8892,26.2,3.85,43,51.1,1512629,0.08,3694683794,109
Ireland,1975,3180119,1.44,43743,13828,25.4,3.37,46,53.7,1707788,0.08,4070735277,112
Ireland,1980,3415240,1.44,47024,-2876,25.5,3.21,50,55.7,1900678,0.08,4447606236,113
Ireland,1985,3531271,0.67,23206,-16178,26.3,2.49,51,56.8,2006170,0.07,4868943465,116
Ireland,1990,3514018,-0.1,-3451,-8203,28.2,2.11,51,57.8,2031946,0.07,5327803110,124
Ireland,1995,3610697,0.54,19336,10019,29.9,1.84,52,58.6,2116050,0.06,5758878982,124
Ireland,2000,3802585,1.04,38378,31298,31.5,1.89,55,59.9,2276738,0.06,6171702993,126
Ireland,2005,4155284,1.79,70540,63983,32.4,1.86,60,61.3,2547885,0.06,6586970132,122
Ireland,2010,4559080,1.87,80759,-26974,33.3,2.06,66,62.5,2847514,0.06,7021732148,119
Ireland,2015,4702487,0.62,28681,13376,35.4,1.86,68,62.5,2939375,0.06,7470491872,121
Ireland,2020,4982606,1.16,56024,15746,37.3,1.65,72,62.4,3111336,0.06,7887001292,125
Ireland,2022,5110016,1.27,63705,93535,38,1.59,74,62.3,3184815,0.06,8021407192,123
Ireland,2023,5196630,1.69,86614,43873,38.4,1.6,75,62,3221262,0.06,8091734930,122
Ireland,2024,5255017,1.12,58387,39059,38.7,1.6,76,62,3257857,0.06,8161972572,124
Ireland,2025,5308039,1.01,53022,35417,39,1.6,77,62.1,3294830,0.06,8231613070,125
Ireland,2026,5356950,0.92,48911,32022,39.2,1.6,78,62.2,3332086,0.06,8300678395,125
Isle of Man,1955,52776,-0.85,-463,-531,39.8,1.95,93,53.7,28315,0.0019,2740213792,192
Isle of Man,1960,48868,-1.53,-782,-730,42.2,2.68,86,54.6,26703,0.0016,3015470894,195
Isle of Man,1965,50090,0.5,244,688,42.4,2.54,88,56.4,28232,0.0015,3334533703,198
Isle of Man,1970,55300,2,1042,1440,41.4,2.57,97,56,30944,0.0015,3694683794,199
Isle of Man,1975,59959,1.63,932,1017,39,2.16,105,52,31168,0.0015,4070735277,200
Isle of Man,1980,64076,1.34,823,1090,37.5,1.95,112,51.4,32909,0.0014,4447606236,199
Isle of Man,1985,64401,0.1,65,137,38.1,1.88,113,50.4,32455,0.0013,4868943465,201
Isle of Man,1990,68916,1.36,903,1258,38.3,1.96,121,51.4,35409,0.0013,5327803110,200
Isle of Man,1995,71513,0.74,519,368,38.3,1.92,125,50.7,36284,0.0012,5758878982,200
Isle of Man,2000,75659,1.13,829,841,38.4,1.87,133,49.7,37600,0.0012,6171702993,200
Isle of Man,2005,79516,1,771,656,39.9,1.86,140,49.7,39509,0.0012,6586970132,201
Isle of Man,2010,83873,1.07,871,778,41.3,1.93,147,49.6,41633,0.0012,7021732148,201
Isle of Man,2015,83593,-0.07,-56,-315,43.4,1.75,147,52,43450,0.0011,7470491872,201
Isle of Man,2020,84064,0.11,94,219,45.1,1.58,147,54.1,45437,0.0011,7887001292,201
Isle of Man,2022,84132,0.04,34,199,45.5,1.56,148,55,46304,0.001,8021407192,201
Isle of Man,2023,84165,0.04,33,196,45.7,1.55,148,55.5,46753,0.001,8091734930,201
Isle of Man,2024,84160,-0.01,-5,177,45.9,1.54,148,56.1,47219,0.001,8161972572,201
Isle of Man,2025,84118,-0.05,-42,166,46.1,1.53,148,56.7,47695,0.001,8231613070,201
Isle of Man,2026,84055,-0.07,-63,158,46.3,1.53,147,57.3,48178,0.001,8300678395,200
Israel,1955,1599497,4.41,62052,21478,23.9,4.39,74,76.3,1220460,0.06,2740213792,120
Israel,1960,1891935,3.42,58488,10990,24.3,4.37,87,84.9,1606028,0.06,3015470894,119
Israel,1965,2331451,4.27,87903,54694,22.6,4.13,108,87.6,2041746,0.07,3334533703,117
Israel,1970,2864778,4.21,106665,56173,22.2,3.79,132,83.7,2399237,0.08,3694683794,111
Israel,1975,3318089,2.98,90662,11726,23.1,3.61,153,87.1,2891082,0.08,4070735277,109
Israel,1980,3721665,2.32,80715,16284,24,3.15,172,89.1,3317141,0.08,4447606236,110
Israel,1985,4105359,1.98,76739,-3686,24.4,3.04,190,89.3,3667485,0.08,4868943465,109
Israel,1990,4544999,2.06,87928,178732,24.8,2.84,210,89.5,4066603,0.09,5327803110,106
Israel,1995,5354739,3.33,161948,61800,25.7,2.82,247,90.5,4846533,0.09,5758878982,100
Israel,2000,6111190,2.68,151290,63409,26.8,2.92,282,89.7,5484711,0.1,6171702993,99
Israel,2005,6728206,1.94,123403,10975,27.7,2.79,311,89.8,6042911,0.1,6586970132,100
Israel,2010,7336735,1.75,121706,12906,28.4,3.03,339,92.9,6818961,0.1,7021732148,100
Israel,2015,8052908,1.88,143235,29735,28.8,3.09,372,92.3,7433814,0.11,7470491872,100
Israel,2020,8800376,1.79,149494,16573,29,2.94,407,91.7,8067603,0.11,7887001292,99
Israel,2022,9103151,1.71,151388,50004,29.1,2.94,421,91.4,8320014,0.11,8021407192,98
Israel,2023,9256314,1.68,153163,9999,29.1,2.83,428,91.2,8445858,0.11,8091734930,98
Israel,2024,9387021,1.41,130707,10612,29.2,2.79,434,91.3,8571846,0.12,8161972572,98
Israel,2025,9517181,1.39,130160,11466,29.2,2.75,440,91.4,8698204,0.12,8231613070,98
Israel,2026,9647689,1.37,130508,13023,29.3,2.73,446,91.5,8824987,0.12,8300678395,97
Italy,1955,48130818,0.74,347829,-137146,29.2,2.34,164,57.1,27502303,1.8,2740213792,10
Italy,1960,49514555,0.57,276747,-140765,30.5,2.38,168,59.6,29527606,1.6,3015470894,11
Italy,1965,51480728,0.78,393235,-36267,31.3,2.62,175,62.1,31990341,1.5,3334533703,12
Italy,1970,53390236,0.73,381902,-62216,31.9,2.4,182,64.5,34436288,1.4,3694683794,13
Italy,1975,55166045,0.66,355162,43051,32.5,2.18,188,65.8,36320918,1.4,4070735277,14
Italy,1980,56412084,0.45,249208,295642,33,1.65,192,66.6,37597841,1.3,4447606236,13
Italy,1985,56855501,0.16,88683,6911,34.6,1.42,193,67,38099260,1.2,4868943465,14
Italy,1990,57031454,0.06,35191,35317,36.1,1.33,194,66.8,38118729,1.1,5327803110,18
Italy,1995,57403344,0.13,74378,-460287,37.9,1.19,195,66.7,38316513,1,5758878982,22
Italy,2000,57272196,-0.05,-26230,56065,39.2,1.25,195,67.2,38513990,0.93,6171702993,22
Italy,2005,58519693,0.43,249499,258702,40.8,1.33,199,68.1,39835813,0.89,6586970132,23
Italy,2010,60164213,0.56,328904,274387,42.5,1.44,205,67.8,40811310,0.86,7021732148,23
Italy,2015,60575316,0.14,82221,39389,44.4,1.34,206,68.3,41393818,0.81,7470491872,23
Italy,2020,59912769,-0.22,-132509,85281,46.4,1.24,204,70.1,42006701,0.76,7887001292,25
Italy,2022,59619115,-0.25,-146827,231228,47.1,1.24,203,70.8,42233014,0.74,8021407192,25
Italy,2023,59499453,-0.2,-119662,150189,47.5,1.2,202,71.2,42343688,0.74,8091734930,25
Italy,2024,59342867,-0.26,-156586,95246,47.8,1.21,202,71.5,42455134,0.73,8161972572,25
Italy,2025,59146260,-0.33,-196607,75448,48.2,1.21,201,72,42568771,0.72,8231613070,25
Italy,2026,58926166,-0.37,-220094,58272,48.6,1.22,200,72.4,42685102,0.71,8300678395,25
Jamaica,1955,1553711,2,29301,-22042,21,4.52,143,28.5,442709,0.06,2740213792,124
Jamaica,1960,1650005,1.21,19259,-28952,18.7,5.54,152,33.3,549842,0.05,3015470894,126
Jamaica,1965,1769192,1.4,23837,-28611,17.5,5.72,163,37.2,658574,0.05,3334533703,130
Jamaica,1970,1878196,1.2,21801,-23371,16.4,5.35,173,41.3,774985,0.05,3694683794,130
Jamaica,1975,2018981,1.46,28157,-17340,17,4.44,186,44.2,892476,0.05,4070735277,131
Jamaica,1980,2145658,1.22,25335,-15277,18.3,3.59,198,47.1,1010985,0.05,4447606236,132
Jamaica,1985,2290656,1.32,29000,-21371,19.6,3.21,212,49.4,1132462,0.05,4868943465,132
Jamaica,1990,2379877,0.77,17844,-25085,20.8,2.96,220,50.4,1198630,0.04,5327803110,134
Jamaica,1995,2500151,0.99,24055,-19092,21.4,2.85,231,51.4,1284333,0.04,5758878982,134
Jamaica,2000,2607826,0.85,21535,-17498,22.3,2.35,241,52.8,1376634,0.04,6171702993,137
Jamaica,2005,2687066,0.6,15848,-17071,23.6,2.15,248,53.9,1449489,0.04,6586970132,137
Jamaica,2010,2748568,0.45,12300,-13248,25.5,1.8,254,55.1,1514064,0.04,7021732148,140
Jamaica,2015,2802534,0.39,10793,-10335,27.8,1.51,259,56.2,1574768,0.04,7470491872,141
Jamaica,2020,2830739,0.2,5641,0,30.2,1.38,261,58,1640435,0.04,7887001292,140
Jamaica,2022,2839144,0.15,4203,-10003,31.2,1.37,262,58.7,1667032,0.04,8021407192,141
Jamaica,2023,2839786,0.02,642,-10003,31.7,1.36,262,59.2,1680272,0.04,8091734930,142
Jamaica,2024,2839175,-0.02,-611,-10506,32.2,1.35,262,59.6,1693452,0.03,8161972572,142
Jamaica,2025,2837077,-0.07,-2098,-11053,32.8,1.34,262,60.2,1706544,0.03,8231613070,141
Jamaica,2026,2833403,-0.13,-3674,-11683,33.3,1.33,262,60.7,1719523,0.03,8300678395,142
Japan,1955,92425478,1.35,1196440,-95975,22.7,2.35,254,56.3,52005319,3.4,2740213792,5
Japan,1960,96399754,0.85,794855,-150371,24.7,1.98,264,61.5,59269408,3.2,3015470894,5
Japan,1965,100916019,0.92,903253,-50667,26.6,2.09,277,66.2,66812422,3,3334533703,6
Japan,1970,106712368,1.12,1159270,33731,28.3,2.04,293,70.7,75417163,2.9,3694683794,6
Japan,1975,113321196,1.21,1321766,107,29.7,1.92,311,75.1,85121987,2.8,4070735277,6
Japan,1980,118358756,0.87,1007512,-92314,31.7,1.74,325,75.8,89755553,2.7,4447606236,7
Japan,1985,120832163,0.41,494681,-141323,34.5,1.74,331,77.4,93507944,2.5,4868943465,7
Japan,1990,123399765,0.42,513520,124582,36.9,1.51,338,78,96298507,2.3,5327803110,7
Japan,1995,125672665,0.37,454580,87714,39,1.41,345,78.5,98593178,2.2,5758878982,8
Japan,2000,127027789,0.21,271025,23468,40.8,1.35,348,79,100303716,2.1,6171702993,9
Japan,2005,127913330,0.14,177108,113017,42.6,1.25,351,86.3,110340709,1.9,6586970132,10
Japan,2010,128185275,0.04,54389,131860,44.2,1.36,352,91.1,116741034,1.8,7021732148,10
Japan,2015,127275872,-0.14,-181881,168896,45.8,1.42,349,91.9,116944428,1.7,7470491872,10
Japan,2020,126304543,-0.15,-194266,42001,47.7,1.3,346,91.9,116099672,1.6,7887001292,11
Japan,2022,124997578,-0.52,-653483,175003,48.5,1.26,343,92.5,115583843,1.6,8021407192,12
Japan,2023,124370947,-0.5,-626631,175003,49,1.21,341,92.7,115292289,1.5,8091734930,12
Japan,2024,123753041,-0.5,-617906,153357,49.4,1.22,339,92.9,114979260,1.5,8161972572,12
Japan,2025,123103479,-0.52,-649562,140579,49.8,1.23,338,93.1,114645589,1.5,8231613070,12
Japan,2026,122427731,-0.55,-675748,128619,50.2,1.23,336,93.4,114292213,1.5,8300678395,12
Jordan,1955,625567,7.35,37353,24942,16.7,7.42,7,47.2,295260,0.02,2740213792,144
Jordan,1960,853471,6.41,45581,15509,16,7.6,10,55.6,474322,0.03,3015470894,141
Jordan,1965,1099440,5.2,49194,29737,14.6,7.93,12,57.9,636252,0.03,3334533703,140
Jordan,1970,1565163,7.32,93145,25894,13.9,8.18,18,61.5,962089,0.04,3694683794,134
Jordan,1975,1899055,3.94,66778,-14822,13.7,7.92,21,62.6,1189265,0.05,4070735277,132
Jordan,1980,2234186,3.3,67026,1735,14.1,7.29,25,63.8,1425339,0.05,4447606236,131
Jordan,1985,2778810,4.46,108925,28040,14.7,6.53,31,69.8,1940204,0.06,4868943465,127
Jordan,1990,3621908,5.44,168620,266100,16.1,5.54,41,72.1,2609598,0.07,5327803110,120
Jordan,1995,4752096,5.58,226038,27991,18.5,4.68,54,75.3,3576333,0.08,5758878982,108
Jordan,2000,5386945,2.54,126970,-26077,19,3.86,61,74.1,3994240,0.09,6171702993,104
Jordan,2005,6029587,2.28,128528,3500,19.7,3.65,68,75.3,4541834,0.09,6586970132,102
Jordan,2010,7297043,3.89,253491,4872,20.6,3.78,82,84.7,6183184,0.1,7021732148,101
Jordan,2015,9544729,5.52,449537,490844,21.5,3.14,108,86.6,8266802,0.13,7470491872,92
Jordan,2020,10865228,2.63,264100,6745,23.3,2.79,122,85.9,9332603,0.14,7887001292,85
Jordan,2022,11256263,1.78,195518,-17445,23.9,2.68,127,84.9,9554911,0.14,8021407192,83
Jordan,2023,11439213,1.63,182950,-17445,24.3,2.64,129,84.3,9638086,0.14,8091734930,84
Jordan,2024,11552876,0.99,113663,-156369,24.5,2.6,130,84.1,9717492,0.14,8161972572,84
Jordan,2025,11520684,-0.28,-32192,-303267,24.7,2.57,130,85.1,9802267,0.14,8231613070,84
Jordan,2026,11589532,0.6,68848,60699,24.9,2.54,131,85.4,9896689,0.14,8300678395,85
Kazakhstan,1955,7993631,3.33,241296,84893,22.5,4.51,3,40.4,3231136,0.29,2740213792,49
Kazakhstan,1960,9429981,3.36,287270,83525,22.2,4.5,3,46.9,4418028,0.31,3015470894,46
Kazakhstan,1965,10993183,3.12,312640,103626,22.7,3.88,4,51,5602843,0.33,3334533703,43
Kazakhstan,1970,12419057,2.47,285175,72000,21.6,3.5,5,53,6585970,0.34,3694683794,43
Kazakhstan,1975,13700843,1.98,256357,26332,22.3,3.4,5,54.2,7427349,0.34,4070735277,43
Kazakhstan,1980,15152949,2.04,290421,-67731,21.9,3.09,6,53.3,8070301,0.34,4447606236,45
Kazakhstan,1985,16031090,1.13,175628,-103115,23.4,3.21,6,55.2,8843705,0.33,4868943465,45
Kazakhstan,1990,17154054,1.36,224593,-103336,24.7,2.75,6,54.3,9306548,0.32,5327803110,48
Kazakhstan,1995,16730536,-0.5,-84704,-412775,25.4,2.25,6,53.6,8966986,0.29,5758878982,53
Kazakhstan,2000,15501103,-1.51,-245887,-8754,26.6,1.9,6,54.5,8446937,0.25,6171702993,61
Kazakhstan,2005,15968117,0.6,93403,-20171,27.4,2.27,6,55,8775200,0.24,6586970132,62
Kazakhstan,2010,16836810,1.07,173739,-6840,27.5,2.61,6,55.3,9319106,0.24,7021732148,61
Kazakhstan,2015,18084169,1.44,249472,-2011,28.3,2.75,7,56.1,10151168,0.24,7470491872,63
Kazakhstan,2020,19482117,1.5,279590,-8716,29.2,3.13,7,55.6,10828881,0.25,7887001292,63
Kazakhstan,2022,20034609,1.41,276246,45755,29.3,3.05,7,55.4,11093646,0.25,8021407192,64
Kazakhstan,2023,20330104,1.47,295495,-4822,29.5,3.01,8,55.2,11226799,0.25,8091734930,64
Kazakhstan,2024,20592571,1.29,262467,-7368,29.6,2.98,8,55.2,11360335,0.25,8161972572,64
Kazakhstan,2025,20843754,1.22,251183,-8834,29.7,2.95,8,55.1,11494249,0.25,8231613070,65
Kazakhstan,2026,21083626,1.15,239872,-12814,29.7,2.92,8,55.2,11628796,0.25,8300678395,65
Kenya,1955,6529297,2.51,152022,-4337,15.7,7.46,11,6.9,448051,0.24,2740213792,62
Kenya,1960,7695307,3.34,233202,2134,14.6,7.65,14,7.8,596757,0.26,3015470894,58
Kenya,1965,9338078,3.95,328554,8524,13.9,7.92,16,8.8,817908,0.28,3334533703,52
Kenya,1970,11368791,4.01,406143,-13064,13.3,7.94,20,10.2,1158465,0.31,3694683794,48
Kenya,1975,13511671,3.51,428576,-71421,13.2,7.79,24,12.9,1741729,0.33,4070735277,47
Kenya,1980,16018459,3.46,501358,-39920,13.4,7.53,28,15.8,2535258,0.36,4447606236,41
Kenya,1985,19201768,3.69,636662,-35400,13.9,6.96,34,16.5,3159732,0.39,4868943465,41
Kenya,1990,22892651,3.58,738177,-11338,14.3,6.13,40,17.1,3919437,0.43,5327803110,37
Kenya,1995,26601751,3.05,741820,-75506,14.9,5.37,47,18.8,4994299,0.46,5758878982,35
Kenya,2000,30642890,2.87,808228,5407,15.6,5.14,54,20.4,6256185,0.5,6171702993,35
Kenya,2005,35796484,3.16,1030719,5501,16.3,4.8,63,21.8,7813454,0.54,6586970132,33
Kenya,2010,41598567,3.05,1160417,-21069,16.9,4.45,73,23.4,9746669,0.59,7021732148,31
Kenya,2015,47088526,2.51,1097992,-95977,17.7,3.77,83,25.7,12119756,0.63,7470491872,28
Kenya,2020,52217334,2.09,1025762,-17111,18.8,3.36,92,28.7,14975059,0.66,7887001292,27
Kenya,2022,54252461,1.93,1017564,-10003,19.3,3.26,95,30,16264626,0.68,8021407192,26
Kenya,2023,55339003,2,1086542,-10003,19.5,3.21,97,30.6,16943167,0.68,8091734930,26
Kenya,2024,56432944,1.98,1093941,-19781,19.8,3.17,99,31.3,17645362,0.69,8161972572,26
Kenya,2025,57532493,1.95,1099549,-27330,20,3.12,101,31.9,18371967,0.7,8231613070,26
Kenya,2026,58636412,1.92,1103919,-34838,20.3,3.07,103,32.6,19123471,0.71,8300678395,26
Kiribati,1955,42041,2.12,839,0,19.4,6.32,52,11.7,4913,0.0015,2740213792,196
Kiribati,1960,47157,2.32,1023,0,17.7,6.44,58,14.2,6717,0.0016,3015470894,196
Kiribati,1965,53439,2.53,1256,0,16.8,6.26,66,17.1,9117,0.0016,3334533703,195
Kiribati,1970,57510,1.48,814,-233,16.4,5.71,71,21.4,12328,0.0016,3694683794,198
Kiribati,1975,60987,1.18,695,-1706,16.7,5.02,75,26.8,16334,0.0015,4070735277,198
Kiribati,1980,61148,0.05,32,-610,17.5,4.96,75,31.3,19157,0.0014,4447606236,201
Kiribati,1985,66496,1.69,1070,-419,18.6,4.91,82,32.3,21467,0.0014,4868943465,198
Kiribati,1990,74855,2.4,1672,-441,19.2,4.67,92,33.8,25335,0.0014,5327803110,197
Kiribati,1995,81234,1.65,1276,-928,18.7,4.42,100,34.8,28301,0.0014,5758878982,197
Kiribati,2000,88613,1.75,1476,-629,18.7,4.07,109,40.9,36259,0.0014,6171702993,198
Kiribati,2005,98035,2.04,1884,-226,19.5,3.76,121,41,40209,0.0015,6586970132,197
Kiribati,2010,108704,2.09,2134,-456,20.3,3.9,134,44.8,48647,0.0015,7021732148,194
Kiribati,2015,116815,1.45,1622,-1022,21.3,3.44,144,49.7,58024,0.0016,7470491872,192
Kiribati,2020,126099,1.54,1857,0,22.2,3.25,156,54,68069,0.0016,7887001292,192
Kiribati,2022,130469,1.72,2185,-395,22.5,3.18,161,55.3,72129,0.0016,8021407192,192
Kiribati,2023,132530,1.58,2061,-485,22.7,3.15,164,56,74160,0.0016,8091734930,192
Kiribati,2024,134518,1.5,1988,-471,22.8,3.12,166,56.6,76183,0.0016,8161972572,192
Kiribati,2025,136488,1.46,1970,-462,22.9,3.09,169,57.3,78192,0.0017,8231613070,192
Kiribati,2026,138445,1.43,1957,-441,23,3.06,171,57.9,80190,0.0017,8300678395,192
Kuwait,1955,186114,3.87,6431,14997,20.6,7.14,10,67.8,126132,0.0068,2740213792,169
Kuwait,1960,311060,10.82,24989,21769,21,7.22,17,64.9,201926,0.01,3015470894,161
Kuwait,1965,521174,10.87,42023,30580,19.4,7.31,29,72,375402,0.02,3334533703,153
Kuwait,1970,809114,9.2,57588,26614,17.5,7.03,45,79.1,639688,0.02,3694683794,146
Kuwait,1975,1104863,6.43,59150,30909,17.3,6.06,62,82.9,916132,0.03,4070735277,144
Kuwait,1980,1504782,6.37,79984,32483,19.5,5.18,84,86.4,1300693,0.03,4447606236,140
Kuwait,1985,1894242,4.71,77892,25777,21.5,4.22,106,89.9,1702525,0.04,4868943465,139
Kuwait,1990,1684819,-2.32,-41885,-1196050,22.3,3.49,95,,,0.03,5327803110,145
Kuwait,1995,1681513,-0.04,-661,438,24.6,3.25,94,94,1579978,0.03,5758878982,145
Kuwait,2000,1954709,3.06,54639,14296,24.9,2.89,110,,,0.03,6171702993,145
Kuwait,2005,2236788,2.73,56416,67638,27.4,2.73,126,,,0.03,6586970132,142
Kuwait,2010,2943372,5.64,141317,101566,28.6,2.04,165,,,0.04,7021732148,136
Kuwait,2015,3834454,5.43,178216,129695,32.9,2.03,215,,,0.05,7470491872,130
Kuwait,2020,4400144,2.79,113138,-168379,36.8,2.1,247,97.8,4302875,0.06,7887001292,128
Kuwait,2022,4589511,2.13,94684,368560,33.5,1.55,258,96.4,4422070,0.06,8021407192,128
Kuwait,2023,4838782,5.43,249271,50008,34.5,1.52,272,92.7,4483898,0.06,8091734930,128
Kuwait,2024,4934507,1.98,95725,61624,34.8,1.51,277,92.1,4544704,0.06,8161972572,128
Kuwait,2025,5026078,1.86,91571,42775,34.8,1.5,282,91.6,4602914,0.06,8231613070,128
Kuwait,2026,5102773,1.53,76695,30696,34.8,1.49,286,91.3,4659078,0.06,8300678395,128
Kyrgyzstan,1955,1944403,2.12,38653,3362,23.3,4.84,10,30,582387,0.07,2740213792,114
Kyrgyzstan,1960,2215508,2.64,54221,13946,22.1,5.31,12,33.5,741749,0.07,3015470894,113
Kyrgyzstan,1965,2615057,3.37,79910,22870,20.1,5.38,14,35.2,921183,0.08,3334533703,111
Kyrgyzstan,1970,3025142,2.96,82017,11295,19,5.2,16,36.8,1112679,0.08,3694683794,108
Kyrgyzstan,1975,3381363,2.25,71244,-7639,18.9,4.76,18,37.2,1256740,0.08,4070735277,108
Kyrgyzstan,1980,3729374,1.98,69602,-5090,19.4,4.22,19,37.4,1394808,0.08,4447606236,108
Kyrgyzstan,1985,4102391,1.92,74603,-38536,20.2,4.2,21,37.4,1532417,0.08,4868943465,110
Kyrgyzstan,1990,4459543,1.68,71430,-27912,20.7,3.8,23,37,1651958,0.08,5327803110,107
Kyrgyzstan,1995,4713635,1.11,50818,-10767,20.4,3.29,25,35.2,1659749,0.08,5758878982,109
Kyrgyzstan,2000,5025145,1.29,62302,-23265,21.3,2.58,26,34.6,1736915,0.08,6171702993,111
Kyrgyzstan,2005,5246332,0.87,44237,-36288,22.2,2.65,27,34.1,1791108,0.08,6586970132,112
Kyrgyzstan,2010,5491761,0.92,49086,-6521,23,3.1,29,34.9,1914419,0.08,7021732148,113
Kyrgyzstan,2015,6001882,1.79,102024,-5071,24,3.21,31,35,2098492,0.08,7470491872,113
Kyrgyzstan,2020,6664140,2.12,132452,54704,24.6,3.05,35,34.9,2322557,0.08,7887001292,109
Kyrgyzstan,2022,6955788,2.16,145824,12596,25,2.81,36,34.8,2419608,0.09,8021407192,107
Kyrgyzstan,2023,7073516,1.69,117728,5601,25.1,2.8,37,34.9,2469676,0.09,8091734930,107
Kyrgyzstan,2024,7186009,1.59,112493,3645,25.3,2.78,37,35.1,2520990,0.09,8161972572,107
Kyrgyzstan,2025,7295034,1.52,109025,1815,25.4,2.75,38,35.3,2573712,0.09,8231613070,107
Kyrgyzstan,2026,7400465,1.45,105431,39,25.5,2.72,39,35.5,2627885,0.09,8300678395,106
Laos,1955,1893213,2.36,41733,0,18.5,6.26,8,7.6,143427,0.07,2740213792,115
Laos,1960,2121514,2.3,45660,0,18.2,6.29,9,7.9,168533,0.07,3015470894,115
Laos,1965,2376200,2.29,50937,0,17.9,6.32,10,8.3,198298,0.07,3334533703,116
Laos,1970,2669702,2.36,58700,0,17.7,6.31,12,9.7,258749,0.07,3694683794,117
Laos,1975,3005521,2.4,67164,-13858,17.5,6.29,13,11.3,338147,0.07,4070735277,114
Laos,1980,3292573,1.84,57410,-17339,16.8,6.33,14,12.2,403247,0.07,4447606236,114
Laos,1985,3739985,2.58,89482,-1376,16.7,6.33,16,13.6,509071,0.08,4868943465,112
Laos,1990,4311955,2.89,114394,-3100,16.8,6.06,19,15.2,657373,0.08,5327803110,111
Laos,1995,4929409,2.71,123491,-14279,16.8,5.36,21,17.1,843190,0.09,5758878982,105
Laos,2000,5431212,1.96,100361,-33965,17,4.43,24,21.6,1171236,0.09,6171702993,103
Laos,2005,5869523,1.56,87662,-24138,17.8,3.69,25,26.7,1564297,0.09,6586970132,104
Laos,2010,6334194,1.54,92934,-30046,19.9,3.14,27,29.6,1877890,0.09,7021732148,106
Laos,2015,6801645,1.43,93490,-12991,22,2.8,29,32.4,2206330,0.09,7470491872,106
Laos,2020,7346533,1.55,108978,-10305,23.4,2.54,32,35.4,2600131,0.09,7887001292,104
Laos,2022,7559007,1.44,106237,-10003,24,2.46,33,36.6,2765699,0.09,8021407192,103
Laos,2023,7664993,1.4,105986,-10003,24.3,2.42,33,37.2,2849332,0.09,8091734930,103
Laos,2024,7769819,1.37,104826,-10284,24.6,2.4,34,37.8,2933677,0.1,8161972572,103
Laos,2025,7873046,1.33,103227,-10645,24.9,2.36,34,38.3,3018824,0.1,8231613070,103
Laos,2026,7974017,1.28,100971,-11125,25.3,2.33,35,38.9,3104665,0.1,8300678395,103
Latvia,1955,2000462,0.84,16348,9689,29.6,1.88,32,49.5,990984,0.07,2740213792,113
Latvia,1960,2131171,1.27,26142,11420,31.2,1.94,34,52.8,1125840,0.07,3015470894,114
Latvia,1965,2252762,1.12,24318,13218,32.3,1.73,36,57.2,1288355,0.07,3334533703,118
Latvia,1970,2357559,0.91,20959,12494,33.2,1.96,38,61.2,1443775,0.06,3694683794,123
Latvia,1975,2455771,0.82,19642,12166,33.9,1.95,39,64.5,1584316,0.06,4070735277,126
Latvia,1980,2511759,0.45,11198,3099,33.9,1.88,40,67.4,1691732,0.06,4447606236,127
Latvia,1985,2579231,0.53,13494,12037,33.7,2.06,41,68.6,1769371,0.05,4868943465,131
Latvia,1990,2660131,0.62,16180,-13196,33.5,1.99,43,69.4,1845109,0.05,5327803110,131
Latvia,1995,2485949,-1.35,-34836,-13288,35.2,1.25,40,69.4,1724586,0.04,5758878982,135
Latvia,2000,2368313,-0.96,-23527,-15679,37,1.24,38,68.5,1622821,0.04,6171702993,139
Latvia,2005,2239784,-1.11,-25706,-11134,38.4,1.39,36,68.4,1531348,0.03,6586970132,141
Latvia,2010,2097831,-1.3,-28391,-36128,40.1,1.37,34,68.5,1437458,0.03,7021732148,143
Latvia,2015,1977867,-1.17,-23993,-10826,41.8,1.71,32,68.5,1354612,0.03,7470491872,150
Latvia,2020,1901123,-0.79,-15349,-3147,42.8,1.55,31,68,1293197,0.02,7887001292,150
Latvia,2022,1881063,-0.53,-10030,22027,42.9,1.47,30,67.7,1273980,0.02,8021407192,150
Latvia,2023,1882396,0.07,1333,7966,43.1,1.34,30,67.2,1265376,0.02,8091734930,150
Latvia,2024,1871871,-0.56,-10525,-2225,43.3,1.34,30,67.2,1257471,0.02,8161972572,151
Latvia,2025,1853559,-0.98,-18312,-7330,43.6,1.35,30,67.5,1250246,0.02,8231613070,151
Latvia,2026,1835935,-0.95,-17624,-360,43.8,1.35,30,67.7,1243719,0.02,8300678395,151
Lebanon,1955,1554068,2.87,40944,0,20.7,5.81,152,35.8,556202,0.06,2740213792,123
Lebanon,1960,1794406,2.92,48068,0,18.9,5.88,175,42.6,764253,0.06,3015470894,122
Lebanon,1965,2088831,3.09,58885,-742,16.9,5.77,204,51,1065741,0.06,3334533703,122
Lebanon,1970,2386114,2.7,59457,-4508,17.1,5.19,233,57.3,1366375,0.06,3694683794,122
Lebanon,1975,2693191,2.45,61415,0,18,4.52,263,64.1,1725141,0.07,4070735277,121
Lebanon,1980,2944763,1.8,50314,2104,18.7,4.01,288,65.2,1919361,0.07,4447606236,123
Lebanon,1985,3217376,1.79,54523,-1108,19.6,3.53,315,66.1,2125807,0.07,4868943465,124
Lebanon,1990,3595175,2.25,75560,-6595,20.5,3.27,351,62.5,2246758,0.07,5327803110,121
Lebanon,1995,3960735,1.96,73112,2634,21.8,2.73,387,65,2572911,0.07,5758878982,119
Lebanon,2000,4329340,1.8,73721,455,23.2,2.6,423,64.3,2782415,0.07,6171702993,116
Lebanon,2005,4671102,1.53,68352,1224,24.9,2.29,457,73.9,3453680,0.07,6586970132,115
Lebanon,2010,5041288,1.54,74037,-40915,26.8,2.26,493,75.1,3787791,0.07,7021732148,117
Lebanon,2015,6472469,5.12,286236,-239829,28.4,2.38,633,79.7,5155483,0.09,7470491872,108
Lebanon,2020,5702398,-2.5,-154014,-47787,27.8,2.31,557,93.9,5353116,0.07,7887001292,115
Lebanon,2022,5744489,0.37,21046,-27507,28.1,2.26,562,91.3,5244353,0.07,8021407192,115
Lebanon,2023,5773493,0.5,29004,-34193,28.3,2.24,564,89.6,5171646,0.07,8091734930,116
Lebanon,2024,5805962,0.56,32469,-17267,28.6,2.23,568,87.8,5098701,0.07,8161972572,116
Lebanon,2025,5849421,0.75,43459,-10230,28.8,2.21,572,86,5032693,0.07,8231613070,116
Lebanon,2026,5897467,0.82,48046,-6685,29,2.19,576,84.4,4978043,0.07,8300678395,116
Lesotho,1955,642188,2.07,12527,-1380,16.6,5.79,21,2.5,16146,0.02,2740213792,143
Lesotho,1960,736500,2.78,18862,1989,16.3,5.78,24,4.1,29906,0.02,3015470894,144
Lesotho,1965,854090,3.01,23518,2239,16.2,5.77,28,7,59437,0.03,3334533703,144
Lesotho,1970,1019273,3.6,33037,10605,17,5.7,34,8.7,88923,0.03,3694683794,143
Lesotho,1975,1213643,3.55,38874,9723,17.8,5.83,40,10.3,124517,0.03,4070735277,143
Lesotho,1980,1406521,2.99,38576,1361,17.7,5.75,46,10.7,150006,0.03,4447606236,144
Lesotho,1985,1624379,2.92,43572,1222,17.4,5.4,54,10.7,173014,0.03,4868943465,143
Lesotho,1990,1809696,2.18,37063,-11598,17.4,4.81,60,12.4,224016,0.03,5327803110,143
Lesotho,1995,1951437,1.52,28348,-14588,17.4,4.13,64,15.3,298639,0.03,5758878982,144
Lesotho,2000,2003913,0.53,10495,-26220,18.2,3.6,66,18.2,365288,0.03,6171702993,143
Lesotho,2005,1953076,-0.51,-10167,-35679,18.9,3.43,64,22.2,433749,0.03,6586970132,146
Lesotho,2010,1996251,0.44,8635,-5886,19.7,3.25,66,25.3,506015,0.03,7021732148,147
Lesotho,2015,2104611,1.06,21672,-7087,20.3,3.22,69,27.8,585146,0.03,7470491872,146
Lesotho,2020,2235727,1.22,26223,-3449,21,2.85,74,30.2,674092,0.03,7887001292,147
Lesotho,2022,2286110,1.12,25192,-6023,21.3,2.72,75,31.2,712787,0.03,8021407192,147
Lesotho,2023,2311472,1.11,25362,-5168,21.4,2.69,76,31.7,732775,0.03,8091734930,147
Lesotho,2024,2337423,1.12,25951,-5107,21.6,2.66,77,32.2,753231,0.03,8161972572,147
Lesotho,2025,2363325,1.11,25902,-5192,21.8,2.64,78,32.8,774177,0.03,8231613070,147
Lesotho,2026,2389336,1.1,26011,-4876,22.1,2.61,79,33.3,795621,0.03,8300678395,147
Liberia,1955,1016390,2.04,19498,739,18.1,6.19,11,15.5,157492,0.04,2740213792,135
Liberia,1960,1139522,2.31,24626,1886,18.2,6.39,12,18.3,208739,0.04,3015470894,135
Liberia,1965,1291156,2.53,30327,2431,18.2,6.62,13,21.5,277001,0.04,3334533703,136
Liberia,1970,1466676,2.58,35104,2285,17.6,6.58,15,25.1,368651,0.04,3694683794,136
Liberia,1975,1670913,2.64,40847,2037,17.2,6.74,17,29.5,493708,0.04,4070735277,136
Liberia,1980,1929253,2.92,51668,4016,16.9,6.87,20,34.4,664060,0.04,4447606236,135
Liberia,1985,2240539,3.04,62257,7487,16.8,6.69,23,41.5,929046,0.05,4868943465,133
Liberia,1990,2223667,-0.15,-3374,-712544,16.8,6.37,23,52.3,1162324,0.04,5327803110,135
Liberia,1995,2169162,-0.5,-10901,54372,16.9,6.17,23,43.9,952965,0.04,5758878982,139
Liberia,2000,2928117,6.18,151791,-2060,17.2,5.88,30,43.7,1278731,0.05,6171702993,135
Liberia,2005,3301015,2.43,74580,101019,17.3,5.52,34,45.5,1501819,0.05,6586970132,132
Liberia,2010,4058890,4.22,151575,2850,17.4,5.06,42,46.5,1887733,0.06,7021732148,125
Liberia,2015,4659431,2.8,120108,-15182,17.6,4.52,48,48.1,2241715,0.06,7470491872,122
Liberia,2020,5149463,2.02,98006,-10107,17.9,4.17,53,51.6,2658561,0.07,7887001292,120
Liberia,2022,5373294,2.15,111916,-5003,18.2,4.02,56,53,2845823,0.07,8021407192,120
Liberia,2023,5493031,2.23,119737,-5002,18.4,3.95,57,53.6,2944140,0.07,8091734930,120
Liberia,2024,5612817,2.18,119786,-7779,18.6,3.86,58,54.3,3045608,0.07,8161972572,118
Liberia,2025,5731206,2.11,118389,-9870,18.8,3.79,60,55,3150252,0.07,8231613070,117
Liberia,2026,5853949,2.14,122743,-1051,19,3.71,61,55.7,3258109,0.07,8300678395,117
Libya,1955,1241377,1.87,21983,14823,19,7.24,1,23.3,289027,0.05,2740213792,132
Libya,1960,1492890,3.76,50303,22559,17.5,7.51,1,26.5,395754,0.05,3015470894,131
Libya,1965,1804015,3.86,62225,-15810,15.5,7.82,1,32.3,583541,0.05,3334533703,129
Libya,1970,2082589,2.91,55715,745,13.6,8.05,1,50.9,1059737,0.06,3694683794,129
Libya,1975,2571556,4.31,97793,49544,14.4,7.98,1,64.6,1660757,0.06,4070735277,124
Libya,1980,3424378,5.9,170564,66739,15,7.54,2,65.9,2256637,0.08,4447606236,112
Libya,1985,3898745,2.63,94873,11962,16,6.33,2,75,2922777,0.08,4868943465,111
Libya,1990,4445239,2.66,109299,946,17.5,4.78,3,75.6,3359579,0.08,5327803110,110
Libya,1995,4906843,2,92321,-5068,19.5,3.44,3,76.6,3760787,0.09,5758878982,107
Libya,2000,5305021,1.57,79636,5634,21.6,2.91,3,77.1,4091103,0.09,6171702993,107
Libya,2005,5858798,2.01,110755,11024,22.6,2.77,3,76.2,4465029,0.09,6586970132,105
Libya,2010,6497839,2.09,127808,9611,24.3,2.6,4,74.1,4815154,0.09,7021732148,105
Libya,2015,6531819,0.1,6796,-7660,25.4,2.71,4,75.7,4942479,0.09,7470491872,107
Libya,2020,7045399,1.53,102716,-694,26.5,2.51,4,76.3,5375771,0.09,7887001292,105
Libya,2022,7223805,1.26,89203,-2001,26.9,2.4,4,76.8,5547099,0.09,8021407192,106
Libya,2023,7305659,1.13,81854,-2001,27.2,2.35,4,77,5626565,0.09,8091734930,106
Libya,2024,7381023,1.03,75364,3448,27.5,2.3,4,77.3,5703871,0.09,8161972572,106
Libya,2025,7458555,1.05,77532,-172,27.7,2.25,4,77.5,5780434,0.09,8231613070,105
Libya,2026,7539851,1.09,81296,2610,28,2.21,4,77.7,5856016,0.09,8300678395,105
Liechtenstein,1955,14969,1.69,241,101,27.9,2.7,94,20.2,3019,0.00055,2740213792,211
Liechtenstein,1960,16491,1.96,304,123,26.9,2.78,103,20.4,3371,0.00055,3015470894,211
Liechtenstein,1965,18602,2.44,422,193,25.9,2.96,116,19.5,3631,0.00056,3334533703,211
Liechtenstein,1970,21143,2.59,508,282,26.1,2.09,132,18.6,3924,0.00057,3694683794,211
Liechtenstein,1975,23198,1.87,411,166,27.3,1.9,145,18.5,4294,0.00057,4070735277,212
Liechtenstein,1980,25090,1.58,378,149,29.2,1.7,157,18.8,4727,0.00056,4447606236,212
Liechtenstein,1985,27009,1.48,384,199,30.5,1.5,169,17.8,4802,0.00055,4868943465,213
Liechtenstein,1990,28887,1.35,376,120,31.9,1.5,181,16.8,4866,0.00054,5327803110,212
Liechtenstein,1995,31033,1.44,429,264,33.6,1.44,194,16.4,5082,0.00054,5758878982,214
Liechtenstein,2000,33113,1.31,416,167,35.5,1.57,207,15.2,5036,0.00054,6171702993,212
Liechtenstein,2005,34691,0.94,316,117,37.6,1.49,217,14.8,5137,0.00053,6586970132,212
Liechtenstein,2010,35999,0.74,262,124,40.1,1.44,225,14.5,5208,0.00051,7021732148,213
Liechtenstein,2015,37400,0.77,280,163,42.1,1.43,234,14.3,5350,0.0005,7470491872,213
Liechtenstein,2020,38767,0.72,273,269,43.6,1.46,242,14.4,5571,0.00049,7887001292,214
Liechtenstein,2022,39317,0.71,275,212,44,1.53,246,14.5,5690,0.00049,8021407192,214
Liechtenstein,2023,39598,0.71,281,214,44.2,1.54,247,14.5,5754,0.00049,8091734930,213
Liechtenstein,2024,39870,0.69,272,206,44.4,1.54,249,14.6,5824,0.00049,8161972572,213
Liechtenstein,2025,40128,0.65,258,194,44.5,1.54,251,14.7,5900,0.00049,8231613070,213
Liechtenstein,2026,40368,0.6,240,193,44.7,1.54,252,14.8,5978,0.00049,8300678395,214
Lithuania,1955,2575311,1.14,28463,0,25.9,2.57,41,34.8,895127,0.09,2740213792,101
Lithuania,1960,2769095,1.46,38757,2328,27.5,2.62,44,39.5,1093002,0.09,3015470894,105
Lithuania,1965,2965262,1.38,39233,4196,28.7,2.23,47,44.5,1318453,0.09,3334533703,105
Lithuania,1970,3135872,1.13,34122,6530,29.8,2.4,50,49.6,1554334,0.08,3694683794,106
Lithuania,1975,3295733,1,31972,8170,30.6,2.17,53,55.7,1836988,0.08,4070735277,110
Lithuania,1980,3428419,0.79,26537,7412,30.8,2,55,61.2,2098183,0.08,4447606236,111
Lithuania,1985,3562389,0.77,26794,9417,31.1,2.1,57,65,2316928,0.07,4868943465,115
Lithuania,1990,3695012,0.73,26525,-8840,31.5,2.03,59,67.6,2497889,0.07,5327803110,119
Lithuania,1995,3627038,-0.37,-13595,-23509,33.1,1.55,58,67.3,2440163,0.06,5758878982,123
Lithuania,2000,3500402,-0.71,-25327,-16077,35,1.38,56,67,2345732,0.06,6171702993,127
Lithuania,2005,3322263,-1.04,-35628,-51357,37.5,1.29,53,67.1,2228451,0.05,6586970132,130
Lithuania,2010,3097720,-1.39,-44909,-78887,39.7,1.5,49,67.3,2085346,0.04,7021732148,134
Lithuania,2015,2905764,-1.27,-38391,-22560,41.9,1.71,46,67.8,1971134,0.04,7470491872,139
Lithuania,2020,2795765,-0.77,-22000,19884,43.2,1.49,45,69.4,1940986,0.04,7887001292,142
Lithuania,2022,2816919,0.38,10577,72100,42.6,1.27,45,68.7,1935695,0.04,8021407192,143
Lithuania,2023,2854099,1.32,37180,44935,42.1,1.2,46,67.7,1933230,0.04,8091734930,141
Lithuania,2024,2859110,0.18,5011,2617,42,1.21,46,67.5,1930992,0.04,8161972572,141
Lithuania,2025,2830144,-1.01,-28966,-24618,42.3,1.22,45,68.2,1929035,0.03,8231613070,142
Lithuania,2026,2797338,-1.16,-32806,-4846,42.6,1.22,45,68.9,1927242,0.03,8300678395,143
Luxembourg,1955,305312,0.58,1748,434,34,2.17,118,68.4,208830,0.01,2740213792,159
Luxembourg,1960,313877,0.55,1713,61,34.1,2.28,121,69.7,218815,0.01,3015470894,160
Luxembourg,1965,329702,0.99,3165,2203,34.2,2.4,127,72.1,237576,0.0099,3334533703,160
Luxembourg,1970,339332,0.58,1926,853,34.3,1.97,131,74.4,252625,0.0092,3694683794,161
Luxembourg,1975,353680,0.83,2870,2794,34,1.56,137,77.4,273618,0.0087,4070735277,163
Luxembourg,1980,363705,0.56,2005,840,33.9,1.5,140,80.1,291384,0.0082,4447606236,163
Luxembourg,1985,366661,0.16,591,1067,34.8,1.39,142,80.7,295961,0.0075,4868943465,167
Luxembourg,1990,381700,0.81,3008,3992,35.3,1.6,147,81,309047,0.0072,5327803110,169
Luxembourg,1995,408227,1.35,5305,4385,35.7,1.71,158,82.9,338327,0.0071,5758878982,170
Luxembourg,2000,436132,1.33,5581,4516,36.2,1.76,168,84.2,367269,0.0071,6171702993,171
Luxembourg,2005,465363,1.31,5846,6310,37.2,1.63,180,85.2,396482,0.0071,6586970132,171
Luxembourg,2010,507410,1.75,8409,7909,38,1.62,196,88.6,449722,0.0072,7021732148,171
Luxembourg,2015,569536,2.34,12425,11377,38.3,1.46,220,89.7,511081,0.0076,7470491872,170
Luxembourg,2020,630597,2.06,12212,6967,38.6,1.36,243,87.6,552328,0.008,7887001292,168
Luxembourg,2022,653313,1.79,11358,13194,38.7,1.39,252,87.1,568739,0.0081,8021407192,168
Luxembourg,2023,665098,1.8,11785,5905,38.9,1.4,257,86.8,577139,0.0082,8091734930,168
Luxembourg,2024,673036,1.19,7938,5677,39.2,1.4,260,87,585372,0.0082,8161972572,168
Luxembourg,2025,680453,1.1,7417,5237,39.5,1.4,263,87.2,593272,0.0083,8231613070,168
Luxembourg,2026,687448,1.03,6995,4938,39.7,1.41,265,87.4,600808,0.0083,8300678395,168
Macao,1955,195442,-0.12,-242,-8593,23.5,5.26,6515,93.2,182204,0.0071,2740213792,167
Macao,1960,173315,-2.37,-4425,-8727,21.9,4.96,5777,92.3,159892,0.0057,3015470894,171
Macao,1965,265631,8.92,18463,-5424,12.6,3.62,8854,73.6,195462,0.008,3334533703,166
Macao,1970,257396,-0.63,-1647,5733,17,2.08,8580,92.8,238887,0.007,3694683794,169
Macao,1975,223940,-2.75,-6691,4428,14.8,1.55,7465,,,0.0055,4070735277,172
Macao,1980,246097,1.9,4431,3290,23.4,1.73,8203,95.3,234592,0.0055,4447606236,174
Macao,1985,291277,3.43,9036,5601,25.8,2.23,9709,96.8,281813,0.006,4868943465,173
Macao,1990,351123,3.81,11969,6251,27.4,1.71,11704,97.7,343119,0.0066,5327803110,173
Macao,1995,398693,2.57,9514,4396,29.6,1.37,13290,96.7,385339,0.0069,5758878982,172
Macao,2000,437309,1.87,7723,4775,31.5,0.93,14577,97.9,427979,0.0071,6171702993,170
Macao,2005,495411,2.53,11620,11544,33,0.86,16514,97.4,482559,0.0075,6586970132,168
Macao,2010,562806,2.58,13479,10079,35.3,1.05,18760,95.4,536969,0.008,7021732148,167
Macao,2015,622179,2.03,11875,7533,36,1.14,20739,96.6,600942,0.0083,7470491872,168
Macao,2020,683067,1.88,12178,8842,37,0.86,22769,95.4,651875,0.0087,7887001292,167
Macao,2022,704356,1.55,10645,8748,37.8,0.66,23479,95.4,671858,0.0088,8021407192,167
Macao,2023,713912,1.36,9556,8807,38.3,0.66,23797,95.5,681876,0.0088,8091734930,167
Macao,2024,720262,0.89,6350,1620,38.9,0.68,24009,96,691748,0.0088,8161972572,167
Macao,2025,722007,0.24,1745,-328,39.6,0.69,24067,97.1,701381,0.0088,8231613070,167
Macao,2026,723188,0.16,1181,826,40.3,0.7,24106,98.3,710768,0.0087,8300678395,167
Madagascar,1955,4490113,2.56,106808,0,18.4,7.4,8,9.2,414442,0.16,2740213792,73
Madagascar,1960,5111029,2.62,124183,0,16.8,7.34,9,10.6,542656,0.17,3015470894,73
Madagascar,1965,5819116,2.63,141617,-550,15.5,7.17,10,12.3,714199,0.17,3334533703,70
Madagascar,1970,6672003,2.77,170577,-2658,15.6,7.1,11,13.9,927259,0.18,3694683794,68
Madagascar,1975,7739336,3.01,213467,-5173,15.5,6.97,13,15.9,1234215,0.19,4070735277,66
Madagascar,1980,9006032,3.08,253339,-4005,15.4,6.84,15,17.9,1614681,0.2,4447606236,64
Madagascar,1985,10433142,2.99,285422,-1947,15.4,6.46,18,20.2,2106614,0.21,4868943465,59
Madagascar,1990,12055639,2.93,324499,-1777,15.8,6.14,21,22.7,2733282,0.23,5327803110,58
Madagascar,1995,14051275,3.11,399127,-1670,16,6.04,24,24.7,3476130,0.24,5758878982,59
Madagascar,2000,16516338,3.29,493013,-4298,16.1,5.67,28,25.9,4276171,0.27,6171702993,56
Madagascar,2005,19159707,3.01,528674,-4869,16.2,5.2,33,27.6,5283543,0.29,6586970132,57
Madagascar,2010,22183340,2.97,604727,-1979,16.7,4.9,38,30.5,6755337,0.32,7021732148,55
Madagascar,2015,25426702,2.77,648672,-2594,17.5,4.33,44,33.5,8528793,0.34,7470491872,52
Madagascar,2020,28953556,2.63,705371,-1480,18.4,4.17,50,36.9,10670252,0.37,7887001292,50
Madagascar,2022,30437261,2.53,741853,-1487,18.7,4.04,52,38.2,11635629,0.38,8021407192,49
Madagascar,2023,31195932,2.49,758671,-1487,18.9,3.97,54,38.9,12141777,0.39,8091734930,49
Madagascar,2024,31964956,2.47,769024,-1795,19,3.91,55,39.6,12663299,0.39,8161972572,49
Madagascar,2025,32740678,2.43,775722,-2227,19.2,3.85,56,40.3,13199949,0.4,8231613070,49
Madagascar,2026,33522052,2.39,781374,-2665,19.4,3.78,58,41,13751596,0.4,8300678395,49
Malawi,1955,3246543,1.93,59249,0,16.8,6.84,34,3.9,127621,0.12,2740213792,90
Malawi,1960,3628134,2.25,76318,0,17.1,7.04,38,4.4,158848,0.12,3015470894,89
Malawi,1965,4096157,2.46,93605,0,17.4,7.13,43,4.9,199188,0.12,3334533703,89
Malawi,1970,4633944,2.5,107557,-2147,16.9,7.29,49,6,278646,0.13,3694683794,86
Malawi,1975,5287367,2.67,130685,5162,16.4,7.36,56,7.7,404986,0.13,4070735277,83
Malawi,1980,6265529,3.45,195632,52294,16.2,7.52,66,8.9,557771,0.14,4447606236,81
Malawi,1985,7620508,3.99,270996,74625,16.2,7.17,81,9.6,732861,0.16,4868943465,78
Malawi,1990,9545852,4.61,385069,71111,16.2,6.74,101,11.4,1090992,0.18,5327803110,72
Malawi,1995,10150117,1.24,120853,-66366,15.7,6.39,108,12.9,1314278,0.18,5758878982,73
Malawi,2000,11315942,2.2,233165,-28098,15.7,6,120,14.7,1662050,0.18,6171702993,70
Malawi,2005,12840031,2.56,304818,-31462,15.7,5.85,136,15.3,1962982,0.19,6586970132,69
Malawi,2010,14826463,2.92,397286,-9327,15.7,5.26,157,15.9,2357581,0.21,7021732148,67
Malawi,2015,17085587,2.88,451825,-6471,16,4.38,181,16.8,2866700,0.23,7470491872,66
Malawi,2020,19533888,2.71,489660,-2655,16.9,3.88,207,18.1,3534836,0.25,7887001292,62
Malawi,2022,20568728,2.61,517420,-5231,17.3,3.72,218,18.7,3855794,0.26,8021407192,62
Malawi,2023,21104482,2.6,535754,-5811,17.6,3.65,224,19.1,4029578,0.26,8091734930,62
Malawi,2024,21655286,2.61,550804,-1507,17.8,3.59,230,19.5,4213135,0.27,8161972572,62
Malawi,2025,22216120,2.59,560834,-5628,18.1,3.53,236,19.8,4407124,0.27,8231613070,62
Malawi,2026,22785535,2.56,569415,1348,18.4,3.45,242,20.2,4612145,0.27,8300678395,62
Malaysia,1955,6959963,2.68,172336,-12169,17.4,6.45,21,23.7,1648504,0.25,2740213792,57
Malaysia,1960,7956197,2.71,199247,-46948,16.5,6.41,24,27.3,2169592,0.26,3015470894,56
Malaysia,1965,9056408,2.62,220042,-36456,15.6,5.84,28,31.5,2849667,0.27,3334533703,53
Malaysia,1970,10178802,2.36,224479,-31839,16.3,5.04,31,35.5,3614368,0.28,3694683794,52
Malaysia,1975,11471914,2.42,258622,-20480,17.5,4.5,35,39.9,4579380,0.28,4070735277,52
Malaysia,1980,12983363,2.51,302290,80617,18.7,4.04,40,44.7,5801245,0.29,4447606236,52
Malaysia,1985,15252258,3.27,453779,120215,19.7,3.8,46,46.9,7158888,0.31,4868943465,49
Malaysia,1990,17833171,3.18,516183,135020,20.4,3.3,54,50.4,8981973,0.33,5327803110,45
Malaysia,1995,20330599,2.66,499486,72393,21.5,3.32,62,56.1,11413601,0.35,5758878982,47
Malaysia,2000,22967816,2.47,527443,125499,22.5,2.94,70,62.6,14369654,0.37,6171702993,45
Malaysia,2005,25836071,2.38,573651,225864,23.2,2.39,79,66.1,17087554,0.39,6586970132,44
Malaysia,2010,28655776,2.09,563941,157164,25,2.14,87,69.6,19934949,0.41,7021732148,42
Malaysia,2015,31232798,1.74,515404,187663,26.8,2.01,95,73,22800563,0.42,7470491872,41
Malaysia,2020,33889558,1.65,531352,101907,28.6,1.68,103,74.8,25361963,0.43,7887001292,42
Malaysia,2022,34695493,1.18,402968,188154,29.6,1.55,106,76,26366660,0.43,8021407192,44
Malaysia,2023,35126298,1.24,430805,181071,30.1,1.55,107,76.5,26866688,0.43,8091734930,44
Malaysia,2024,35557673,1.23,431375,174770,30.5,1.54,108,76.9,27360379,0.44,8161972572,44
Malaysia,2025,35977838,1.18,420165,166615,31,1.53,110,77.4,27844592,0.44,8231613070,44
Malaysia,2026,36385115,1.13,407277,159001,31.4,1.52,111,77.8,28318717,0.44,8300678395,45
Maldives,1955,81602,1.85,1431,0,18.8,6.33,272,10.6,8680,0.003,2740213792,180
Maldives,1960,91189,2.25,1917,-32,19.6,6.71,304,11,10043,0.003,3015470894,181
Maldives,1965,104102,2.68,2583,1709,18.9,7.07,347,11.3,11775,0.0031,3334533703,181
Maldives,1970,123219,3.43,3823,330,16.2,7.39,411,11.2,13768,0.0033,3694683794,180
Maldives,1975,143158,3.05,3988,-14,15.9,7.32,477,16.5,23623,0.0035,4070735277,181
Maldives,1980,164835,2.86,4335,-903,15.8,7.23,549,21.4,35241,0.0037,4447606236,179
Maldives,1985,190169,2.9,5067,-382,15.9,6.94,634,25.4,48340,0.0039,4868943465,179
Maldives,1990,224762,3.4,6919,-271,15.4,6.13,749,25.7,57679,0.0042,5327803110,179
Maldives,1995,256649,2.69,6377,-302,15.8,4.29,855,25.4,65143,0.0045,5758878982,179
Maldives,2000,282019,1.9,5074,300,17.7,2.69,940,27.5,77683,0.0046,6171702993,177
Maldives,2005,306429,1.67,4882,578,20.4,2.2,1021,35.1,107606,0.0047,6586970132,178
Maldives,2010,360792,3.32,10873,6369,23.4,2.35,1203,36.8,132805,0.0051,7021732148,178
Maldives,2015,428154,3.48,13472,9324,26.6,2,1427,37.7,161207,0.0057,7470491872,174
Maldives,2020,502118,3.24,14793,9642,29.1,1.61,1674,37.2,186634,0.0064,7887001292,174
Maldives,2022,524106,2.17,10994,-2674,30.3,1.58,1747,37.4,196187,0.0065,8021407192,173
Maldives,2023,525994,0.36,1888,-2877,31.1,1.57,1753,38.2,200834,0.0065,8091734930,173
Maldives,2024,527799,0.34,1805,-2421,31.9,1.56,1759,38.9,205383,0.0065,8161972572,173
Maldives,2025,529676,0.36,1877,-2283,32.7,1.55,1766,39.6,209810,0.0064,8231613070,173
Maldives,2026,531517,0.35,1841,-2079,33.4,1.53,1772,40.3,214123,0.0064,8300678395,173
Mali,1955,5041934,1.43,69005,-9826,19.2,6.95,4,9.6,482207,0.18,2740213792,67
Mali,1960,5402550,1.39,72123,-10314,18.8,7.02,4,10.8,582508,0.18,3015470894,69
Mali,1965,5815487,1.48,82587,-13662,18.7,7.08,5,12.1,702069,0.17,3334533703,71
Mali,1970,6276472,1.54,92197,-17479,18.3,7.18,5,13.6,852497,0.17,3694683794,72
Mali,1975,6837261,1.73,112158,-26572,17.8,7.25,6,15.4,1052952,0.17,4070735277,73
Mali,1980,7530515,1.95,138651,-30156,17,7.37,6,17.4,1310570,0.17,4447606236,74
Mali,1985,8374663,2.15,168830,-63347,16.2,7.26,7,19.7,1645712,0.17,4868943465,72
Mali,1990,9178830,1.85,160833,-68668,15.4,7.31,8,21.5,1974293,0.17,5327803110,73
Mali,1995,10185365,2.1,201307,-67763,15.2,7.05,8,24.1,2450930,0.18,5758878982,72
Mali,2000,11559290,2.56,274785,-17395,15.4,6.89,9,26.9,3110018,0.19,6171702993,68
Mali,2005,13538647,3.21,395871,-17413,15.5,6.71,11,30.3,4103334,0.21,6586970132,66
Mali,2010,15945198,3.33,481310,-34483,15.3,6.58,13,34,5426927,0.23,7021732148,65
Mali,2015,18593022,3.12,529565,-48872,14.9,6.38,15,37.6,6985593,0.25,7470491872,62
Mali,2020,21713836,3.15,624163,-14962,15.1,5.85,18,41,8906636,0.28,7887001292,59
Mali,2022,23072640,3.08,679402,-39951,15.3,5.69,19,42.4,9775868,0.29,8021407192,58
Mali,2023,23769127,3.02,696487,-39953,15.5,5.61,19,43,10232281,0.29,8091734930,57
Mali,2024,24478595,2.98,709468,-46880,15.6,5.51,20,43.7,10703771,0.3,8161972572,58
Mali,2025,25198821,2.94,720226,-48019,15.7,5.42,21,44.4,11190626,0.31,8231613070,58
Mali,2026,25932275,2.91,733454,-52609,15.9,5.33,21,45.1,11692837,0.31,8300678395,58
Malta,1955,318139,1.54,4692,-1549,22.5,4.01,994,88.4,281301,0.01,2740213792,157
Malta,1960,330820,0.78,2536,-5540,22.7,3.63,1034,84.9,280781,0.01,3015470894,159
Malta,1965,327398,-0.21,-684,-4329,23.4,2.44,1023,88.1,288356,0.0098,3334533703,161
Malta,1970,326011,-0.08,-277,-1123,24.7,2.07,1019,88.1,287114,0.0088,3694683794,162
Malta,1975,333450,0.45,1488,-1742,26.9,2.15,1042,86.9,289707,0.0082,4070735277,164
Malta,1980,342877,0.56,1885,-886,29,1.99,1071,87.3,299232,0.0077,4447606236,165
Malta,1985,352566,0.56,1938,-428,30.5,1.95,1102,89,313678,0.0072,4868943465,170
Malta,1990,367908,0.86,3068,568,32,2.04,1150,89.5,329377,0.0069,5327803110,172
Malta,1995,384550,0.89,3328,1306,33.7,1.79,1202,89.9,345871,0.0067,5758878982,174
Malta,2000,399895,0.79,3069,1591,35.5,1.67,1250,91.6,366394,0.0065,6171702993,174
Malta,2005,413320,0.66,2685,1626,37.1,1.38,1292,92.2,380936,0.0063,6586970132,172
Malta,2010,422651,0.45,1866,741,38.6,1.38,1321,92.6,391441,0.006,7021732148,172
Malta,2015,444981,1.04,4466,9588,39.5,1.38,1391,90.7,403728,0.006,7470491872,173
Malta,2020,518207,3.09,14645,6904,38.9,1.13,1619,79.4,411533,0.0066,7887001292,172
Malta,2022,528192,0.96,4993,2480,39.7,1.1,1651,78.4,414163,0.0066,8021407192,172
Malta,2023,532956,0.9,4764,6591,40.3,1.1,1665,77.9,415375,0.0066,8091734930,172
Malta,2024,539607,1.25,6651,6323,40.7,1.11,1686,77.2,416462,0.0066,8161972572,172
Malta,2025,545405,1.07,5798,5161,41.1,1.11,1704,76.5,417398,0.0066,8231613070,172
Malta,2026,549011,0.66,3606,2157,41.5,1.12,1716,76.2,418178,0.0066,8300678395,172
Marshall Islands,1955,13482,0.74,97,-316,17.1,7.91,75,30,4040,0.00049,2740213792,213
Marshall Islands,1960,14703,1.75,244,63,16.2,8.08,82,35.5,5217,0.00049,3015470894,213
Marshall Islands,1965,17402,3.43,540,-22,15.2,8.16,97,42.4,7374,0.00052,3334533703,212
Marshall Islands,1970,22530,5.3,1026,201,16.2,8.07,125,48.4,10910,0.00061,3694683794,210
Marshall Islands,1975,26154,3.03,725,-193,14.8,7.83,145,59.3,15507,0.00064,4070735277,210
Marshall Islands,1980,30774,3.31,924,-155,13.9,7.37,171,57.9,17825,0.00069,4447606236,209
Marshall Islands,1985,37761,4.18,1397,-1,13.7,6.87,210,62.9,23745,0.00078,4868943465,209
Marshall Islands,1990,44629,3.4,1374,-562,13.9,5.97,248,68.9,30769,0.00084,5327803110,208
Marshall Islands,1995,48266,1.58,727,-991,15.3,5.09,268,70.5,34041,0.00084,5758878982,207
Marshall Islands,2000,50706,0.99,488,-1110,17.1,4.7,282,70.5,35771,0.00082,6171702993,208
Marshall Islands,2005,51906,0.47,240,-1482,18.7,4.28,288,71.3,37031,0.00079,6586970132,208
Marshall Islands,2010,52044,0.05,28,-1221,19.6,3.67,289,74.1,38568,0.00074,7021732148,209
Marshall Islands,2015,48800,-1.28,-649,-1964,20.5,3.13,271,82.3,40175,0.00065,7470491872,210
Marshall Islands,2020,42706,-2.63,-1219,-2004,21.4,2.99,237,97,41426,0.00054,7887001292,212
Marshall Islands,2022,40077,-3.13,-1315,-1829,21,2.94,223,,,0.0005,8021407192,213
Marshall Islands,2023,38827,-3.12,-1250,-1832,20.7,2.92,216,,,0.00048,8091734930,216
Marshall Islands,2024,37548,-3.29,-1279,-1765,20.5,2.86,209,,,0.00046,8161972572,217
Marshall Islands,2025,36282,-3.37,-1266,-1698,20.4,2.82,202,,,0.00044,8231613070,217
Marshall Islands,2026,35075,-3.33,-1207,-1575,20.5,2.77,195,,,0.00042,8300678395,217
Martinique,1955,261041,2.38,5794,-1956,18.3,5.69,246,31.7,82620,0.0095,2740213792,161
Martinique,1960,288771,2.04,5546,-1890,17.7,5.67,272,39.1,112900,0.0096,3015470894,162
Martinique,1965,312760,1.61,4798,-3495,17,5.48,295,49.7,155417,0.0094,3334533703,163
Martinique,1970,325520,0.8,2552,-5902,17.2,4.53,307,60.9,198316,0.0088,3694683794,163
Martinique,1975,327339,0.11,364,-2723,18.3,3.13,309,71.3,233419,0.008,4070735277,165
Martinique,1980,332284,0.3,989,-2866,21.2,2.19,313,78,259100,0.0075,4447606236,167
Martinique,1985,347149,0.88,2973,383,24.3,2.08,327,82.1,284886,0.0071,4868943465,172
Martinique,1990,371000,1.34,4770,1800,28.7,2.02,350,83.4,309282,0.007,5327803110,171
Martinique,1995,403497,1.69,6499,2896,31.4,1.92,381,80.8,326044,0.007,5758878982,171
Martinique,2000,421382,0.87,3577,-6965,33.2,1.9,398,82.4,347193,0.0068,6171702993,172
Martinique,2005,401847,-0.94,-3907,-5759,36.2,1.94,379,88.3,354729,0.0061,6586970132,174
Martinique,2010,397384,-0.22,-893,-4602,39,2.04,375,88.5,351666,0.0057,7021732148,175
Martinique,2015,383731,-0.7,-2731,-4683,42.9,1.97,362,89.5,343326,0.0051,7470491872,178
Martinique,2020,356615,-1.46,-5423,-2918,47.5,2.03,336,96.3,343595,0.0045,7887001292,180
Martinique,2022,349459,-1.01,-3578,-4022,48.2,2.02,330,98.4,343934,0.0044,8021407192,180
Martinique,2023,346002,-0.99,-3457,-3078,48.8,2.01,326,99.4,344019,0.0043,8091734930,180
Martinique,2024,343195,-0.81,-2807,-2744,49.3,1.99,324,,,0.0042,8161972572,180
Martinique,2025,340439,-0.8,-2756,-2491,49.7,1.97,321,,,0.0041,8231613070,180
Martinique,2026,337711,-0.8,-2728,-2264,50.2,1.95,319,,,0.0041,8300678395,182
Mauritania,1955,730724,2.13,14602,-286,17.4,5.92,1,4.7,34636,0.03,2740213792,142
Mauritania,1960,824298,2.44,18715,-318,17.7,6.15,1,7.2,59044,0.03,3015470894,143
Mauritania,1965,945838,2.79,24308,-434,17.7,6.44,1,10.6,100130,0.03,3334533703,142
Mauritania,1970,1099806,3.06,30794,-855,17,6.68,1,15.2,167332,0.03,3694683794,142
Mauritania,1975,1277330,3.04,35505,-1472,16.2,6.71,1,21.4,273299,0.03,4070735277,142
Mauritania,1980,1474043,2.91,39343,-2997,15.8,6.67,1,28.5,419900,0.03,4447606236,142
Mauritania,1985,1702107,2.92,45613,-2998,15.9,6.42,2,36.4,619375,0.03,4868943465,142
Mauritania,1990,1951878,2.78,49954,-3000,16,6.17,2,40.9,798307,0.04,5327803110,141
Mauritania,1995,2312017,3.44,72028,-22997,16.5,5.96,2,39,900703,0.04,5758878982,138
Mauritania,2000,2613441,2.48,60285,-2997,16.6,5.46,3,39.5,1032034,0.04,6171702993,136
Mauritania,2005,2939059,2.38,65124,-18693,16.5,5.38,3,44.9,1318368,0.04,6586970132,136
Mauritania,2010,3390965,2.9,90381,1128,16.7,5.38,3,49.6,1681621,0.05,7021732148,132
Mauritania,2015,3965959,3.18,114999,-3019,16.7,5.21,4,53.9,2136699,0.05,7470491872,128
Mauritania,2020,4600131,3.01,126834,-1483,16.8,4.91,4,57.5,2646714,0.06,7887001292,126
Mauritania,2022,4875637,2.95,137753,2999,17,4.77,5,58.8,2865171,0.06,8021407192,126
Mauritania,2023,5022441,3.01,146804,2999,17.1,4.7,5,59.3,2977287,0.06,8091734930,127
Mauritania,2024,5169395,2.93,146954,-2185,17.3,4.63,5,59.8,3091176,0.06,8161972572,126
Mauritania,2025,5315065,2.82,145670,-5044,17.4,4.56,5,60.3,3206736,0.06,8231613070,124
Mauritania,2026,5461319,2.75,146254,-5842,17.5,4.49,5,60.9,3323875,0.07,8300678395,123
Mauritius,1955,599588,2.67,14806,-1272,16.7,5.83,295,30.1,180433,0.02,2740213792,145
Mauritius,1960,680331,2.56,16149,-7083,16.1,5.9,335,34.1,231739,0.02,3015470894,145
Mauritius,1965,752660,2.04,14466,-3597,16.4,5.51,371,38.8,292028,0.02,3334533703,145
Mauritius,1970,827696,1.92,15007,-1281,17.4,3.82,408,42.5,351699,0.02,3694683794,145
Mauritius,1975,888023,1.42,12065,-3869,19.2,3.2,437,43.6,387600,0.02,4070735277,146
Mauritius,1980,954216,1.45,13239,-1739,20.8,2.8,470,42.9,409127,0.02,4447606236,149
Mauritius,1985,1025063,1.44,14169,615,22.5,2.05,505,41.9,429921,0.02,4868943465,150
Mauritius,1990,1089024,1.22,12792,-1938,24.6,2.3,536,42.6,463526,0.02,5327803110,150
Mauritius,1995,1159821,1.27,14159,-1144,26.4,2.14,571,42.1,488537,0.02,5758878982,151
Mauritius,2000,1216629,0.96,11362,-2326,28,1.98,599,41.6,505705,0.02,6171702993,153
Mauritius,2005,1257215,0.66,8117,-2840,29.7,1.82,619,40.9,514605,0.02,6586970132,153
Mauritius,2010,1282709,0.4,5099,-2624,31.8,1.5,632,40.4,518584,0.02,7021732148,154
Mauritius,2015,1292275,0.15,1913,-3645,34,1.32,637,40,516377,0.02,7470491872,156
Mauritius,2020,1283223,-0.14,-1810,-5895,35.9,1.39,632,40.5,519330,0.02,7887001292,158
Mauritius,2022,1276130,-0.28,-3547,-2824,36.5,1.27,629,40.9,521772,0.02,8021407192,158
Mauritius,2023,1273588,-0.2,-2542,-2824,36.9,1.24,627,41.1,523224,0.02,8091734930,158
Mauritius,2024,1271169,-0.19,-2419,-2787,37.4,1.23,626,41.3,524857,0.02,8161972572,158
Mauritius,2025,1268280,-0.23,-2889,-2784,37.8,1.21,625,41.5,526689,0.02,8231613070,158
Mauritius,2026,1265059,-0.25,-3221,-2679,38.3,1.21,623,41.8,528727,0.02,8300678395,159
Mayotte,1955,22825,2.15,460,-105,17.1,6.87,61,9.9,2256,0.00083,2740213792,205
Mayotte,1960,25992,2.63,633,-98,14.8,6.99,69,15.1,3922,0.00086,3015470894,206
Mayotte,1965,30180,3.03,838,-45,14.4,7.12,80,22.3,6726,0.00091,3334533703,206
Mayotte,1970,35096,3.06,983,-367,14.2,7.37,94,26.5,9296,0.00095,3694683794,206
Mayotte,1975,40968,3.14,1174,-336,13.7,7.53,109,30.6,12528,0.001,4070735277,205
Mayotte,1980,50145,4.13,1835,563,13.8,7.32,134,33.1,16585,0.0011,4447606236,203
Mayotte,1985,65588,5.52,3089,825,14.5,6.69,175,36.3,23794,0.0013,4868943465,199
Mayotte,1990,89593,6.44,4801,1633,15.7,6.05,239,38.1,34176,0.0017,5327803110,196
Mayotte,1995,122576,6.47,6597,2674,16.8,5.59,327,41.7,51068,0.0021,5758878982,191
Mayotte,2000,156492,5.01,6783,847,16.9,4.96,417,45.9,71754,0.0025,6171702993,189
Mayotte,2005,179601,2.79,4622,-595,16.7,4.5,479,49.8,89462,0.0027,6586970132,187
Mayotte,2010,207422,2.92,5564,-1606,16.4,4.43,553,49.3,102176,0.003,7021732148,186
Mayotte,2015,245579,3.43,7631,1685,16.4,4.67,655,45.9,112783,0.0033,7470491872,186
Mayotte,2020,284370,2.98,7758,1226,16.7,4.17,758,43.9,124952,0.0036,7887001292,183
Mayotte,2022,305269,3.61,10450,1030,16.7,4.66,814,42.7,130404,0.0038,8021407192,182
Mayotte,2023,316015,3.52,10746,137,16.8,4.62,843,42.2,133282,0.0039,8091734930,182
Mayotte,2024,326505,3.32,10490,108,16.9,4.56,871,41.7,136281,0.004,8161972572,182
Mayotte,2025,337011,3.22,10506,44,17.1,4.5,899,41.4,139411,0.0041,8231613070,181
Mayotte,2026,347536,3.12,10525,-2,17.3,4.43,927,41.1,142679,0.0042,8300678395,180
Mexico,1955,31650600,2.79,812532,-62377,16.1,6.73,16,48.1,15220256,1.2,2740213792,16
Mexico,1960,36724615,3.02,1014803,-85591,15.5,6.76,19,52.8,19374402,1.2,3015470894,16
Mexico,1965,43174477,3.29,1289972,-78288,15.1,6.82,22,56.8,24512097,1.3,3334533703,16
Mexico,1970,50814953,3.31,1528095,-164100,15,6.53,26,60.4,30708514,1.4,3694683794,14
Mexico,1975,58982400,3.03,1633489,-216556,15.1,5.74,30,64.8,38203008,1.4,4070735277,12
Mexico,1980,67300334,2.67,1663587,-252177,15.7,4.74,35,68.4,46013540,1.5,4447606236,12
Mexico,1985,75043414,2.2,1548616,-445447,17.2,4.09,39,71.1,53340061,1.5,4868943465,12
Mexico,1990,82820170,1.99,1555351,-321764,18.7,3.44,43,73.6,60961783,1.6,5327803110,11
Mexico,1995,90862455,1.87,1608457,-340091,20.3,3.04,47,75.9,68998980,1.6,5758878982,11
Mexico,2000,98625552,1.65,1552619,-356433,21.8,2.71,51,77.1,76007411,1.6,6171702993,11
Mexico,2005,105811504,1.42,1437190,-310278,23.4,2.5,54,78.2,82773323,1.6,6586970132,11
Mexico,2010,113623895,1.43,1562478,-40845,24.8,2.34,58,80.3,91292115,1.6,7021732148,11
Mexico,2015,121072306,1.28,1489682,-291044,26.3,2.14,62,82.4,99812701,1.6,7470491872,11
Mexico,2020,126799054,0.93,1145350,-147456,27.9,1.99,65,85.2,108074410,1.6,7887001292,10
Mexico,2022,128613117,0.71,907032,-108438,28.5,1.94,66,86.5,111274113,1.6,8021407192,10
Mexico,2023,129739759,0.88,1126642,-101044,28.9,1.91,67,87,112846229,1.6,8091734930,10
Mexico,2024,130861007,0.86,1121248,-104581,29.3,1.89,67,87.4,114397383,1.6,8161972572,11
Mexico,2025,131946900,0.83,1085893,-108037,29.6,1.87,68,87.9,115925945,1.6,8231613070,11
Mexico,2026,132997658,0.8,1050758,-109844,30,1.85,68,88.3,117430687,1.6,8300678395,11
Micronesia,1955,36974,2.86,974,0,17.3,6.65,53,21.7,8008,0.0013,2740213792,199
Micronesia,1960,43061,3.09,1217,193,16.4,6.74,62,23.1,9937,0.0014,3015470894,198
Micronesia,1965,50684,3.31,1525,-88,15.5,6.74,72,24.3,12296,0.0015,3334533703,197
Micronesia,1970,58922,3.06,1648,-192,15.3,6.93,84,25.9,15240,0.0016,3694683794,197
Micronesia,1975,67428,2.73,1701,-753,14.9,6.88,96,24.2,16327,0.0017,4070735277,194
Micronesia,1980,77407,2.8,1996,-291,15,6.42,111,24.9,19296,0.0017,4447606236,194
Micronesia,1985,89707,2.99,2460,-291,15.1,5.75,128,25,22406,0.0018,4868943465,194
Micronesia,1990,100888,2.38,2236,-993,15.5,5.05,144,24.7,24870,0.0019,5327803110,193
Micronesia,1995,110230,1.79,1868,-2192,16.8,4.49,157,24.5,26962,0.0019,5758878982,193
Micronesia,2000,112044,0.33,363,-2402,17.8,4.22,160,21.4,23990,0.0018,6171702993,193
Micronesia,2005,111412,-0.11,-126,-2968,19.5,3.6,159,21.3,23714,0.0017,6586970132,193
Micronesia,2010,107540,-0.7,-774,-1798,20.3,3.27,154,21.5,23105,0.0015,7021732148,195
Micronesia,2015,108716,0.22,235,-1413,21,3.05,155,21.6,23452,0.0015,7470491872,194
Micronesia,2020,110916,0.4,440,-680,22.1,2.85,158,22.3,24716,0.0014,7887001292,195
Micronesia,2022,112114,0.54,599,-1159,22.6,2.79,160,22.7,25416,0.0014,8021407192,195
Micronesia,2023,112630,0.46,516,-1134,22.9,2.75,161,22.9,25802,0.0014,8091734930,195
Micronesia,2024,113160,0.47,530,-1104,23.1,2.74,162,23.2,26216,0.0014,8161972572,195
Micronesia,2025,113683,0.46,523,-1125,23.3,2.71,162,23.5,26661,0.0014,8231613070,195
Micronesia,2026,114183,0.44,500,-1121,23.5,2.67,163,23.8,27133,0.0014,8300678395,
Moldova,1955,2775557,1.88,49439,3068,23.2,3.49,84,19.6,542742,0.1,2740213792,97
Moldova,1960,3076166,2.08,60122,13697,23.5,3.31,94,22.9,703556,0.1,3015470894,98
Moldova,1965,3385972,1.94,61961,18066,24.7,2.69,103,27.2,919503,0.1,3334533703,99
Moldova,1970,3643517,1.48,51509,606,25.6,2.56,111,31.6,1152673,0.1,3694683794,102
Moldova,1975,3836946,1.04,38686,2355,25.4,2.52,117,36.2,1390531,0.09,4070735277,103
Moldova,1980,4048713,1.08,42353,-3693,26.6,2.38,123,40,1619445,0.09,4447606236,105
Moldova,1985,4261131,1.03,42484,-10627,27.7,2.67,130,43.7,1861995,0.09,4868943465,107
Moldova,1990,4451148,0.88,38003,-30053,28.9,2.39,135,45.8,2040769,0.08,5327803110,108
Moldova,1995,4414211,-0.17,-7387,-31975,30.1,1.82,134,45.5,2008726,0.08,5758878982,114
Moldova,2000,4234967,-0.83,-35849,-43854,31,1.5,129,44.2,1873240,0.07,6171702993,119
Moldova,2005,3988669,-1.19,-49260,-68681,31.9,1.53,121,44.6,1778440,0.06,6586970132,126
Moldova,2010,3631992,-1.86,-71335,-84039,33.6,1.7,111,47.9,1740791,0.05,7021732148,130
Moldova,2015,3287164,-1.98,-68966,-59399,35,1.87,100,52.6,1727653,0.04,7470491872,135
Moldova,2020,3069131,-1.36,-43607,-33405,36.8,1.77,93,56.1,1721540,0.04,7887001292,137
Moldova,2022,3039985,-0.48,-14573,89154,37.5,1.69,93,56.7,1723006,0.04,8021407192,137
Moldova,2023,3067070,0.89,27085,-18570,37.8,1.73,93,56.2,1724562,0.04,8091734930,137
Moldova,2024,3034961,-1.05,-32109,-27088,38.1,1.73,92,56.9,1726637,0.04,8161972572,138
Moldova,2025,2996106,-1.28,-38855,-29766,38.6,1.72,91,57.7,1729211,0.04,8231613070,139
Moldova,2026,2961253,-1.16,-34853,-16732,39.1,1.72,90,58.5,1732281,0.04,8300678395,139
Monaco,1955,20575,0.91,182,-177,44.5,2.97,13809,95.5,19655,0.00075,2740213792,207
Monaco,1960,21808,1.17,247,103,44.4,2.81,14636,,,0.00072,3015470894,208
Monaco,1965,22941,1.02,227,243,43.8,2.66,15397,,,0.00069,3334533703,209
Monaco,1970,24229,1.1,258,406,43.8,2.5,16261,96.9,23484,0.00066,3694683794,209
Monaco,1975,25500,1.03,254,458,44,2.35,17114,98.8,25197,0.00063,4070735277,211
Monaco,1980,27122,1.24,324,256,43,2.24,18203,98.6,26745,0.00061,4447606236,211
Monaco,1985,28731,1.16,322,374,42.3,2.14,19283,,,0.00059,4868943465,211
Monaco,1990,30358,1.11,325,289,43.2,1.85,20374,97,29439,0.00057,5327803110,211
Monaco,1995,31609,0.81,250,246,43.7,1.78,21214,97.1,30691,0.00055,5758878982,213
Monaco,2000,32455,0.53,169,-33,44.5,2.08,21782,98.9,32082,0.00053,6171702993,213
Monaco,2005,32210,-0.15,-49,-147,45.5,2.01,21617,,,0.00049,6586970132,214
Monaco,2010,33163,0.58,191,808,48.2,2.38,22257,,,0.00047,7021732148,215
Monaco,2015,36757,2.08,719,939,52.8,2.5,24669,,,0.00049,7470491872,215
Monaco,2020,38050,0.69,259,999,54.8,2.38,25537,,,0.00048,7887001292,215
Monaco,2022,38931,1.15,441,995,55,2.11,26128,,,0.00049,8021407192,215
Monaco,2023,38956,0.06,25,88,54.4,2.11,26145,,,0.00048,8091734930,215
Monaco,2024,38631,-0.83,-325,110,54,2.1,25927,,,0.00047,8161972572,216
Monaco,2025,38341,-0.75,-290,100,53.6,2.09,25732,,,0.00047,8231613070,216
Monaco,2026,38087,-0.66,-254,106,53.1,2.08,25562,,,0.00046,8300678395,216
Mongolia,1955,848684,1.66,13399,0,22.8,6.06,1,26.8,227618,0.03,2740213792,140
Mongolia,1960,977595,2.87,25782,10334,21.7,6.82,1,34.9,340919,0.03,3015470894,139
Mongolia,1965,1131177,2.96,30716,5610,19.3,7.38,1,41.2,466259,0.03,3334533703,139
Mongolia,1970,1295272,2.75,32819,3263,16.4,7.31,1,44.5,576139,0.04,3694683794,139
Mongolia,1975,1488296,2.82,38605,6556,15.9,7.07,1,48.4,719938,0.04,4070735277,138
Mongolia,1980,1701335,2.71,42608,-1268,16.6,6.21,1,51.7,880007,0.04,4447606236,138
Mongolia,1985,1921514,2.46,44036,-1719,17.4,5.26,1,55.1,1057810,0.04,4868943465,138
Mongolia,1990,2164573,2.41,48612,-11881,17.9,4.21,1,57.5,1245674,0.04,5327803110,136
Mongolia,1995,2335715,1.53,34228,-7346,19,2.74,2,55.9,1305410,0.04,5758878982,137
Mongolia,2000,2455182,1,23893,-11241,20.7,2.25,2,55.8,1369725,0.04,6171702993,138
Mongolia,2005,2563461,0.87,21656,-8924,22.7,1.99,2,61.6,1578882,0.04,6586970132,139
Mongolia,2010,2701732,1.06,27654,-6444,24.4,2.52,2,67.8,1832856,0.04,7021732148,141
Mongolia,2015,2976526,1.96,54959,4307,25.7,3.01,2,68.2,2031123,0.04,7470491872,137
Mongolia,2020,3290785,2.03,62852,0,26.4,2.95,2,67,2203469,0.04,7887001292,135
Mongolia,2022,3386015,1.44,47615,0,26.6,2.75,2,67,2268638,0.04,8021407192,134
Mongolia,2023,3431932,1.36,45917,0,26.8,2.69,2,67,2300479,0.04,8091734930,133
Mongolia,2024,3475540,1.27,43608,83,26.9,2.63,2,67.1,2331884,0.04,8161972572,133
Mongolia,2025,3517100,1.2,41560,79,26.9,2.58,2,67.2,2362934,0.04,8231613070,133
Mongolia,2026,3556798,1.13,39698,12,27,2.54,2,67.3,2393655,0.04,8300678395,133
Montenegro,1955,440584,1.82,7614,-2708,20.9,4.16,33,15.6,68854,0.02,2740213792,153
Montenegro,1960,471197,1.35,6123,-2467,21.7,3.53,35,19.4,91576,0.02,3015470894,153
Montenegro,1965,502892,1.31,6339,-2743,22.4,3.19,37,24,120459,0.02,3334533703,155
Montenegro,1970,529671,1.04,5356,-2013,22.6,2.69,39,26.3,139552,0.01,3694683794,156
Montenegro,1975,557151,1.02,5496,-1588,24,2.38,41,31.5,175266,0.01,4070735277,157
Montenegro,1980,584820,0.97,5534,-450,25.4,2.22,43,36.6,213791,0.01,4447606236,159
Montenegro,1985,603500,0.63,3736,-3013,27.2,2.13,45,43.1,259884,0.01,4868943465,159
Montenegro,1990,620497,0.56,3399,-1705,28.7,1.95,46,47.6,295431,0.01,5327803110,160
Montenegro,1995,631381,0.35,2177,-3082,30.6,1.96,47,52.4,331085,0.01,5758878982,161
Montenegro,2000,634193,0.09,562,-3734,32.3,1.9,47,56.6,359202,0.01,6171702993,164
Montenegro,2005,634050,0,-29,-2247,33.7,1.7,47,60.7,385027,0.0096,6586970132,165
Montenegro,2010,632088,-0.06,-392,-2276,35.3,1.73,47,63.3,400419,0.009,7021732148,166
Montenegro,2015,628145,-0.13,-789,-4863,36.8,1.76,47,65.8,413376,0.0084,7470491872,167
Montenegro,2020,607935,-0.65,-4042,-3310,38.7,1.83,45,69.9,424767,0.0077,7887001292,170
Montenegro,2022,614648,0.55,3357,26332,39.1,1.88,46,69.8,428860,0.0077,8021407192,170
Montenegro,2023,633552,3.08,18904,12000,39.3,1.8,47,68,430805,0.0078,8091734930,169
Montenegro,2024,638479,0.78,4927,-1686,39.6,1.8,47,67.8,432688,0.0078,8161972572,169
Montenegro,2025,632729,-0.9,-5750,-9279,40,1.79,47,68.7,434519,0.0077,8231613070,170
Montenegro,2026,626233,-1.03,-6496,-2824,40.4,1.79,47,69.7,436293,0.0075,8300678395,170
Montserrat,1955,12482,-0.72,-92,-291,18,4.84,125,18.1,2259,0.00046,2740213792,214
Montserrat,1960,12034,-0.73,-90,-262,17.4,4.55,120,15.9,1914,0.0004,3015470894,214
Montserrat,1965,11646,-0.65,-78,-270,19.1,4.27,116,13.6,1587,0.00035,3334533703,215
Montserrat,1970,11332,-0.55,-63,-132,19.5,3.74,113,11.7,1328,0.00031,3694683794,216
Montserrat,1975,11409,0.14,15,-100,21.1,2.95,114,12.3,1409,0.00028,4070735277,218
Montserrat,1980,11339,-0.12,-14,-156,23.2,2.24,113,13.1,1490,0.00025,4447606236,220
Montserrat,1985,10995,-0.61,-69,-144,25.3,2.36,110,12.9,1416,0.00023,4868943465,223
Montserrat,1990,10677,-0.59,-64,-181,27.1,2.16,107,12.6,1341,0.0002,5327803110,224
Montserrat,1995,8235,-5.06,-488,-645,30.8,1.94,82,15.5,1279,0.00014,5758878982,227
Montserrat,2000,5029,-9.39,-641,-594,35.8,1.23,50,2,103,8.1e-05,6171702993,230
Montserrat,2005,4547,-1.99,-96,48,37.2,1.61,45,9.8,446,6.9e-05,6586970132,230
Montserrat,2010,4794,1.06,49,73,37.7,1.58,48,9.4,452,6.8e-05,7021732148,230
Montserrat,2015,4673,-0.51,-24,-30,39.2,1.51,47,9.9,463,6.3e-05,7470491872,230
Montserrat,2020,4508,-0.72,-33,-30,40.5,1.95,45,10.6,478,5.7e-05,7887001292,230
Montserrat,2022,4453,-0.61,-28,-15,41.4,1.55,45,10.9,486,5.6e-05,8021407192,230
Montserrat,2023,4420,-0.74,-33,-12,41.5,1.44,44,11.1,490,5.5e-05,8091734930,230
Montserrat,2024,4389,-0.7,-31,-7,41.6,1.45,44,11.3,495,5.4e-05,8161972572,230
Montserrat,2025,4359,-0.68,-30,-9,41.6,1.45,44,11.5,501,5.3e-05,8231613070,230
Montserrat,2026,4328,-0.71,-31,-10,41.8,1.45,43,11.7,506,5.2e-05,8300678395,230
Morocco,1955,10158129,2.6,244536,-4494,18,6.5,23,28.7,2913419,0.37,2740213792,37
Morocco,1960,11624933,2.73,293361,-19434,16.8,6.89,26,31.1,3619334,0.39,3015470894,35
Morocco,1965,13239171,2.63,322848,-33139,15.6,6.93,30,34.2,4533672,0.4,3334533703,34
Morocco,1970,15129449,2.71,378056,-26168,15.5,6.68,34,36.5,5516314,0.41,3694683794,35
Morocco,1975,17150786,2.54,404267,-51968,15.8,6.3,38,39.1,6714483,0.42,4070735277,34
Morocco,1980,19459943,2.56,461831,-13899,16.4,5.78,44,42.4,8250172,0.44,4447606236,34
Morocco,1985,22113953,2.59,530802,-45336,17.2,4.99,50,45.6,10091997,0.45,4868943465,35
Morocco,1990,24375551,1.97,452320,-97711,18.4,4.06,55,49.4,12039279,0.46,5327803110,35
Morocco,1995,26399429,1.61,404776,-85386,19.9,3.29,59,53,13995788,0.46,5758878982,36
Morocco,2000,28423435,1.49,404801,-67569,21.4,2.77,64,54.1,15386939,0.46,6171702993,36
Morocco,2005,30358144,1.33,386942,-59024,23,2.61,68,55.5,16839654,0.46,6586970132,37
Morocco,2010,32467016,1.35,421774,-70510,24.7,2.63,73,57.9,18803302,0.46,7021732148,37
Morocco,2015,34607588,1.29,428114,-81248,26.4,2.41,78,61.2,21163594,0.46,7470491872,39
Morocco,2020,36584208,1.12,395324,-35474,28.2,2.32,82,64.4,23551599,0.46,7887001292,40
Morocco,2022,37329064,1.01,372428,-38594,28.9,2.26,84,65.6,24490652,0.47,8021407192,41
Morocco,2023,37712505,1.03,383441,-39650,29.2,2.23,85,66.2,24954355,0.47,8091734930,41
Morocco,2024,38081173,0.98,368668,-46802,29.5,2.21,85,66.7,25413883,0.47,8161972572,40
Morocco,2025,38430770,0.92,349597,-56254,29.8,2.18,86,67.3,25869035,0.47,8231613070,41
Morocco,2026,38762441,0.86,331671,-60886,30.1,2.16,87,67.9,26319419,0.47,8300678395,41
Mozambique,1955,6274471,1.2,72849,-61265,19,6.14,8,6.6,411022,0.23,2740213792,65
Mozambique,1960,6713695,1.36,87845,-54351,18.9,6.31,9,7.6,507470,0.22,3015470894,65
Mozambique,1965,7406421,1.98,138545,-30538,18.4,6.54,9,8.7,644765,0.22,3334533703,64
Mozambique,1970,8250506,2.18,168817,-18197,17.6,6.7,10,10,823643,0.22,3694683794,63
Mozambique,1975,9540817,2.95,258062,59562,17.1,6.66,12,11.8,1124358,0.23,4070735277,58
Mozambique,1980,11336221,3.51,359081,-149650,16.5,6.53,14,13.8,1558995,0.25,4447606236,55
Mozambique,1985,12548949,2.05,242546,-75642,15.9,6.43,16,19,2379536,0.26,4868943465,53
Mozambique,1990,13094537,0.85,109118,-127215,15.9,6.32,17,25.3,3311912,0.25,5327803110,55
Mozambique,1995,15960530,4.04,573199,108751,16.2,6.02,20,27.1,4332986,0.28,5758878982,54
Mozambique,2000,18129653,2.58,433825,-104476,16.2,5.83,23,29,5257395,0.29,6171702993,53
Mozambique,2005,20304569,2.29,434983,-95770,16,5.5,26,30.9,6276808,0.31,6586970132,52
Mozambique,2010,22999235,2.52,538933,-97079,15.8,5.66,29,33.5,7709657,0.33,7021732148,52
Mozambique,2015,26547572,2.91,709667,-52374,15.8,5.25,34,36.3,9635602,0.36,7470491872,50
Mozambique,2020,30783688,3.01,847223,-25864,16.1,4.96,39,38.9,11978439,0.39,7887001292,48
Mozambique,2022,32656246,3,936279,-34936,16.2,4.84,42,40,13048749,0.41,8021407192,47
Mozambique,2023,33635160,3,978914,-36276,16.3,4.76,43,40.5,13614614,0.42,8091734930,47
Mozambique,2024,34631766,2.96,996606,-38940,16.4,4.69,44,41,14201743,0.42,8161972572,45
Mozambique,2025,35631653,2.89,999887,-65573,16.5,4.62,45,41.6,14810679,0.43,8231613070,45
Mozambique,2026,36639851,2.83,1008198,-55988,16.6,4.54,47,42.1,15441834,0.44,8300678395,44
Myanmar,1955,19550482,1.97,362673,-130,20.6,5.91,30,17,3323690,0.71,2740213792,25
Myanmar,1960,21730250,2.14,435954,8807,19.9,5.9,33,18.6,4034840,0.72,3015470894,25
Myanmar,1965,24279431,2.24,509836,18847,18.9,5.91,37,20.2,4905378,0.73,3334533703,27
Myanmar,1970,27193016,2.29,582717,17997,18.5,5.68,42,22.1,6022901,0.74,3694683794,27
Myanmar,1975,30176565,2.1,596710,-52763,18.7,5.25,46,23.6,7110236,0.74,4070735277,27
Myanmar,1980,33227204,1.94,610128,-37679,19.1,4.79,51,24.1,7999556,0.75,4447606236,27
Myanmar,1985,36622827,1.97,679125,6074,19.7,4.32,56,24.8,9075330,0.75,4868943465,27
Myanmar,1990,39817251,1.69,638885,-40859,20.6,3.5,61,25.8,10255233,0.75,5327803110,26
Myanmar,1995,42605338,1.36,557617,-75097,21.7,3.13,65,26.5,11295542,0.74,5758878982,27
Myanmar,2000,45290841,1.23,537101,-106772,22.9,2.81,69,27.5,12457527,0.73,6171702993,27
Myanmar,2005,47438365,0.93,429505,-185009,24.2,2.52,73,28.6,13548744,0.72,6586970132,27
Myanmar,2010,49024382,0.66,317203,-116481,25.8,2.33,75,29.6,14487449,0.7,7021732148,25
Myanmar,2015,51089056,0.83,412935,-94108,27.4,2.27,78,30.6,15646537,0.68,7470491872,26
Myanmar,2020,53016522,0.74,385493,-66213,28.7,2.18,81,32.2,17068066,0.67,7887001292,26
Myanmar,2022,53756787,0.7,370133,-34988,29.3,2.13,82,32.9,17702521,0.67,8021407192,27
Myanmar,2023,54133798,0.7,377011,-34989,29.5,2.12,83,33.3,18032802,0.67,8091734930,27
Myanmar,2024,54500091,0.68,366293,-37979,29.8,2.1,83,33.7,18372626,0.67,8161972572,27
Myanmar,2025,54850648,0.64,350557,-39661,30.1,2.08,84,34.1,18722491,0.67,8231613070,27
Myanmar,2026,55184819,0.61,334171,-40682,30.4,2.06,84,34.6,19082399,0.66,8300678395,27
Namibia,1955,547082,1.23,6498,-4527,18.9,5.93,1,15.3,83453,0.02,2740213792,147
Namibia,1960,591465,1.57,8877,-3227,17.8,6.24,1,18.2,107909,0.02,3015470894,146
Namibia,1965,660558,2.23,13819,-1327,17.3,6.45,1,20.7,136750,0.02,3334533703,146
Namibia,1970,757868,2.79,19462,-244,17,6.52,1,23,173960,0.02,3694683794,147
Namibia,1975,881032,3.06,24633,-553,16.5,6.53,1,24.3,213999,0.02,4070735277,147
Namibia,1980,981434,2.18,20080,-15041,15.5,6.24,1,25.9,253837,0.02,4447606236,148
Namibia,1985,1096890,2.25,23091,2090,15.6,5.88,1,27.6,302761,0.02,4868943465,149
Namibia,1990,1369303,4.54,54483,3969,17.3,5.4,2,28.6,391253,0.03,5327803110,147
Namibia,1995,1602170,3.19,46573,5712,17.6,4.42,2,30.8,493517,0.03,5758878982,146
Namibia,2000,1818647,2.57,43295,5709,18,3.99,2,33.8,614845,0.03,6171702993,146
Namibia,2005,1966582,1.58,29587,-8195,18.5,3.57,2,37.9,744428,0.03,6586970132,145
Namibia,2010,2109811,1.42,28646,-8518,19.4,3.66,3,42.9,904380,0.03,7021732148,142
Namibia,2015,2374300,2.39,52898,12755,20.4,3.6,3,47.9,1137588,0.03,7470491872,143
Namibia,2020,2728762,2.82,70892,27056,20.8,3.35,3,51.4,1403099,0.03,7887001292,143
Namibia,2022,2889662,2.91,80450,22212,20.8,3.25,4,52.4,1513974,0.04,8021407192,139
Namibia,2023,2963095,2.54,73433,11675,21,3.21,4,53,1570077,0.04,8091734930,139
Namibia,2024,3030131,2.26,67036,4211,21.1,3.21,4,53.7,1626604,0.04,8161972572,139
Namibia,2025,3092816,2.07,62685,1866,21.3,3.17,4,54.4,1683548,0.04,8231613070,138
Namibia,2026,3153246,1.95,60430,47,21.5,3.13,4,55.2,1740847,0.04,8300678395,137
Nauru,1955,3885,2.66,96,55,20.6,4.96,194,93.2,3619,0.00014,2740213792,228
Nauru,1960,4607,3.47,144,76,22.9,5.34,230,96.2,4433,0.00015,3015470894,228
Nauru,1965,5832,4.83,245,218,22.3,5.48,292,98.4,5740,0.00017,3334533703,223
Nauru,1970,6710,2.84,176,0,17.3,4.74,336,96.8,6496,0.00018,3694683794,222
Nauru,1975,6987,0.81,55,0,19.8,3.97,349,,,0.00017,4070735277,224
Nauru,1980,7649,1.83,132,44,23.1,3.88,382,97.9,7488,0.00017,4447606236,224
Nauru,1985,8551,2.25,180,8,22.7,4.14,428,95.6,8173,0.00018,4868943465,225
Nauru,1990,9622,2.39,214,20,19.2,4.02,481,95.1,9155,0.00018,5327803110,225
Nauru,1995,10165,1.1,109,-201,18.2,3.81,508,98.1,9969,0.00018,5758878982,224
Nauru,2000,10168,0.01,1,-236,19.1,3.54,508,98.7,10037,0.00016,6171702993,225
Nauru,2005,10049,-0.24,-24,-217,20.1,3.38,502,,,0.00015,6586970132,225
Nauru,2010,10043,-0.01,-1,-246,20.8,4.02,502,99.8,10025,0.00014,7021732148,226
Nauru,2015,10954,1.75,182,-86,20.5,4.08,548,,,0.00015,7470491872,226
Nauru,2020,11643,1.23,138,-214,20.9,3.47,582,96.4,11227,0.00015,7887001292,224
Nauru,2022,11801,0.68,79,-144,20.6,3.38,590,95.2,11232,0.00015,8021407192,224
Nauru,2023,11875,0.63,74,-148,20.4,3.33,594,94.8,11261,0.00015,8091734930,224
Nauru,2024,11947,0.61,72,-121,20.3,3.29,597,94.5,11291,0.00015,8161972572,224
Nauru,2025,12025,0.65,78,-122,20.2,3.25,601,94.2,11326,0.00015,8231613070,224
Nauru,2026,12101,0.63,76,-111,20.2,3.21,605,93.8,11351,0.00015,8300678395,224
Nepal,1955,9257977,1.97,172275,-16458,18.6,6.07,65,3.1,283756,0.34,2740213792,40
Nepal,1960,10123658,1.8,173136,-13223,18.5,6.07,71,3.5,350230,0.34,3015470894,41
Nepal,1965,11173411,1.99,209951,-1551,18.6,6.01,78,3.7,407893,0.34,3334533703,42
Nepal,1970,12436190,2.16,252556,1847,18.7,5.87,87,3.8,474634,0.34,3694683794,42
Nepal,1975,13870695,2.21,286901,-6686,18.7,5.73,97,4.6,643695,0.34,4070735277,42
Nepal,1980,15553105,2.32,336482,5084,18.5,5.6,108,5.8,907698,0.35,4447606236,43
Nepal,1985,17477692,2.36,384917,-30154,18.4,5.46,122,7.1,1235180,0.36,4868943465,43
Nepal,1990,19524573,2.24,409376,-640,18.1,5.21,136,8.5,1660139,0.37,5327803110,44
Nepal,1995,22245439,2.64,544173,-86232,18.1,4.87,155,10.5,2328505,0.39,5758878982,42
Nepal,2000,24546509,1.99,460214,-147193,18.3,3.98,171,13,3180501,0.4,6171702993,40
Nepal,2005,26309458,1.4,352590,-211024,19,3.12,184,14.8,3884136,0.4,6586970132,43
Nepal,2010,27341952,0.77,206499,-269963,20.2,2.54,191,16.6,4531339,0.39,7021732148,45
Nepal,2015,27823629,0.35,96335,-221062,21.2,2.27,194,19.1,5317799,0.37,7470491872,49
Nepal,2020,28966574,0.81,228589,162139,23.5,2.05,202,21.5,6226233,0.37,7887001292,49
Nepal,2022,29715436,1.28,374431,-379321,24.4,2,207,22.3,6627181,0.37,8021407192,51
Nepal,2023,29694614,-0.07,-20822,-409782,24.7,1.98,207,23,6835484,0.37,8091734930,51
Nepal,2024,29651054,-0.15,-43560,-401282,25,1.96,207,23.8,7048429,0.36,8161972572,51
Nepal,2025,29618118,-0.11,-32936,-364699,25.3,1.94,207,24.5,7265589,0.36,8231613070,52
Nepal,2026,29629410,0.04,11292,-292014,25.7,1.92,207,25.3,7486768,0.36,8300678395,52
Netherlands,1955,10751230,1.23,127495,-6060,27.6,3.03,319,57.8,6209436,0.39,2740213792,34
Netherlands,1960,11486911,1.33,147136,-13235,27.8,3.12,341,59.6,6840932,0.38,3015470894,36
Netherlands,1965,12301125,1.38,162843,19444,27.5,3.03,365,60.5,7441237,0.37,3334533703,38
Netherlands,1970,13052078,1.19,150191,32438,27.5,2.57,387,61.4,8017334,0.35,3694683794,40
Netherlands,1975,13680035,0.94,125591,68569,28.4,1.67,406,63.2,8645480,0.34,4070735277,44
Netherlands,1980,14162686,0.7,96530,54010,30.3,1.6,420,64.7,9160398,0.32,4447606236,48
Netherlands,1985,14538959,0.53,75255,27356,31.9,1.51,431,66.6,9683586,0.3,4868943465,51
Netherlands,1990,15030878,0.67,98384,53564,33.3,1.61,446,68.4,10278933,0.28,5327803110,52
Netherlands,1995,15565032,0.7,106831,15056,34.7,1.53,462,72.4,11261960,0.27,5758878982,55
Netherlands,2000,16058760,0.63,98746,59308,36.2,1.72,476,76.2,12230482,0.26,6171702993,59
Netherlands,2005,16465710,0.5,81390,-22496,37.9,1.71,488,82.1,13524212,0.25,6586970132,60
Netherlands,2010,16771235,0.37,61105,33703,39.7,1.79,497,86.7,14536474,0.24,7021732148,62
Netherlands,2015,17107433,0.4,67240,55585,41.2,1.66,507,89.3,15273879,0.23,7470491872,65
Netherlands,2020,17636731,0.61,105860,67598,41.5,1.54,523,89.9,15847281,0.22,7887001292,67
Netherlands,2022,17904421,0.76,133845,224472,41.5,1.51,531,89.6,16048486,0.22,8021407192,68
Netherlands,2023,18092524,1.05,188103,144558,41.4,1.43,537,89.2,16143184,0.22,8091734930,70
Netherlands,2024,18228742,0.75,136218,121628,41.4,1.43,541,89.1,16233370,0.22,8161972572,71
Netherlands,2025,18346819,0.65,118077,104681,41.5,1.44,544,88.9,16318658,0.22,8231613070,71
Netherlands,2026,18448775,0.56,101956,89379,41.5,1.44,547,88.9,16398959,0.22,8300678395,71
New Caledonia,1955,69159,1.63,1074,0,21,5.24,4,30,20732,0.0025,2740213792,185
New Caledonia,1960,79819,2.91,2132,824,20.4,5.44,4,36.5,29162,0.0026,3015470894,186
New Caledonia,1965,93159,3.14,2668,408,19.8,5.31,5,43.7,40717,0.0028,3334533703,185
New Caledonia,1970,109338,3.25,3236,2267,19.4,5.07,6,49.4,53960,0.003,3694683794,184
New Caledonia,1975,137462,4.68,5625,2838,18.9,4.46,8,52.3,71861,0.0034,4070735277,182
New Caledonia,1980,149817,1.74,2471,-1415,19.5,3.66,8,55.6,83351,0.0034,4447606236,183
New Caledonia,1985,160234,1.35,2083,-230,20.7,3.05,9,57.3,91770,0.0033,4868943465,183
New Caledonia,1990,176456,1.95,3244,1300,22,3.1,10,57.3,101154,0.0033,5327803110,183
New Caledonia,1995,200379,2.58,4785,1418,23.8,2.65,11,57.4,114988,0.0035,5758878982,183
New Caledonia,2000,223098,2.17,4544,1070,25.5,2.51,12,59.1,131807,0.0036,6171702993,183
New Caledonia,2005,244381,1.84,4257,-44,27.1,2.23,13,60.9,148837,0.0037,6586970132,183
New Caledonia,2010,261582,1.37,3440,1956,29.2,2.19,14,64.4,168452,0.0037,7021732148,183
New Caledonia,2015,283168,1.6,4317,-2530,30.7,2.08,15,65.9,186694,0.0038,7470491872,181
New Caledonia,2020,284176,0.07,202,-1181,32.9,2.02,16,72.2,205195,0.0036,7887001292,184
New Caledonia,2022,287123,0.52,1474,485,33.6,2,16,74,212585,0.0036,8021407192,184
New Caledonia,2023,289870,0.96,2747,485,33.9,1.98,16,74.6,216273,0.0036,8091734930,184
New Caledonia,2024,292639,0.96,2769,455,34.2,1.96,16,75.2,219950,0.0036,8161972572,184
New Caledonia,2025,295333,0.92,2694,440,34.5,1.95,16,75.7,223627,0.0036,8231613070,184
New Caledonia,2026,297892,0.87,2559,348,34.8,1.93,16,76.3,227286,0.0036,8300678395,184
New Zealand,1955,2139672,2.28,45682,7768,27.7,3.88,8,73.5,1572956,0.08,2740213792,110
New Zealand,1960,2379481,2.15,47962,3846,26.5,4.24,9,75.8,1803134,0.08,3015470894,110
New Zealand,1965,2636494,2.07,51403,9245,24.9,3.54,10,78.6,2072193,0.08,3334533703,110
New Zealand,1970,2822177,1.37,37137,4511,24.6,3.17,11,81,2285874,0.08,3694683794,112
New Zealand,1975,3094032,1.86,54371,13196,25.3,2.36,12,82.5,2551621,0.08,4070735277,113
New Zealand,1980,3146327,0.34,10459,-15423,26.9,2.03,12,83.4,2625162,0.07,4447606236,118
New Zealand,1985,3268028,0.76,24340,-13462,28.4,1.93,12,83.7,2734626,0.07,4868943465,121
New Zealand,1990,3396979,0.78,25790,70432,30.1,2.17,13,84.8,2879680,0.06,5327803110,125
New Zealand,1995,3674428,1.58,55490,26743,31.6,1.98,14,85.6,3144004,0.06,5758878982,122
New Zealand,2000,3857574,0.98,36629,-6604,33.3,1.98,15,86.1,3319552,0.06,6171702993,123
New Zealand,2005,4135007,1.4,55487,19212,34.5,1.96,16,86.3,3570490,0.06,6586970132,123
New Zealand,2010,4347770,1.01,42553,6722,35.9,2.17,17,86.6,3765257,0.06,7021732148,123
New Zealand,2015,4614029,1.2,53252,70870,36.4,1.98,18,86.3,3984212,0.06,7470491872,124
New Zealand,2020,5069895,1.9,91173,42124,36.5,1.63,19,82.7,4191405,0.06,7887001292,121
New Zealand,2022,5131734,0.61,30920,21404,37.1,1.67,19,83.2,4271104,0.06,8021407192,122
New Zealand,2023,5172836,0.8,41102,21404,37.3,1.67,20,83.3,4310389,0.06,8091734930,123
New Zealand,2024,5213944,0.79,41108,18766,37.5,1.66,20,83.4,4349435,0.06,8161972572,125
New Zealand,2025,5251899,0.73,37955,17403,37.7,1.65,20,83.6,4388310,0.06,8231613070,126
New Zealand,2026,5287479,0.68,35580,16435,38,1.64,20,83.7,4427041,0.06,8300678395,126
Nicaragua,1955,1536246,2.9,40961,-2193,15.8,7.12,13,36.7,563437,0.06,2740213792,125
Nicaragua,1960,1782370,3.02,49225,-2418,15.1,7.16,15,39.4,702450,0.06,3015470894,123
Nicaragua,1965,2072681,3.06,58062,-3231,14.8,7.03,17,42.5,880894,0.06,3334533703,123
Nicaragua,1970,2423065,3.17,70077,-5423,15,6.77,20,46.5,1127826,0.07,3694683794,120
Nicaragua,1975,2816943,3.06,78776,-9349,15.1,6.45,23,48.5,1367562,0.07,4070735277,118
Nicaragua,1980,3252403,2.92,87092,-15130,15.1,5.96,27,50.3,1634444,0.07,4447606236,116
Nicaragua,1985,3706479,2.65,90815,-23840,15.2,5.36,31,51.7,1917021,0.08,4868943465,113
Nicaragua,1990,4162559,2.35,91216,-24280,15.6,4.6,35,52.8,2199710,0.08,5327803110,114
Nicaragua,1995,4642931,2.21,96074,-25889,16.5,3.77,39,54.1,2510763,0.08,5758878982,111
Nicaragua,2000,5022633,1.58,75940,-42087,18,3.12,42,55.2,2774059,0.08,6171702993,112
Nicaragua,2005,5342105,1.24,63894,-33280,19.8,2.77,44,56.3,3008904,0.08,6586970132,111
Nicaragua,2010,5737450,1.44,79069,-29081,21.2,2.6,48,56.9,3265767,0.08,7021732148,110
Nicaragua,2015,6149417,1.4,82393,-24353,22.7,2.43,51,57.3,3521191,0.08,7470491872,112
Nicaragua,2020,6565267,1.32,83170,-10383,24.3,2.3,55,57.7,3786513,0.08,7887001292,111
Nicaragua,2022,6730654,1.25,82694,-7996,24.9,2.24,56,57.9,3897350,0.08,8021407192,111
Nicaragua,2023,6823613,1.38,92959,-7996,25.3,2.22,57,57.9,3953958,0.08,8091734930,109
Nicaragua,2024,6916140,1.36,92527,-8189,25.6,2.21,57,58,4011856,0.08,8161972572,109
Nicaragua,2025,7007502,1.32,91362,-8371,26,2.18,58,58.1,4071293,0.09,8231613070,109
Nicaragua,2026,7097329,1.28,89827,-8485,26.3,2.16,59,58.2,4132393,0.09,8300678395,108
Niger,1955,3035289,3.16,87496,-3306,14.2,7.55,2,5.2,156807,0.11,2740213792,92
Niger,1960,3505050,2.92,93952,-3641,14.4,7.53,3,5.6,196327,0.12,3015470894,92
Niger,1965,4049695,2.93,108929,-2289,14.6,7.47,3,6.6,266487,0.12,3334533703,90
Niger,1970,4650275,2.8,120116,-2225,14.8,7.51,4,8.5,396646,0.13,3694683794,84
Niger,1975,5317019,2.72,133349,-3254,15.1,7.54,4,11.1,592068,0.13,4070735277,82
Niger,1980,6135971,2.91,163790,-5564,15.3,7.78,5,13.1,805091,0.14,4447606236,82
Niger,1985,7118457,3.02,196497,-6126,15.3,7.93,6,14.1,1005293,0.15,4868943465,81
Niger,1990,8286059,3.08,233520,73,15.4,7.81,7,14.9,1231448,0.16,5327803110,79
Niger,1995,9714529,3.23,285694,3843,15.5,7.78,8,15.4,1494849,0.17,5758878982,77
Niger,2000,11509630,3.45,359020,-8522,15.2,7.83,9,16,1837604,0.19,6171702993,69
Niger,2005,13756192,3.63,449312,-9700,14.7,7.77,11,16.1,2211934,0.21,6586970132,65
Niger,2010,16548835,3.77,558529,-8033,14.3,7.64,13,16.1,2664321,0.24,7021732148,63
Niger,2015,19939498,3.8,678133,17051,14.3,7.21,16,16.2,3232583,0.27,7470491872,58
Niger,2020,23717613,3.53,755623,-4402,14.8,6.37,19,16.9,4002638,0.3,7887001292,56
Niger,2022,25311973,3.31,797180,995,15.1,6.13,20,17.3,4387629,0.32,8021407192,56
Niger,2023,26159867,3.35,847894,995,15.3,6.06,21,17.6,4599736,0.32,8091734930,56
Niger,2024,27032412,3.34,872545,-4041,15.4,5.93,21,17.9,4826099,0.33,8161972572,54
Niger,2025,27917831,3.28,885419,-7704,15.6,5.79,22,18.2,5067678,0.34,8231613070,54
Niger,2026,28814878,3.21,897047,-10620,15.7,5.64,23,18.5,5325495,0.35,8300678395,53
Nigeria,1955,40935635,1.89,730525,-12617,18.2,6.4,45,12.1,4952844,1.5,2740213792,13
Nigeria,1960,45053782,1.94,823629,12131,18.3,6.36,49,15.4,6955737,1.5,3015470894,14
Nigeria,1965,50086764,2.14,1006596,32988,18.3,6.37,55,16.6,8296771,1.5,3334533703,13
Nigeria,1970,55893838,2.22,1161415,7953,17.9,6.47,61,17.8,9942297,1.5,3694683794,11
Nigeria,1975,63410815,2.56,1503395,75603,17.3,6.77,70,19.8,12535584,1.6,4070735277,11
Nigeria,1980,73764641,3.07,2070765,198672,16.7,6.85,81,21.9,16139321,1.7,4447606236,11
Nigeria,1985,84897973,2.85,2226666,61514,16.2,6.62,93,25.2,21434266,1.7,4868943465,10
Nigeria,1990,97120925,2.73,2444590,135959,16.2,6.46,107,29.1,28276132,1.8,5327803110,10
Nigeria,1995,110819428,2.67,2739701,73243,16.5,6.27,122,31.4,34785545,1.9,5758878982,10
Nigeria,2000,126382494,2.66,3112613,74535,16.8,6.12,139,33.7,42627440,2,6171702993,10
Nigeria,2005,145017253,2.79,3726952,-17146,16.8,6.06,159,37.4,54288918,2.2,6586970132,7
Nigeria,2010,166642886,2.82,4325127,47966,16.7,5.95,183,41.4,68949828,2.4,7021732148,7
Nigeria,2015,190671878,2.73,4805798,-116162,16.7,5.5,209,45.5,86673094,2.6,7470491872,7
Nigeria,2020,213996181,2.33,4664861,-14497,17.2,4.7,235,50.1,107112526,2.7,7887001292,6
Nigeria,2022,223150896,2.12,4577358,-51680,17.6,4.55,245,52,116057853,2.8,8021407192,6
Nigeria,2023,227882945,2.12,4732049,-57936,17.8,4.48,250,53,120696717,2.8,8091734930,6
Nigeria,2024,232679478,2.1,4796533,-35202,17.9,4.38,255,53.9,125447884,2.9,8161972572,6
Nigeria,2025,237527782,2.08,4848304,-15258,18.1,4.3,261,54.9,130312056,2.9,8231613070,6
Nigeria,2026,242431832,2.06,4904050,-2810,18.3,4.21,266,55.8,135288691,2.9,8300678395,6
Niue,1955,4628,0.58,26,-142,17.6,6.76,18,21.8,1009,0.00017,2740213792,227
Niue,1960,4825,0.84,39,-148,15.9,6.96,19,21.5,1038,0.00016,3015470894,227
Niue,1965,5201,1.51,75,-127,14.6,6.82,20,21.1,1097,0.00016,3334533703,228
Niue,1970,5109,-0.36,-18,-208,14.3,6.24,20,21.2,1083,0.00014,3694683794,230
Niue,1975,4229,-3.71,-176,-357,15.3,5.09,16,22,929,0.0001,4070735277,230
Niue,1980,3533,-3.53,-139,-212,17.2,4.7,14,26,920,7.9e-05,4447606236,230
Niue,1985,2783,-4.66,-150,-224,20,4.48,11,30.3,844,5.7e-05,4868943465,231
Niue,1990,2483,-2.26,-60,-67,22.6,4.02,10,29,720,4.7e-05,5327803110,231
Niue,1995,2303,-1.49,-36,-61,26.1,3.35,9,29.6,681,4e-05,5758878982,232
Niue,2000,2047,-2.33,-51,-81,28.7,2.9,8,30.7,628,3.3e-05,6171702993,232
Niue,2005,1827,-2.25,-44,-49,31.6,2.96,7,32.5,593,2.8e-05,6586970132,232
Niue,2010,1768,-0.65,-12,-15,33.6,3.04,7,35.6,630,2.5e-05,7021732148,232
Niue,2015,1779,0.12,2,5,35.2,2.88,7,39,693,2.4e-05,7470491872,232
Niue,2020,1799,0.22,4,7,36,2.6,7,41.9,754,2.3e-05,7887001292,233
Niue,2022,1821,0.61,11,0,36.7,2.54,7,42.7,777,2.3e-05,8021407192,233
Niue,2023,1817,-0.22,-4,0,36.6,2.51,7,43.4,789,2.2e-05,8091734930,233
Niue,2024,1819,0.11,2,10,36.4,2.49,7,44,800,2.2e-05,8161972572,233
Niue,2025,1821,0.11,2,3,35.7,2.46,7,44.5,810,2.2e-05,8231613070,233
Niue,2026,1822,0.05,1,2,35.1,2.44,7,45.2,823,2.2e-05,8300678395,233
North Korea,1955,10403325,-1.32,-142682,-35304,17.3,3.67,86,34.4,3577106,0.38,2740213792,35
North Korea,1960,11722953,2.42,263926,0,18.9,3.57,97,39.2,4591910,0.39,3015470894,34
North Korea,1965,13219369,2.43,299283,0,20.2,3.56,110,42.8,5657767,0.4,3334533703,35
North Korea,1970,15172775,2.79,390681,0,20.4,3.85,126,51.5,7810437,0.41,3694683794,34
North Korea,1975,16971055,2.27,359656,0,19.7,3.05,141,54.4,9227778,0.42,4070735277,35
North Korea,1980,18236786,1.45,253146,0,21.4,2.84,151,54.5,9941648,0.41,4447606236,37
North Korea,1985,19620388,1.47,276720,0,23.1,2.65,163,55.5,10881506,0.4,4868943465,39
North Korea,1990,21112137,1.48,298350,0,24.9,2.39,175,56.1,11847860,0.4,5327803110,40
North Korea,1995,22669304,1.43,311433,-3094,26.9,2.15,188,56.9,12902762,0.39,5758878982,40
North Korea,2000,23665910,0.86,199321,-3142,29.1,1.94,197,57.6,13622723,0.38,6171702993,44
North Korea,2005,24396433,0.61,146105,-2861,31.4,1.87,203,58.6,14295919,0.37,6586970132,46
North Korea,2010,24987258,0.48,118165,-3053,33,1.89,208,59.4,14847551,0.36,7021732148,49
North Korea,2015,25575350,0.47,117618,-3208,34.2,1.86,212,60.5,15468816,0.34,7470491872,51
North Korea,2020,26136312,0.43,112192,-1585,35.3,1.82,217,61.7,16119904,0.33,7887001292,54
North Korea,2022,26328845,0.37,96267,-1997,35.8,1.8,219,62.3,16394046,0.33,8021407192,54
North Korea,2023,26418204,0.34,89359,-1997,36,1.78,219,62.6,16533344,0.33,8091734930,55
North Korea,2024,26498823,0.31,80619,-2473,36.3,1.78,220,62.9,16673964,0.32,8161972572,56
North Korea,2025,26571036,0.27,72213,-2787,36.5,1.77,221,63.3,16815725,0.32,8231613070,56
North Korea,2026,26633691,0.24,62655,-2809,36.8,1.75,221,63.7,16958464,0.32,8300678395,56
North Macedonia,1955,1355676,1.66,21399,-11281,20.8,4.29,54,29.2,395856,0.05,2740213792,130
North Macedonia,1960,1435059,1.14,15877,-10126,20.8,3.83,57,35.3,506451,0.05,3015470894,132
North Macedonia,1965,1533466,1.34,19681,-5385,20.9,3.52,61,41.9,642632,0.05,3334533703,133
North Macedonia,1970,1664208,1.65,26148,60,21.6,3.01,66,48.7,810133,0.05,3694683794,133
North Macedonia,1975,1797972,1.56,26753,-1147,23.2,2.69,71,50.7,911764,0.04,4070735277,134
North Macedonia,1980,1933038,1.46,27013,-189,24.9,2.36,77,53.2,1028843,0.04,4447606236,134
North Macedonia,1985,2014331,0.83,16259,-13492,26.4,2.25,80,54.8,1103639,0.04,4868943465,136
North Macedonia,1990,2063689,0.49,9872,-16174,27.9,2.27,82,55.9,1153603,0.04,5327803110,138
North Macedonia,1995,1998534,-0.64,-13031,-3603,29.5,2.13,79,59.1,1181760,0.03,5758878982,142
North Macedonia,2000,2057253,0.58,11744,-2824,30.9,1.86,82,57.9,1191344,0.03,6171702993,142
North Macedonia,2005,2089807,0.31,6511,-2244,32.5,1.47,83,56.7,1185317,0.03,6586970132,143
North Macedonia,2010,2051505,-0.37,-7660,-16668,34.5,1.71,81,57.6,1182169,0.03,7021732148,144
North Macedonia,2015,1980366,-0.7,-14228,-23010,36.8,1.76,79,60.3,1193694,0.03,7470491872,149
North Macedonia,2020,1872015,-1.12,-21670,-23458,39.3,1.63,74,65.2,1221133,0.02,7887001292,151
North Macedonia,2022,1840233,-0.85,-15891,-5296,39.9,1.59,73,67.1,1235263,0.02,8021407192,151
North Macedonia,2023,1831802,-0.46,-8431,-5597,40.3,1.47,73,67.8,1242855,0.02,8091734930,152
North Macedonia,2024,1823009,-0.48,-8793,-5728,40.6,1.47,72,68.6,1250756,0.02,8161972572,152
North Macedonia,2025,1813791,-0.51,-9218,-5645,41,1.47,72,69.4,1258951,0.02,8231613070,152
North Macedonia,2026,1804063,-0.54,-9728,-5731,41.4,1.47,72,70.3,1267389,0.02,8300678395,152
Northern Mariana Islands,1955,7728,1.68,123,-88,15.9,6.07,17,47.5,3671,0.00028,2740213792,217
Northern Mariana Islands,1960,8736,2.48,202,17,13.7,5.96,19,58.8,5140,0.00029,3015470894,217
Northern Mariana Islands,1965,10264,3.28,306,86,13.6,5.66,22,63.6,6525,0.00031,3334533703,217
Northern Mariana Islands,1970,10170,-0.18,-19,480,14.3,7.44,22,90.4,9197,0.00028,3694683794,218
Northern Mariana Islands,1975,15065,8.18,979,-123,16.5,5.63,33,80.8,12177,0.00037,4070735277,215
Northern Mariana Islands,1980,17625,3.19,512,1497,18.8,3.65,38,83.3,14684,0.0004,4447606236,215
Northern Mariana Islands,1985,30258,11.41,2527,2162,22.4,2.15,66,85,25712,0.00062,4868943465,210
Northern Mariana Islands,1990,43342,7.45,2617,266,26.3,2.34,94,88.1,38170,0.00081,5327803110,209
Northern Mariana Islands,1995,48176,2.14,967,812,26.5,3.08,105,,,0.00084,5758878982,208
Northern Mariana Islands,2000,68356,7.25,4036,-950,27.8,1.64,149,91.1,62290,0.0011,6171702993,203
Northern Mariana Islands,2005,62354,-1.82,-1200,-2913,30.9,2.26,136,92.6,57725,0.00095,6586970132,205
Northern Mariana Islands,2010,54091,-2.8,-1653,-1587,32.6,2.98,118,91.5,49498,0.00077,7021732148,208
Northern Mariana Islands,2015,51514,-0.97,-515,-1530,32.8,3.13,112,97.2,50078,0.00069,7470491872,208
Northern Mariana Islands,2020,47528,-1.6,-797,-755,33.6,2.49,103,,,0.0006,7887001292,209
Northern Mariana Islands,2022,46078,-1.54,-725,-1348,35.2,2.39,100,,,0.00057,8021407192,210
Northern Mariana Islands,2023,45143,-2.03,-935,-1321,36.1,2.35,98,,,0.00056,8091734930,211
Northern Mariana Islands,2024,44278,-1.92,-865,-1097,37.1,2.32,96,,,0.00054,8161972572,211
Northern Mariana Islands,2025,43541,-1.66,-737,-963,38,2.28,95,,,0.00053,8231613070,212
Northern Mariana Islands,2026,42914,-1.44,-627,-790,38.8,2.24,93,,,0.00052,8300678395,212
Norway,1955,3428526,0.98,32667,1309,32.6,2.76,9,50.2,1722816,0.13,2740213792,86
Norway,1960,3581121,0.87,30519,-1427,33.4,2.85,10,49.9,1788399,0.12,3015470894,90
Norway,1965,3723172,0.78,28410,-1525,33.1,2.92,10,57.6,2144102,0.11,3334533703,95
Norway,1970,3875345,0.8,30435,-1034,31.8,2.51,11,65.4,2534798,0.1,3694683794,96
Norway,1975,4007365,0.67,26404,3312,31.2,1.99,11,68.2,2732942,0.1,4070735277,101
Norway,1980,4085604,0.39,15648,3763,32.4,1.72,11,70.6,2882531,0.09,4447606236,104
Norway,1985,4152400,0.32,13359,6725,33.6,1.68,11,71.3,2961588,0.09,4868943465,108
Norway,1990,4241440,0.43,17808,1818,34.4,1.93,12,72.1,3056180,0.08,5327803110,112
Norway,1995,4358993,0.55,23511,6343,35.1,1.87,12,73.9,3222278,0.08,5758878982,116
Norway,2000,4490867,0.6,26375,9805,35.8,1.85,12,76.2,3420409,0.07,6171702993,114
Norway,2005,4623124,0.58,26451,18588,36.9,1.83,13,77.8,3598210,0.07,6586970132,117
Norway,2010,4889162,1.13,53208,42865,37.7,1.94,13,79,3864811,0.07,7021732148,118
Norway,2015,5189771,1.2,60122,30242,38.2,1.73,14,81.2,4216608,0.07,7470491872,118
Norway,2020,5379274,0.72,37901,11277,39,1.48,15,84.1,4521838,0.07,7887001292,119
Norway,2022,5456801,0.72,38764,58040,39.4,1.42,15,85.1,4644576,0.07,8021407192,119
Norway,2023,5519167,1.14,62366,53806,39.5,1.41,15,85.3,4706745,0.07,8091734930,118
Norway,2024,5576660,1.04,57493,44356,39.7,1.41,15,85.5,4768820,0.07,8161972572,119
Norway,2025,5623071,0.83,46411,29798,39.8,1.42,15,85.9,4830373,0.07,8231613070,119
Norway,2026,5652989,0.53,29918,12047,40.1,1.42,15,86.5,4891381,0.07,8300678395,121
Oman,1955,488801,1.36,6363,-2010,17.8,7.23,2,12.1,59302,0.02,2740213792,150
Oman,1960,530485,1.65,8337,-2996,17.8,7.28,2,17.1,90485,0.02,3015470894,150
Oman,1965,585236,1.98,10950,-2996,17.5,7.39,2,23.9,139614,0.02,3334533703,149
Oman,1970,662680,2.52,15489,-2996,16.1,7.52,2,32.4,214732,0.02,3694683794,149
Oman,1975,778864,3.28,23237,5632,15.1,7.71,3,43.3,337059,0.02,4070735277,148
Oman,1980,1001248,5.15,44477,12626,15.4,7.89,3,54.8,549043,0.02,4447606236,147
Oman,1985,1325480,5.77,64846,33666,15.5,7.51,4,64.5,855282,0.03,4868943465,146
Oman,1990,1763954,5.88,87695,31722,17.3,6.46,6,67.9,1197883,0.03,5327803110,144
Oman,1995,2120528,3.75,71315,-13418,19,5.07,7,74.5,1579777,0.04,5758878982,140
Oman,2000,2282131,1.48,32321,-18588,19.9,3.85,7,71.1,1623172,0.04,6171702993,140
Oman,2005,2459802,1.51,35534,10231,21.7,3.03,8,73.9,1818164,0.04,6586970132,140
Oman,2010,2757446,2.31,59529,28717,24.2,2.97,9,82.9,2285997,0.04,7021732148,139
Oman,2015,4184895,8.7,285490,133842,27.8,2.96,14,81.6,3416565,0.06,7470491872,126
Oman,2020,4522497,1.56,67520,-171635,28.8,2.64,15,98.2,4442970,0.06,7887001292,127
Oman,2022,4730226,2.27,103865,339063,29,2.45,15,99.5,4707282,0.06,8021407192,127
Oman,2023,5049269,6.74,319043,156285,29.3,2.52,16,95.2,4808591,0.06,8091734930,126
Oman,2024,5281538,4.6,232269,154219,29.5,2.51,17,92.8,4900404,0.06,8161972572,123
Oman,2025,5494691,4.04,213153,113734,29.7,2.48,18,90.8,4989686,0.07,8231613070,122
Oman,2026,5671458,3.22,176767,79740,29.8,2.44,18,89.6,5078994,0.07,8300678395,120
Pakistan,1955,40098069,2.27,849762,50005,17.9,6.8,52,19.9,7968418,1.5,2740213792,14
Pakistan,1960,45709310,2.65,1122248,0,18,6.8,59,21.7,9926658,1.5,3015470894,13
Pakistan,1965,52209010,2.69,1299940,-62070,17.8,6.8,68,22.9,11954323,1.6,3334533703,11
Pakistan,1970,60166719,2.88,1591542,-58281,17.1,6.8,78,24,14416426,1.6,3694683794,10
Pakistan,1975,69461175,2.91,1858891,-1710,16.8,6.81,90,25.3,17592808,1.7,4070735277,10
Pakistan,1980,82291010,3.45,2565967,1078229,17.1,6.73,107,26.6,21910455,1.9,4447606236,9
Pakistan,1985,98229285,3.6,3187655,68860,17.1,6.58,127,27.5,27060895,2,4868943465,9
Pakistan,1990,116155576,3.41,3585258,275242,16.9,6.36,151,28.3,32923693,2.2,5327803110,8
Pakistan,1995,134582253,2.99,3685335,11534,16.6,5.89,175,29.1,39104110,2.3,5758878982,7
Pakistan,2000,154879127,2.85,4059375,252869,17,5.35,201,29.5,45687389,2.5,6171702993,6
Pakistan,2005,175453212,2.53,4114817,-189899,17.8,4.59,228,29.8,52301807,2.7,6586970132,6
Pakistan,2010,199239047,2.58,4757167,-431902,18.8,4.4,258,30,59691513,2.8,7021732148,5
Pakistan,2015,217290883,1.75,3610367,-2172162,19.2,3.99,282,31.4,68226783,2.9,7470491872,5
Pakistan,2020,235001746,1.58,3542173,-559291,19.8,3.77,305,33,77437729,3,7887001292,5
Pakistan,2022,243700667,1.83,4349461,-1322625,20.1,3.66,316,33.4,81432849,3,8021407192,5
Pakistan,2023,247504495,1.56,3803828,-1619557,20.3,3.6,321,33.7,83500516,3.1,8091734930,5
Pakistan,2024,251269164,1.52,3764669,-1401173,20.4,3.55,326,34.1,85615064,3.1,8161972572,5
Pakistan,2025,255219554,1.57,3950390,-1235336,20.6,3.5,331,34.4,87777053,3.1,8231613070,5
Pakistan,2026,259299791,1.6,4080237,-1144738,20.8,3.44,336,34.7,89987063,3.1,8300678395,5
Palau,1955,8415,2.4,188,-45,16.1,7.18,18,54.3,4570,0.00031,2740213792,216
Palau,1960,9328,2.08,183,-70,15.7,7.19,20,58.7,5479,0.00031,3015470894,216
Palau,1965,10547,2.49,244,-16,13.9,7.01,23,59.6,6283,0.00032,3334533703,216
Palau,1970,11368,1.51,164,54,15.3,6.39,25,60.3,6855,0.00031,3694683794,215
Palau,1975,12655,2.17,257,-296,16.3,4.9,28,59.3,7507,0.00031,4070735277,217
Palau,1980,12271,-0.61,-77,-179,17.7,3.35,27,62.1,7626,0.00028,4447606236,218
Palau,1985,13688,2.21,283,179,20.5,3.01,30,67.4,9228,0.00028,4868943465,219
Palau,1990,15259,2.2,314,156,24.6,2.88,33,68.8,10500,0.00029,5327803110,220
Palau,1995,17195,2.42,387,258,26.9,2.55,37,71.7,12324,0.0003,5758878982,220
Palau,2000,19178,2.21,397,120,29.8,1.82,42,70.3,13487,0.00031,6171702993,219
Palau,2005,19819,0.66,128,-250,31.4,2.02,43,71.5,14163,0.0003,6586970132,220
Palau,2010,18396,-1.48,-285,-392,33.3,1.94,40,83.3,15315,0.00026,7021732148,221
Palau,2015,17770,-0.69,-125,-11,35,2,39,93.6,16638,0.00024,7470491872,221
Palau,2020,17792,0.02,4,0,36.8,1.97,39,,,0.00023,7887001292,221
Palau,2022,17759,-0.09,-17,-20,37.5,1.93,39,,,0.00022,8021407192,221
Palau,2023,17727,-0.18,-32,-19,37.8,1.91,39,,,0.00022,8091734930,221
Palau,2024,17695,-0.18,-32,-14,38.2,1.88,38,,,0.00022,8161972572,221
Palau,2025,17663,-0.18,-32,-16,38.5,1.86,38,,,0.00021,8231613070,221
Palau,2026,17614,-0.28,-49,-22,38.9,1.84,38,,,0.00021,8300678395,221
Panama,1955,978962,2.6,23622,-2574,17.1,5.73,13,38.6,377396,0.04,2740213792,137
Panama,1960,1126005,2.84,29409,-2409,16.7,5.83,15,41.5,467323,0.04,3015470894,136
Panama,1965,1308835,3.05,36566,-2454,16.4,5.73,18,44.6,584097,0.04,3334533703,134
Panama,1970,1513070,2.94,40847,-2476,16.5,5.17,20,47.8,723791,0.04,3694683794,135
Panama,1975,1732389,2.74,43864,-2635,17,4.41,23,49.4,855822,0.04,4070735277,135
Panama,1980,1957534,2.47,45029,-2701,18,3.8,26,51,998139,0.04,4447606236,133
Panama,1985,2200915,2.37,48676,-2297,19.2,3.43,30,52.6,1157199,0.05,4868943465,134
Panama,1990,2455583,2.21,50934,-854,20.5,3.07,33,54.2,1331936,0.05,5327803110,132
Panama,1995,2724557,2.1,53795,1221,21.9,2.85,37,58.5,1592910,0.05,5758878982,132
Panama,2000,3010369,2.02,57162,2602,23.3,2.74,40,62.6,1884828,0.05,6171702993,134
Panama,2005,3313026,1.93,60531,3843,24.6,2.64,45,64,2120900,0.05,6586970132,131
Panama,2010,3628535,1.84,63102,4953,25.9,2.59,49,65.4,2373195,0.05,7021732148,131
Panama,2015,3960035,1.76,66300,8648,27.3,2.53,53,66.9,2647313,0.05,7470491872,129
Panama,2020,4293261,1.63,66645,5473,28.7,2.18,58,68.4,2934512,0.05,7887001292,129
Panama,2022,4400773,1.24,53756,7967,29.3,2.14,59,69.3,3051878,0.05,8021407192,129
Panama,2023,4458759,1.32,57986,7262,29.6,2.12,60,69.8,3110929,0.06,8091734930,129
Panama,2024,4515577,1.27,56818,6706,29.9,2.11,61,70.2,3170174,0.06,8161972572,129
Panama,2025,4571189,1.23,55612,6151,30.3,2.09,61,70.7,3229574,0.06,8231613070,129
Panama,2026,4625718,1.19,54529,5665,30.6,2.07,62,71.1,3289099,0.06,8300678395,129
Papua New Guinea,1955,1739219,2.42,39158,-605,17.8,5.82,4,2.6,46008,0.06,2740213792,118
Papua New Guinea,1960,1995110,2.78,51178,-2034,17.4,6.02,4,3.8,74897,0.07,3015470894,118
Papua New Guinea,1965,2235820,2.3,48142,-18532,16.8,6.2,5,5.5,122314,0.07,3334533703,119
Papua New Guinea,1970,2505628,2.3,53962,-18773,16.2,6.25,6,9.9,247610,0.07,3694683794,118
Papua New Guinea,1975,2814820,2.35,61838,-23562,16.1,6.07,6,12.2,343361,0.07,4070735277,119
Papua New Guinea,1980,3131512,2.16,63338,-25638,16.9,5.71,7,13.8,431144,0.07,4447606236,119
Papua New Guinea,1985,3478936,2.13,69485,-25470,17.3,5.47,8,15.3,531198,0.07,4868943465,118
Papua New Guinea,1990,3896481,2.29,83509,2398,17.6,5.18,9,16.6,646717,0.07,5327803110,117
Papua New Guinea,1995,4644278,3.57,149559,40962,18.2,4.78,10,14.8,689139,0.08,5758878982,110
Papua New Guinea,2000,5537064,3.58,178557,41855,18.8,4.53,12,13.3,735741,0.09,6171702993,102
Papua New Guinea,2005,6535905,3.37,199768,46014,19.3,4.22,14,12.7,827808,0.1,6586970132,101
Papua New Guinea,2010,7633523,3.15,219524,50106,20,3.88,17,12.1,925387,0.11,7021732148,97
Papua New Guinea,2015,8743246,2.75,221945,30580,20.8,3.56,19,11.8,1030539,0.12,7470491872,95
Papua New Guinea,2020,9815746,2.34,214500,10703,21.7,3.27,22,11.9,1168469,0.12,7887001292,93
Papua New Guinea,2022,10203169,1.95,193712,-787,22.1,3.17,23,12.1,1235492,0.13,8021407192,94
Papua New Guinea,2023,10389635,1.83,186466,-787,22.3,3.1,23,12.2,1271933,0.13,8091734930,93
Papua New Guinea,2024,10576502,1.8,186867,-707,22.6,3.07,23,12.4,1310465,0.13,8161972572,92
Papua New Guinea,2025,10762817,1.76,186315,-284,22.8,3.03,24,12.6,1351201,0.13,8231613070,90
Papua New Guinea,2026,10947848,1.72,185031,-534,23,2.99,24,12.7,1394260,0.13,8300678395,89
Paraguay,1955,1682286,2.26,35588,-16157,15.6,6.51,4,34.9,586668,0.06,2740213792,119
Paraguay,1960,1883514,2.29,40246,-16811,15.6,6.5,5,35.9,676837,0.06,3015470894,120
Paraguay,1965,2125177,2.44,48333,-13715,15.8,6.34,5,37,786779,0.06,3334533703,121
Paraguay,1970,2388028,2.36,52570,-12579,16,5.72,6,38.4,917029,0.06,3694683794,121
Paraguay,1975,2691648,2.42,60724,-3807,16.7,5.18,7,40.4,1087938,0.07,4070735277,122
Paraguay,1980,3053235,2.55,72317,-2808,17.6,5.1,8,43.4,1325938,0.07,4447606236,121
Paraguay,1985,3510671,2.83,91487,-3562,18,4.97,9,47,1651691,0.07,4868943465,117
Paraguay,1990,4035747,2.83,105015,-4685,18.2,4.57,10,50.8,2051842,0.08,5327803110,115
Paraguay,1995,4579806,2.56,108812,-7653,18.4,4.11,12,54.2,2481860,0.08,5758878982,113
Paraguay,2000,5100868,2.18,104212,-15884,19,3.51,13,57.5,2934051,0.08,6171702993,110
Paraguay,2005,5448097,1.33,69446,-42173,20.4,2.97,14,61.3,3340099,0.08,6586970132,108
Paraguay,2010,5737971,1.04,57975,-26169,22.2,2.69,14,64.1,3680011,0.08,7021732148,109
Paraguay,2015,6159103,1.43,84226,-16834,23.9,2.65,16,65.5,4033246,0.08,7470491872,111
Paraguay,2020,6603739,1.4,88927,-8226,25.5,2.5,17,66.5,4394032,0.08,7887001292,110
Paraguay,2022,6760464,1.18,78363,-12500,26,2.44,17,67.2,4543267,0.08,8021407192,110
Paraguay,2023,6844146,1.24,83682,-12500,26.3,2.42,17,67.5,4618686,0.08,8091734930,108
Paraguay,2024,6929153,1.24,85007,-12451,26.6,2.42,17,67.8,4694516,0.08,8161972572,108
Paraguay,2025,7013078,1.21,83925,-12423,27,2.4,18,68,4770669,0.09,8231613070,108
Paraguay,2026,7095279,1.17,82201,-12243,27.3,2.37,18,68.3,4847067,0.09,8300678395,109
Peru,1955,8822013,2.82,228920,-6270,17.6,6.96,7,43.7,3856003,0.32,2740213792,44
Peru,1960,10174127,2.89,270423,-7236,17.1,6.94,8,46.3,4709872,0.34,3015470894,40
Peru,1965,11761085,2.94,317392,-12470,16.7,6.75,9,51.2,6020628,0.35,3334533703,39
Peru,1970,13501237,2.8,348030,-15653,16.8,6.32,11,56.7,7658573,0.37,3694683794,38
Peru,1975,15333957,2.58,366544,-34382,17,5.71,12,61,9360547,0.38,4070735277,39
Peru,1980,17360949,2.51,405398,-11446,17.4,5.04,14,64.6,11209453,0.39,4447606236,39
Peru,1985,19648204,2.51,457451,-13887,18,4.46,15,66.5,13068523,0.4,4868943465,38
Peru,1990,22014771,2.3,473313,-29437,18.8,3.91,17,68.3,15038734,0.41,5327803110,39
Peru,1995,24348919,2.04,466830,-46499,19.9,3.31,19,70,17055649,0.42,5758878982,38
Peru,2000,26598331,1.78,449882,-92353,21.4,2.85,21,71.2,18928687,0.43,6171702993,38
Peru,2005,28101180,1.11,300570,-221652,23.2,2.64,22,73.7,20717275,0.43,6586970132,39
Peru,2010,29086019,0.69,196968,-181302,25.2,2.42,23,77.2,22450249,0.41,7021732148,40
Peru,2015,30457600,0.93,274316,2421,27.1,2.23,24,79.7,24271929,0.41,7470491872,45
Peru,2020,32838579,1.52,476196,55375,28.5,2.06,26,79.4,26082479,0.42,7887001292,45
Peru,2022,33475438,0.97,318430,33982,29.1,2,26,80.1,26804348,0.42,8021407192,45
Peru,2023,33845617,1.11,370179,24783,29.5,1.98,26,80.3,27163976,0.42,8091734930,45
Peru,2024,34217848,1.1,372231,18406,29.8,1.97,27,80.4,27522690,0.42,8161972572,47
Peru,2025,34576665,1.05,358817,11931,30.2,1.94,27,80.6,27880400,0.42,8231613070,47
Peru,2026,34922148,1,345483,6707,30.6,1.93,27,80.9,28236966,0.42,8300678395,48
Philippines,1955,22880573,3.95,806209,112798,15.2,7.07,77,27.8,6365919,0.83,2740213792,23
Philippines,1960,27891897,4.04,1002265,-155354,14.7,7,94,28.5,7959850,0.92,3015470894,21
Philippines,1965,32625316,3.18,946684,-156782,14.3,6.8,109,29.9,9770040,0.98,3334533703,18
Philippines,1970,37622204,2.89,999378,-300923,14.6,6.22,126,31.4,11807882,1,3694683794,18
Philippines,1975,42120826,2.28,899724,-220296,15.2,5.6,141,34.9,14684347,1,4070735277,18
Philippines,1980,48043740,2.67,1184583,-179832,16.2,5.11,161,37,17752900,1.1,4447606236,18
Philippines,1985,55213006,2.82,1433853,-171539,17.2,4.66,185,41.6,22943780,1.1,4868943465,17
Philippines,1990,62854666,2.63,1528332,-63296,17.8,4.32,211,46.3,29106432,1.2,5327803110,14
Philippines,1995,70546246,2.34,1538316,-280327,18.2,4.07,237,46.1,32515486,1.2,5758878982,14
Philippines,2000,79625397,2.45,1815830,-33868,19,3.75,267,45.2,35981065,1.3,6171702993,13
Philippines,2005,88015962,2.02,1678113,-326063,19.9,3.45,295,44.8,39435905,1.3,6586970132,12
Philippines,2010,96337125,1.82,1664233,13556,20.9,3.31,323,44.1,42487934,1.4,7021732148,12
Philippines,2015,105312992,1.8,1795173,-390702,22.2,2.83,353,44.7,47078199,1.4,7470491872,12
Philippines,2020,112081264,1.25,1353654,-47014,24.1,2.08,376,46.4,52008603,1.4,7887001292,13
Philippines,2022,113964338,0.84,941537,-221754,24.9,1.93,382,47.5,54167314,1.4,8021407192,13
Philippines,2023,114891199,0.81,926861,-164284,25.3,1.92,385,48.1,55287662,1.4,8091734930,13
Philippines,2024,115843670,0.83,952471,-160373,25.7,1.89,389,48.7,56434179,1.4,8161972572,14
Philippines,2025,116786962,0.81,943292,-149315,26.1,1.88,392,49.3,57606092,1.4,8231613070,14
Philippines,2026,117724471,0.8,937509,-144275,26.6,1.86,395,49.9,58803262,1.4,8300678395,14
Poland,1955,27063640,1.78,456696,-28167,25.2,3.56,88,43.5,11779020,0.99,2740213792,19
Poland,1960,29575966,1.79,502465,-6306,25.6,3,97,47.9,14181448,0.98,3015470894,19
Poland,1965,31288336,1.13,342474,-21658,26.5,2.54,102,50.2,15718434,0.94,3334533703,21
Poland,1970,32542633,0.79,250859,-66859,27.3,2.25,106,52.3,17011282,0.88,3694683794,23
Poland,1975,33964399,0.86,284353,-31346,27.4,2.28,111,55.3,18776569,0.83,4070735277,24
Poland,1980,35576519,0.93,322424,-42420,28.5,2.28,116,58,20640994,0.8,4447606236,25
Poland,1985,37200853,0.9,324867,-27277,29.8,2.32,121,59.8,22255565,0.76,4868943465,26
Poland,1990,38055455,0.46,170920,-50339,31.4,2.06,124,61.1,23254781,0.71,5327803110,28
Poland,1995,38364667,0.16,61842,-52989,32.9,1.63,125,61.6,23645810,0.67,5758878982,29
Poland,2000,38258071,-0.06,-21319,-15921,34.3,1.37,125,62.2,23791900,0.62,6171702993,30
Poland,2005,38124379,-0.07,-26738,-41942,35.6,1.24,124,61.8,23574790,0.58,6586970132,32
Poland,2010,38095351,-0.02,-5806,119623,36.9,1.41,124,61.3,23335927,0.54,7021732148,33
Poland,2015,38266314,0.09,34193,3887,38.3,1.32,125,60.3,23065377,0.51,7470491872,35
Poland,2020,38171012,-0.05,-19060,3920,40.1,1.38,125,59.7,22781639,0.48,7887001292,39
Poland,2022,38385739,0.28,107364,967744,40.9,1.26,125,59.1,22695137,0.48,8021407192,39
Poland,2023,38762844,0.98,377105,-7824,41.3,1.3,127,58.5,22658118,0.48,8091734930,39
Poland,2024,38539201,-0.58,-223643,-238062,41.8,1.3,126,58.7,22625763,0.47,8161972572,39
Poland,2025,38140910,-1.03,-398291,-330820,42.5,1.31,125,59.2,22598335,0.46,8231613070,42
Poland,2026,37843188,-0.78,-297722,-7971,43,1.31,124,59.7,22575951,0.46,8300678395,42
Portugal,1955,8662888,0.57,48802,-61551,26.2,3.13,95,33,2857954,0.32,2740213792,45
Portugal,1960,8873218,0.48,42066,-95886,26.8,3.16,97,35,3108907,0.29,3015470894,49
Portugal,1965,8889625,0.04,3281,-123855,27.9,3.16,97,37,3286357,0.27,3334533703,55
Portugal,1970,8669523,-0.5,-44020,-191862,28.6,3.01,95,38.9,3376697,0.23,3694683794,61
Portugal,1975,9182302,1.16,102556,42262,28.7,2.75,100,41,3761504,0.23,4070735277,61
Portugal,1980,9763624,1.24,116264,29881,29.5,2.25,107,43,4195006,0.22,4447606236,60
Portugal,1985,9979469,0.44,43169,-19183,31.1,1.73,109,45.3,4523234,0.2,4868943465,64
Portugal,1990,9989524,0.02,2011,-34855,33.2,1.55,109,47.7,4769183,0.19,5327803110,70
Portugal,1995,10031751,0.08,8445,26971,35.1,1.41,110,51.7,5187432,0.17,5758878982,75
Portugal,2000,10283204,0.5,50291,60586,36.7,1.54,112,54.8,5633127,0.17,6171702993,73
Portugal,2005,10502994,0.42,43958,15537,38.4,1.41,115,57.9,6077668,0.16,6586970132,76
Portugal,2010,10578660,0.14,15133,-5627,40.5,1.38,116,61,6451825,0.15,7021732148,79
Portugal,2015,10370267,-0.4,-41679,-3209,42.8,1.3,113,63.8,6617197,0.14,7470491872,88
Portugal,2020,10370519,0,50,54076,45,1.41,113,65.3,6775807,0.13,7887001292,89
Portugal,2022,10417073,0.22,23277,68696,45.8,1.45,114,65.6,6837902,0.13,8021407192,90
Portugal,2023,10430738,0.13,13665,29102,46.2,1.51,114,65.8,6868313,0.13,8091734930,91
Portugal,2024,10425292,-0.05,-5446,20648,46.6,1.51,114,66.2,6897865,0.13,8161972572,93
Portugal,2025,10411834,-0.13,-13458,16472,46.9,1.52,114,66.5,6926293,0.13,8231613070,93
Portugal,2026,10395362,-0.16,-16472,16968,47.2,1.52,113,66.9,6953443,0.13,8300678395,94
Puerto Rico,1955,2303486,0.66,14879,-50489,17.3,4.68,260,41.4,953627,0.08,2740213792,109
Puerto Rico,1960,2363917,0.52,12086,-26328,17.4,4.59,267,44.4,1049347,0.08,3015470894,111
Puerto Rico,1965,2556644,1.58,38545,-24057,19,4.1,288,51.9,1328040,0.08,3334533703,112
Puerto Rico,1970,2734422,1.35,35556,-6440,20.3,3.17,308,57.8,1580602,0.07,3694683794,115
Puerto Rico,1975,2966106,1.64,46337,-731,22.1,2.8,334,62,1840343,0.07,4070735277,116
Puerto Rico,1980,3213680,1.62,49515,-5094,23.5,2.7,362,67.3,2162366,0.07,4447606236,117
Puerto Rico,1985,3399311,1.13,37126,-8143,25.4,2.22,383,83.6,2841223,0.07,4868943465,120
Puerto Rico,1990,3541048,0.82,28347,-6865,27.4,2.29,399,92.3,3269660,0.07,5327803110,123
Puerto Rico,1995,3693598,0.85,30510,-5930,29.3,2.15,416,93.6,3458246,0.06,5758878982,121
Puerto Rico,2000,3809866,0.62,23254,-19394,31.3,2.04,430,94.1,3583840,0.06,6171702993,125
Puerto Rico,2005,3788415,-0.11,-4290,-27139,33.6,1.84,427,93.5,3543705,0.06,6586970132,127
Puerto Rico,2010,3714836,-0.39,-14716,-30960,36.1,1.62,419,93.9,3487202,0.05,7021732148,129
Puerto Rico,2015,3521811,-1.06,-38605,-42912,39.9,1.35,397,97.7,3439473,0.05,7470491872,132
Puerto Rico,2020,3275805,-1.44,-49201,-7410,44.3,0.93,369,,,0.04,7887001292,136
Puerto Rico,2022,3240968,-0.53,-17419,16704,45.2,0.94,365,,,0.04,8021407192,135
Puerto Rico,2023,3242023,0.03,1055,19833,45.3,0.94,366,,,0.04,8091734930,135
Puerto Rico,2024,3242204,0.01,181,11561,45.5,0.94,366,,,0.04,8161972572,135
Puerto Rico,2025,3235289,-0.21,-6915,5495,45.8,0.94,365,,,0.04,8231613070,135
Puerto Rico,2026,3222688,-0.39,-12601,1056,46.2,0.94,363,,,0.04,8300678395,135
Qatar,1955,28536,3.28,851,26,16.6,6.54,2,,,0.001,2740213792,202
Qatar,1960,36010,4.76,1495,1586,17,6.53,3,,,0.0012,3015470894,200
Qatar,1965,64065,12.21,5611,5083,21.6,6.53,6,,,0.0019,3334533703,191
Qatar,1970,116350,12.68,10457,10579,22.8,6.23,10,83.2,96760,0.0031,3694683794,182
Qatar,1975,193087,10.66,15347,10549,20,5.86,17,75.7,146177,0.0047,4070735277,177
Qatar,1980,275913,7.4,16565,10540,22.5,5.33,24,72.5,199973,0.0062,4447606236,172
Qatar,1985,365940,5.81,18005,9797,26.1,4.64,32,91.4,334343,0.0075,4868943465,168
Qatar,1990,440175,3.76,14847,5216,26.9,4.23,38,,,0.0083,5327803110,166
Qatar,1995,514325,3.16,14830,5634,28.2,3.56,44,94.8,487771,0.0089,5758878982,165
Qatar,2000,644989,4.63,26133,22769,28.9,3.07,56,88.4,570417,0.01,6171702993,163
Qatar,2005,825408,5.06,36084,68993,29.9,2.63,71,,,0.01,6586970132,161
Qatar,2010,1709229,15.67,176764,90620,30.2,2.14,147,,,0.02,7021732148,150
Qatar,2015,2427331,7.27,143620,177467,30.1,1.98,209,,,0.03,7470491872,142
Qatar,2020,2803375,2.92,75209,-50433,31.6,1.68,241,98.8,2770452,0.04,7887001292,141
Qatar,2022,2892455,1.58,44540,80004,32.5,1.74,249,99.2,2869229,0.04,8021407192,138
Qatar,2023,2979082,2.99,86627,39995,33.2,1.73,257,98,2918180,0.04,8091734930,138
Qatar,2024,3048423,2.33,69341,46105,33.5,1.72,263,97.3,2965657,0.04,8161972572,137
Qatar,2025,3115889,2.21,67466,36288,33.5,1.7,268,96.6,3010901,0.04,8231613070,137
Qatar,2026,3173559,1.85,57670,24791,33.4,1.69,273,96.2,3054341,0.04,8300678395,136
Romania,1955,17475268,1.28,215598,-41093,26.1,3.01,76,30.6,5353421,0.64,2740213792,29
Romania,1960,18313495,0.94,167645,-55397,27.5,2.32,80,34.8,6367667,0.61,3015470894,29
Romania,1965,18713054,0.43,79912,-60430,29.6,1.9,81,39,7305565,0.56,3334533703,31
Romania,1970,20011625,1.35,259714,71919,30.4,2.81,87,41.4,8285095,0.54,3694683794,33
Romania,1975,21268070,1.23,251289,9125,30.7,2.6,92,43.6,9279580,0.52,4070735277,33
Romania,1980,22154771,0.82,177340,-16668,30.6,2.44,96,47,10417222,0.5,4447606236,33
Romania,1985,22605820,0.4,90210,-28108,31.5,2.31,98,50.7,11468899,0.46,4868943465,33
Romania,1990,22939530,0.29,66742,-38157,32.1,1.84,100,54.5,12500412,0.43,5327803110,36
Romania,1995,22657723,-0.25,-56361,-73779,33.1,1.34,98,54.5,12348124,0.39,5758878982,41
Romania,2000,22046262,-0.55,-122292,-92451,33.6,1.3,96,53.2,11728886,0.36,6171702993,47
Romania,2005,21213388,-0.77,-166575,-131176,35.8,1.39,92,53.7,11395702,0.32,6586970132,50
Romania,2010,20432574,-0.75,-156163,-122364,38.3,1.57,89,53.8,11002831,0.29,7021732148,58
Romania,2015,19871019,-0.56,-112311,-35751,40.3,1.62,86,53.9,10711013,0.27,7470491872,59
Romania,2020,19392469,-0.49,-95710,-13202,42,1.73,84,54.2,10507365,0.25,7887001292,64
Romania,2022,19166772,-0.58,-112849,89076,42.4,1.72,83,54.6,10463159,0.24,8021407192,66
Romania,2023,19118479,-0.25,-48293,-27780,42.6,1.71,83,54.6,10448074,0.24,8091734930,67
Romania,2024,19015088,-0.54,-103391,-28466,42.9,1.71,83,54.9,10437471,0.23,8161972572,67
Romania,2025,18908650,-0.56,-106438,-29041,43.2,1.71,82,55.2,10431178,0.23,8231613070,69
Romania,2026,18800605,-0.57,-108045,-28982,43.5,1.71,82,55.5,10429020,0.23,8300678395,70
Russia,1955,111160992,1.46,1553726,-95879,25,2.81,7,49,54512824,4.1,2740213792,4
Russia,1960,119934141,1.53,1754630,-234895,26.3,2.63,7,53.7,64402146,4,3015470894,4
Russia,1965,126634214,1.09,1340015,-138078,27.4,2.11,8,58.1,73579688,3.8,3334533703,4
Russia,1970,130367189,0.58,746595,-264464,29.7,2.01,8,62.4,81289925,3.5,3694683794,4
Russia,1975,134136098,0.57,753782,80069,29.9,2,8,66.3,88869066,3.3,4070735277,4
Russia,1980,138572623,0.65,887305,10440,30.1,1.92,8,69.5,96298016,3.1,4447606236,5
Russia,1985,143569389,0.71,999353,280614,30.9,2.09,9,71.6,102829481,2.9,4868943465,5
Russia,1990,148979541,0.74,1082030,299863,32.2,1.91,9,72.7,108302585,2.8,5327803110,6
Russia,1995,148291403,-0.09,-137628,723875,34,1.35,9,73.4,108802154,2.6,5758878982,6
Russia,2000,146717783,-0.21,-314724,550401,35.7,1.19,9,73.2,107381741,2.4,6171702993,7
Russia,2005,144597884,-0.29,-423980,263541,36.4,1.3,9,73,105505958,2.2,6586970132,9
Russia,2010,143934465,-0.09,-132684,307555,37,1.58,9,73.3,105485979,2,7021732148,9
Russia,2015,145307616,0.19,274630,384756,37.7,1.79,9,73.3,106549491,1.9,7470491872,9
Russia,2020,146371299,0.15,212737,334094,38.7,1.5,9,73.4,107486269,1.9,7887001292,9
Russia,2022,145579899,-0.27,-395700,765629,39.1,1.45,9,74,107762468,1.8,8021407192,9
Russia,2023,145440500,-0.1,-139399,27807,39.5,1.45,9,74.2,107876661,1.8,8091734930,9
Russia,2024,144820423,-0.43,-620077,-178042,39.9,1.46,9,74.6,107976212,1.8,8161972572,9
Russia,2025,143997393,-0.57,-823030,-251822,40.3,1.47,9,75,108062384,1.7,8231613070,9
Russia,2026,143394458,-0.42,-602935,324924,40.7,1.47,9,75.4,108135895,1.7,8300678395,9
Rwanda,1955,2568298,3.55,82240,-815,16.1,8.21,104,2.3,59211,0.09,2740213792,102
Rwanda,1960,3022294,3.31,90799,-13198,14.4,8.28,123,2.5,76269,0.1,3015470894,100
Rwanda,1965,3423210,2.52,80183,-9774,13.8,8.25,139,2.7,93184,0.1,3334533703,98
Rwanda,1970,3980669,3.06,111492,1149,14.7,8.14,161,3,119936,0.11,3694683794,95
Rwanda,1975,4607728,2.97,125412,-4791,15.3,8.1,187,3.8,174257,0.11,4070735277,94
Rwanda,1980,5353259,3.04,149106,-16359,15.4,8.12,217,4.5,242682,0.12,4447606236,90
Rwanda,1985,6317228,3.37,192794,-11031,14.8,7.79,256,4.9,309499,0.13,4868943465,89
Rwanda,1990,7375307,3.15,211616,-41483,14.5,6.8,299,5.3,391898,0.14,5327803110,84
Rwanda,1995,5674118,-5.11,-340238,439995,13.2,6.34,230,10.3,583164,0.1,5758878982,99
Rwanda,2000,8213931,7.68,507963,-153588,15.2,5.97,333,14.6,1197920,0.13,6171702993,88
Rwanda,2005,9054528,1.97,168119,-33830,16.8,5.5,367,16.8,1520718,0.14,6586970132,87
Rwanda,2010,10317553,2.65,252605,-29501,17.5,4.52,418,16.8,1735198,0.15,7021732148,82
Rwanda,2015,11640022,2.44,264494,-21862,18.3,4.11,472,17,1977467,0.16,7470491872,76
Rwanda,2020,13065837,2.34,285163,-22251,18.9,3.91,530,17.5,2281330,0.17,7887001292,77
Rwanda,2022,13651030,2.21,292597,-9001,19.2,3.78,553,17.7,2422469,0.17,8021407192,77
Rwanda,2023,13954471,2.22,303441,-9001,19.4,3.7,566,17.9,2497854,0.17,8091734930,77
Rwanda,2024,14256567,2.16,302096,-15582,19.7,3.65,578,18.1,2576901,0.17,8161972572,77
Rwanda,2025,14569341,2.19,312774,6282,19.9,3.59,591,18.3,2659944,0.18,8231613070,77
Rwanda,2026,14889693,2.2,320352,-7003,20.2,3.54,604,18.5,2747216,0.18,8300678395,77
RÃ©union,1955,300426,3.81,10242,1336,17.6,6.77,120,27.1,81450,0.01,2740213792,160
RÃ©union,1960,359556,3.66,11826,2256,16.3,6.11,144,30.7,110236,0.01,3015470894,157
RÃ©union,1965,418711,3.09,11831,-1660,15.9,6.15,167,35.6,149095,0.01,3334533703,158
RÃ©union,1970,469088,2.3,10075,-1762,16.8,4.3,188,41,192488,0.01,3694683794,158
RÃ©union,1975,511301,1.74,8443,-2585,18.4,3.65,205,42.2,215529,0.01,4070735277,159
RÃ©union,1980,553134,1.59,8367,-2463,19.8,2.87,221,49.2,272356,0.01,4447606236,160
RÃ©union,1985,600411,1.65,9455,840,21.8,2.51,240,63.2,379443,0.01,4868943465,160
RÃ©union,1990,652572,1.68,10432,1624,24.7,2.57,261,76,495959,0.01,5327803110,159
RÃ©union,1995,710455,1.71,11577,2262,26.2,2.27,284,81.6,580045,0.01,5758878982,159
RÃ©union,2000,763140,1.44,10537,-1750,26.9,2.5,305,88,671649,0.01,6171702993,158
RÃ©union,2005,800224,0.95,7417,-8690,28.5,2.49,320,95.3,762323,0.01,6586970132,162
RÃ©union,2010,844471,1.08,8849,-4567,30.1,2.19,338,96.9,818067,0.01,7021732148,162
RÃ©union,2015,865012,0.48,4108,-10921,32.9,2.23,346,99.1,857659,0.01,7470491872,162
RÃ©union,2020,861446,-0.08,-713,2272,36.3,2.15,345,,,0.01,7887001292,162
RÃ©union,2022,871540,0.58,5047,-3435,37.1,2.19,349,,,0.01,8021407192,162
RÃ©union,2023,874883,0.38,3343,-3625,37.4,2.17,350,,,0.01,8091734930,162
RÃ©union,2024,878591,0.42,3708,-2931,37.8,2.15,351,,,0.01,8161972572,162
RÃ©union,2025,882405,0.43,3814,-2585,38.1,2.13,353,,,0.01,8231613070,163
RÃ©union,2026,886298,0.44,3893,-2079,38.4,2.12,355,,,0.01,8300678395,163
Saint Barthelemy,1955,2126,1.17,24,-12,26.6,3.04,101,,,7.8e-05,2740213792,231
Saint Barthelemy,1960,2188,0.58,12,3,24.9,2.8,104,,,7.3e-05,3015470894,232
Saint Barthelemy,1965,2332,1.28,29,-5,23.9,2.44,111,,,7e-05,3334533703,231
Saint Barthelemy,1970,2406,0.63,15,-14,24.7,2.09,115,,,6.5e-05,3694683794,231
Saint Barthelemy,1975,2566,1.3,32,43,26,1.67,122,,,6.3e-05,4070735277,231
Saint Barthelemy,1980,2966,2.94,80,26,27,1.44,141,,,6.7e-05,4447606236,231
Saint Barthelemy,1985,4053,6.44,217,213,27.6,1.56,193,,,8.3e-05,4868943465,230
Saint Barthelemy,1990,5250,5.31,239,113,29.4,1.41,250,,,9.9e-05,5327803110,230
Saint Barthelemy,1995,6181,3.32,186,126,31.8,1.37,294,,,0.00011,5758878982,230
Saint Barthelemy,2000,7082,2.76,180,140,33.9,1.49,337,,,0.00011,6171702993,227
Saint Barthelemy,2005,8030,2.54,190,138,35.5,1.49,382,,,0.00012,6586970132,227
Saint Barthelemy,2010,8965,2.23,187,109,36.7,1.25,427,,,0.00013,7021732148,227
Saint Barthelemy,2015,9590,1.36,125,118,37,1.05,457,,,0.00013,7470491872,227
Saint Barthelemy,2020,10543,1.91,191,281,38.3,0.76,502,,,0.00013,7887001292,226
Saint Barthelemy,2022,10920,1.77,189,163,38.7,0.79,520,,,0.00014,8021407192,226
Saint Barthelemy,2023,11085,1.51,165,200,38.8,0.8,528,,,0.00014,8091734930,226
Saint Barthelemy,2024,11258,1.56,173,180,38.9,0.81,536,,,0.00014,8161972572,226
Saint Barthelemy,2025,11414,1.39,156,158,39,0.83,544,,,0.00014,8231613070,225
Saint Barthelemy,2026,11550,1.19,136,143,39.1,0.84,550,,,0.00014,8300678395,225
Saint Helena,1955,5308,0.32,17,-126,17.3,5.47,14,46.8,2486,0.00019,2740213792,224
Saint Helena,1960,5362,0.2,11,-89,18.7,5.29,14,43.6,2336,0.00018,3015470894,225
Saint Helena,1965,5476,0.42,23,-101,19.8,4.96,14,40.7,2228,0.00016,3334533703,226
Saint Helena,1970,5776,1.07,60,-38,20.4,4.41,15,39.2,2266,0.00016,3694683794,226
Saint Helena,1975,6128,1.19,70,-40,21.1,3.26,16,37.6,2302,0.00015,4070735277,227
Saint Helena,1980,6391,0.84,53,-33,22.5,2.79,16,36.5,2332,0.00014,4447606236,228
Saint Helena,1985,6654,0.81,53,-52,24.8,2.42,17,36.5,2430,0.00014,4868943465,228
Saint Helena,1990,6617,-0.11,-7,-108,27.6,2.14,17,35.6,2356,0.00012,5327803110,228
Saint Helena,1995,6348,-0.83,-54,-102,31.2,1.83,16,34.4,2183,0.00011,5758878982,229
Saint Helena,2000,6016,-1.07,-66,-101,35.6,1.68,15,34.3,2064,9.7e-05,6171702993,229
Saint Helena,2005,5543,-1.62,-95,-107,41.3,1.59,14,30.8,1706,8.4e-05,6586970132,229
Saint Helena,2010,5329,-0.78,-43,51,44.8,1.65,14,31,1650,7.6e-05,7021732148,229
Saint Helena,2015,5505,0.65,35,70,45.8,1.7,14,29,1595,7.4e-05,7470491872,229
Saint Helena,2020,5430,-0.27,-15,11,49.3,1.66,14,30.5,1654,6.9e-05,7887001292,229
Saint Helena,2022,5343,-0.8,-44,0,50.2,1.64,14,31.6,1687,6.7e-05,8021407192,229
Saint Helena,2023,5289,-1.01,-54,0,50.5,1.64,14,32.2,1702,6.5e-05,8091734930,229
Saint Helena,2024,5237,-0.98,-52,4,50.7,1.64,13,32.9,1722,6.4e-05,8161972572,229
Saint Helena,2025,5197,-0.76,-40,1,50.9,1.64,13,33.4,1737,6.3e-05,8231613070,229
Saint Helena,2026,5147,-0.96,-50,0,51,1.64,13,34.1,1757,6.2e-05,8300678395,229
Saint Kitts & Nevis,1955,52134,1.99,980,-777,17,6.96,201,25.1,13101,0.0019,2740213792,193
Saint Kitts & Nevis,1960,55810,1.37,735,-1725,16.3,6.54,215,25.4,14152,0.0019,3015470894,192
Saint Kitts & Nevis,1965,51139,-1.73,-934,-2447,15.9,6.01,197,29.7,15185,0.0015,3334533703,196
Saint Kitts & Nevis,1970,44606,-2.7,-1307,-1227,15,4.73,172,34.4,15324,0.0012,3694683794,204
Saint Kitts & Nevis,1975,43606,-0.45,-200,-813,17.4,3.67,168,35.6,15509,0.0011,4070735277,204
Saint Kitts & Nevis,1980,42850,-0.35,-151,-798,19.1,3.26,165,36.2,15505,0.00096,4447606236,206
Saint Kitts & Nevis,1985,41874,-0.46,-195,-821,21.1,2.82,161,35.4,14807,0.00086,4868943465,207
Saint Kitts & Nevis,1990,40432,-0.7,-288,-812,22.3,2.73,156,35,14132,0.00076,5327803110,210
Saint Kitts & Nevis,1995,42326,0.92,379,162,23.7,2.3,163,34.2,14461,0.00073,5758878982,210
Saint Kitts & Nevis,2000,45248,1.34,584,291,25.7,2.13,174,32.9,14873,0.00073,6171702993,210
Saint Kitts & Nevis,2005,46437,0.52,238,-234,27.5,1.93,179,33.5,15569,0.0007,6586970132,211
Saint Kitts & Nevis,2010,46846,0.18,82,-449,29.6,1.76,180,34.4,16114,0.00067,7021732148,211
Saint Kitts & Nevis,2015,47087,0.1,48,-202,31.8,1.64,181,35.5,16736,0.00063,7470491872,211
Saint Kitts & Nevis,2020,46870,-0.09,-43,-202,34.2,1.55,180,37.4,17523,0.00059,7887001292,210
Saint Kitts & Nevis,2022,46709,-0.17,-81,0,35,1.51,180,38.3,17886,0.00058,8021407192,209
Saint Kitts & Nevis,2023,46758,0.1,49,0,35.3,1.5,180,38.7,18074,0.00058,8091734930,209
Saint Kitts & Nevis,2024,46843,0.18,85,-7,35.8,1.53,180,39,18274,0.00057,8161972572,208
Saint Kitts & Nevis,2025,46922,0.17,79,18,36.2,1.51,180,39.4,18481,0.00057,8231613070,208
Saint Kitts & Nevis,2026,46992,0.15,70,11,36.5,1.5,181,39.8,18695,0.00057,8300678395,209
Saint Lucia,1955,93803,0.17,162,-3273,15.8,6.45,154,18.8,17596,0.0034,2740213792,178
Saint Lucia,1960,92585,-0.26,-244,-2366,15.4,6.77,152,20.8,19292,0.0031,3015470894,179
Saint Lucia,1965,97493,1.04,982,-2067,13.8,6.69,160,22.4,21822,0.0029,3334533703,183
Saint Lucia,1970,103165,1.14,1134,-1709,13.9,6.1,169,24.1,24901,0.0028,3694683794,185
Saint Lucia,1975,110725,1.42,1512,-1454,14.2,5.36,182,25,27662,0.0027,4070735277,185
Saint Lucia,1980,119290,1.5,1713,-1422,15.9,4.41,196,26.2,31313,0.0027,4447606236,185
Saint Lucia,1985,129159,1.6,1974,-1465,16.7,3.97,212,27.3,35299,0.0027,4868943465,187
Saint Lucia,1990,137857,1.31,1740,-1790,18.9,3.24,226,29.4,40557,0.0026,5327803110,188
Saint Lucia,1995,148208,1.46,2070,-638,20.1,3.03,243,28.5,42297,0.0026,5758878982,188
Saint Lucia,2000,158616,1.37,2082,-176,22.8,2.21,260,27.5,43591,0.0026,6171702993,188
Saint Lucia,2005,165450,0.85,1367,-358,24.8,1.81,271,22.8,37794,0.0025,6586970132,188
Saint Lucia,2010,170906,0.65,1091,-170,28.3,1.67,280,18.6,31841,0.0024,7021732148,189
Saint Lucia,2015,174905,0.46,800,-69,30.5,1.47,287,18.8,32809,0.0023,7470491872,189
Saint Lucia,2020,178250,0.38,669,0,32.6,1.41,292,19.2,34141,0.0023,7887001292,190
Saint Lucia,2022,178781,0.15,266,0,33.3,1.39,293,19.5,34779,0.0022,8021407192,190
Saint Lucia,2023,179285,0.28,504,0,33.7,1.38,294,19.6,35121,0.0022,8091734930,190
Saint Lucia,2024,179744,0.26,459,-7,34.2,1.39,295,19.7,35479,0.0022,8161972572,190
Saint Lucia,2025,180149,0.23,405,-23,34.6,1.38,295,19.9,35853,0.0022,8231613070,190
Saint Lucia,2026,180488,0.19,339,-49,35.1,1.37,296,20.1,36240,0.0022,8300678395,190
Saint Martin,1955,3599,3.82,123,0,17.7,6.44,68,,,0.00013,2740213792,229
Saint Martin,1960,4250,3.38,130,0,16.1,6.39,80,,,0.00014,3015470894,229
Saint Martin,1965,4996,3.29,149,28,15.6,6.34,94,,,0.00015,3334533703,229
Saint Martin,1970,6047,3.89,210,-25,16.4,6.09,114,,,0.00016,3694683794,225
Saint Martin,1975,7038,3.08,198,60,16.8,5.1,133,,,0.00017,4070735277,223
Saint Martin,1980,8288,3.32,250,-17,19.1,3.88,156,,,0.00019,4447606236,223
Saint Martin,1985,16095,14.2,1561,1974,22.5,2.95,304,,,0.00033,4868943465,218
Saint Martin,1990,28224,11.89,2426,-8,25.8,2.75,533,,,0.00053,5327803110,213
Saint Martin,1995,29470,0.87,249,-684,27.1,2.69,556,,,0.00051,5758878982,215
Saint Martin,2000,29996,0.35,105,143,28.6,2.88,566,,,0.00049,6171702993,215
Saint Martin,2005,33928,2.49,786,79,28.9,2.78,640,,,0.00052,6586970132,213
Saint Martin,2010,36856,1.67,586,-357,30.3,2.4,695,,,0.00052,7021732148,212
Saint Martin,2015,37369,0.28,103,-731,32.3,2.67,705,,,0.0005,7470491872,214
Saint Martin,2020,31786,-3.18,-1117,-2853,39.5,2.83,600,,,0.0004,7887001292,219
Saint Martin,2022,28870,-4.7,-1458,-1475,38.4,2.76,545,,,0.00036,8021407192,219
Saint Martin,2023,27515,-4.69,-1355,-1697,39.4,2.72,519,,,0.00034,8091734930,220
Saint Martin,2024,26129,-5.04,-1386,-1424,41,2.67,493,,,0.00032,8161972572,220
Saint Martin,2025,24941,-4.55,-1188,-1170,42.5,2.63,471,,,0.0003,8231613070,220
Saint Martin,2026,23898,-4.18,-1043,-1034,43.9,2.59,451,,,0.00029,8300678395,
Saint Pierre & Miquelon,1955,4766,1.2,55,-57,23.4,4.89,21,82.7,3942,0.00017,2740213792,226
Saint Pierre & Miquelon,1960,4992,0.93,45,-101,23.5,4.6,22,85.2,4251,0.00017,3015470894,226
Saint Pierre & Miquelon,1965,5236,0.96,49,-41,24.1,4.71,23,85.6,4482,0.00016,3334533703,227
Saint Pierre & Miquelon,1970,5636,1.48,80,3,24.1,3.26,25,85.6,4824,0.00015,3694683794,229
Saint Pierre & Miquelon,1975,6031,1.36,79,-16,24.2,2.45,26,86.8,5232,0.00015,4070735277,229
Saint Pierre & Miquelon,1980,6172,0.46,28,-41,26.1,2.24,27,87,5369,0.00014,4447606236,229
Saint Pierre & Miquelon,1985,6277,0.34,21,-21,28.2,2.38,27,87.4,5483,0.00013,4868943465,229
Saint Pierre & Miquelon,1990,6353,0.24,15,-36,30.7,2.23,28,87.8,5581,0.00012,5327803110,229
Saint Pierre & Miquelon,1995,6436,0.26,17,-45,32.8,2.09,28,87.1,5606,0.00011,5758878982,228
Saint Pierre & Miquelon,2000,6293,-0.45,-29,-37,35.8,1.98,27,88.9,5597,0.0001,6171702993,228
Saint Pierre & Miquelon,2005,6114,-0.58,-36,-70,38.5,1.95,27,92,5627,9.3e-05,6586970132,228
Saint Pierre & Miquelon,2010,6024,-0.3,-18,-8,40.5,1.96,26,93.6,5640,8.6e-05,7021732148,228
Saint Pierre & Miquelon,2015,5947,-0.26,-15,21,43.5,1.52,26,95.5,5682,8e-05,7470491872,228
Saint Pierre & Miquelon,2020,5827,-0.41,-24,0,45.3,1.32,25,99.3,5784,7.4e-05,7887001292,228
Saint Pierre & Miquelon,2022,5732,-0.82,-48,0,46,1.27,25,,,7.1e-05,8021407192,228
Saint Pierre & Miquelon,2023,5681,-0.89,-51,0,46.4,1.27,25,,,7e-05,8091734930,228
Saint Pierre & Miquelon,2024,5628,-0.93,-53,-2,46.8,1.27,24,,,6.9e-05,8161972572,228
Saint Pierre & Miquelon,2025,5574,-0.96,-54,-8,47.2,1.28,24,,,6.8e-05,8231613070,228
Saint Pierre & Miquelon,2026,5513,-1.09,-61,-9,47.6,1.28,24,,,6.6e-05,8300678395,228
Samoa,1955,99038,2.33,2151,-1583,14.4,7.71,35,16.6,16398,0.0036,2740213792,176
Samoa,1960,112490,2.58,2690,-1333,14,7.78,40,18.3,20562,0.0037,3015470894,177
Samoa,1965,127978,2.61,3098,-1512,13.5,7.65,45,19.2,24526,0.0038,3334533703,177
Samoa,1970,140400,1.87,2484,-2429,13.5,7.34,50,20.8,29140,0.0038,3694683794,178
Samoa,1975,153344,1.78,2589,-522,14.2,6.61,54,20.7,31779,0.0038,4070735277,180
Samoa,1980,164322,1.39,2196,-3240,15.3,5.86,58,20,32936,0.0037,4447606236,180
Samoa,1985,166849,0.31,505,-4920,16.5,5.49,59,20.3,33927,0.0034,4868943465,181
Samoa,1990,169042,0.26,439,-4533,17.4,5.01,60,20.4,34528,0.0032,5327803110,184
Samoa,1995,174571,0.65,1106,-3532,18.6,4.77,62,21,36628,0.003,5758878982,184
Samoa,2000,181685,0.8,1423,-3453,18.8,4.52,64,21.1,38374,0.0029,6171702993,185
Samoa,2005,186978,0.58,1059,-3805,19.3,4.32,66,20.4,38177,0.0028,6586970132,186
Samoa,2010,193023,0.64,1209,-3197,19.7,4.52,68,19.4,37386,0.0027,7021732148,187
Samoa,2015,201782,0.89,1752,-3074,20.1,4.34,71,18.2,36648,0.0027,7470491872,187
Samoa,2020,211944,0.99,2032,-2299,20.4,4,75,16.9,35799,0.0027,7887001292,188
Samoa,2022,215261,0.78,1659,-2837,20.1,3.88,76,16.6,35673,0.0027,8021407192,188
Samoa,2023,216663,0.65,1402,-2810,19.9,3.83,77,16.5,35665,0.0027,8091734930,188
Samoa,2024,218019,0.63,1356,-2754,19.8,3.8,77,16.4,35688,0.0027,8161972572,188
Samoa,2025,219306,0.59,1287,-2815,19.8,3.75,77,16.3,35747,0.0027,8231613070,188
Samoa,2026,220528,0.56,1222,-2792,19.8,3.7,78,16.3,35837,0.0027,8300678395,188
San Marino,1955,13793,1.27,169,73,30.6,2.51,230,46,6340,0.0005,2740213792,212
San Marino,1960,15428,2.27,327,229,30,2.43,257,48.8,7529,0.00051,3015470894,212
San Marino,1965,17305,2.32,375,99,29.9,2.33,288,54.8,9488,0.00052,3334533703,213
San Marino,1970,18168,0.98,173,-39,29.9,2.32,303,63,11445,0.00049,3694683794,214
San Marino,1975,19046,0.95,176,-133,30.4,2.05,317,74.1,14107,0.00047,4070735277,213
San Marino,1980,21585,2.53,508,169,31.8,1.52,360,80.4,17352,0.00049,4447606236,213
San Marino,1985,22485,0.82,180,166,33.2,1.17,375,89.2,20049,0.00046,4868943465,214
San Marino,1990,23475,0.87,198,289,34.8,1.16,391,92.6,21735,0.00044,5327803110,217
San Marino,1995,25158,1.39,337,262,36.3,1.17,419,94.3,23720,0.00044,5758878982,217
San Marino,2000,26799,1.27,328,233,37.6,1.4,447,95.6,25619,0.00043,6171702993,217
San Marino,2005,28572,1.29,355,314,39.4,1.2,476,96.7,27618,0.00043,6586970132,217
San Marino,2010,30624,1.4,410,592,41.4,1.46,510,97.3,29785,0.00044,7021732148,217
San Marino,2015,33901,2.05,655,273,43.5,1.2,565,94.1,31885,0.00045,7470491872,218
San Marino,2020,34769,0.51,174,247,45.8,1.11,579,94.8,32963,0.00044,7887001292,218
San Marino,2022,34090,-0.98,-340,-403,46.8,1.14,568,97.6,33265,0.00042,8021407192,218
San Marino,2023,33733,-1.05,-357,-190,47.4,1.15,562,99,33399,0.00042,8091734930,218
San Marino,2024,33581,-0.45,-152,37,48,1.16,560,99.8,33530,0.00041,8161972572,218
San Marino,2025,33572,-0.03,-9,122,48.6,1.16,560,,,0.00041,8231613070,218
San Marino,2026,33605,0.1,33,127,49.1,1.17,560,,,0.0004,8300678395,218
Sao Tome & Principe,1955,64606,1.2,746,-484,23.1,6.18,67,13.4,8661,0.0024,2740213792,187
Sao Tome & Principe,1960,68012,1.03,681,-860,23.3,6.24,71,15.2,10327,0.0023,3015470894,188
Sao Tome & Principe,1965,71680,1.06,734,-765,20.1,6.35,75,19.7,14147,0.0021,3334533703,190
Sao Tome & Principe,1970,77626,1.61,1189,-279,15.7,6.47,81,28.2,21918,0.0021,3694683794,191
Sao Tome & Principe,1975,86708,2.24,1816,-392,16,6.53,90,30.1,26136,0.0021,4070735277,191
Sao Tome & Principe,1980,98544,2.59,2367,-770,16.2,6.39,103,32.3,31791,0.0022,4447606236,190
Sao Tome & Principe,1985,108658,1.97,2023,-828,16.3,6.1,113,36.3,39432,0.0022,4868943465,189
Sao Tome & Principe,1990,122980,2.51,2864,-727,16.2,5.83,128,40.4,49713,0.0023,5327803110,189
Sao Tome & Principe,1995,134895,1.87,2383,-1829,16.1,5.55,141,45.6,61496,0.0023,5758878982,189
Sao Tome & Principe,2000,144018,1.32,1825,-2798,16.8,5.16,150,51.4,74049,0.0023,6171702993,191
Sao Tome & Principe,2005,161639,2.34,3524,-941,17.5,4.94,168,57,92078,0.0025,6586970132,190
Sao Tome & Principe,2010,181802,2.38,4033,-1529,17.7,4.77,189,62.4,113520,0.0026,7021732148,188
Sao Tome & Principe,2015,200291,1.96,3698,-1809,17.9,4.35,209,68.5,137228,0.0027,7470491872,188
Sao Tome & Principe,2020,217435,1.66,3429,0,18.5,3.83,226,74.6,162101,0.0028,7887001292,187
Sao Tome & Principe,2022,226305,2.02,4435,-592,18.9,3.69,236,76.2,172334,0.0028,8021407192,187
Sao Tome & Principe,2023,230871,2.02,4566,-592,19.1,3.64,240,76.9,177512,0.0029,8091734930,187
Sao Tome & Principe,2024,235536,2.02,4665,-604,19.3,3.6,245,77.6,182727,0.0029,8161972572,187
Sao Tome & Principe,2025,240254,2,4718,-650,19.5,3.53,250,78.2,187994,0.0029,8231613070,187
Sao Tome & Principe,2026,244994,1.97,4740,-691,19.7,3.47,255,78.9,193299,0.003,8300678395,187
Saudi Arabia,1955,2031955,3.59,65737,15000,18,7.59,1,45.5,923917,0.07,2740213792,112
Saudi Arabia,1960,2435403,3.69,80690,15000,17.6,7.63,1,52.4,1277054,0.08,3015470894,109
Saudi Arabia,1965,2928771,3.76,98674,15000,16.8,7.66,1,64.1,1877805,0.09,3334533703,106
Saudi Arabia,1970,3562470,4,126740,31097,16.2,7.58,2,79.7,2840506,0.1,3694683794,103
Saudi Arabia,1975,4556287,5.04,198763,73960,16.6,7.37,2,95.1,4334558,0.11,4070735277,95
Saudi Arabia,1980,6047997,5.83,298342,121220,17.1,7.14,3,,,0.14,4447606236,83
Saudi Arabia,1985,8151779,6.15,420756,148208,17.6,6.65,4,,,0.17,4868943465,74
Saudi Arabia,1990,10640691,5.47,497782,160416,18,5.8,5,,,0.2,5327803110,62
Saudi Arabia,1995,13289245,4.55,529711,160512,18.7,4.99,6,,,0.23,5758878982,61
Saudi Arabia,2000,16177722,4.01,577695,468515,19.7,4.21,8,,,0.26,6171702993,58
Saudi Arabia,2005,20559890,4.91,876434,518565,20.8,3.16,10,94.2,19358664,0.31,6586970132,51
Saudi Arabia,2010,25157128,4.12,919448,504955,23.5,2.81,12,89.5,22512101,0.36,7021732148,48
Saudi Arabia,2015,29974938,3.57,963562,465292,27,2.63,14,87.6,26249243,0.4,7470491872,46
Saudi Arabia,2020,30991207,0.67,203254,-74725,28.5,2.27,14,94.4,29255576,0.39,7887001292,47
Saudi Arabia,2022,32175352,1.89,592073,977072,28.7,2.14,15,94.3,30329753,0.4,8021407192,48
Saudi Arabia,2023,33264292,3.38,1088940,325691,29.2,2.28,15,92.7,30846442,0.41,8091734930,48
Saudi Arabia,2024,33962757,2.1,698465,122170,29.6,2.31,16,92.3,31350546,0.42,8161972572,48
Saudi Arabia,2025,34566328,1.78,603571,119738,29.6,2.29,16,92.1,31842626,0.42,8231613070,48
Saudi Arabia,2026,35165787,1.73,599459,108660,29.7,2.27,16,91.9,32323623,0.42,8300678395,47
Senegal,1955,2908505,2.62,70627,7864,17.4,6.83,15,19.3,560479,0.11,2740213792,94
Senegal,1960,3340907,2.81,86480,9337,17,7,17,22.1,737552,0.11,3015470894,93
Senegal,1965,3849788,2.88,101776,13913,16.7,7.19,20,25.2,970457,0.12,3334533703,93
Senegal,1970,4466328,3.02,123308,16168,16.8,7.26,23,28.6,1277252,0.12,3694683794,90
Senegal,1975,5170810,2.97,140896,-7870,16.6,7.25,27,32.2,1663175,0.13,4070735277,84
Senegal,1980,5845638,2.48,134966,-32616,15.7,7.29,30,34.2,2000428,0.13,4447606236,85
Senegal,1985,6683287,2.71,167530,-18644,15.2,7.01,35,36.4,2434961,0.14,4868943465,85
Senegal,1990,7720523,2.93,207447,-12959,15.4,6.4,40,38.1,2938830,0.14,5327803110,82
Senegal,1995,8848101,2.76,225516,-31001,16,5.82,46,39.2,3464168,0.15,5758878982,79
Senegal,2000,9968260,2.41,224032,-42854,16.5,5.5,52,40,3985284,0.16,6171702993,79
Senegal,2005,11235472,2.42,253442,-61781,17.1,5.13,58,41.8,4693370,0.17,6586970132,73
Senegal,2010,12635413,2.38,279988,-69888,17.4,5.05,66,44.7,5653812,0.18,7021732148,72
Senegal,2015,14593331,2.92,391584,34387,17.5,4.75,76,47.1,6868710,0.2,7470491872,72
Senegal,2020,16789219,2.84,439178,33848,18.4,4,87,49.3,8277123,0.21,7887001292,71
Senegal,2022,17651103,2.53,430942,16425,18.9,3.86,92,50.4,8900124,0.22,8021407192,72
Senegal,2023,18077573,2.42,426470,-9999,19.1,3.82,94,51,9225165,0.22,8091734930,71
Senegal,2024,18501984,2.35,424411,-10307,19.4,3.77,96,51.7,9559605,0.23,8161972572,69
Senegal,2025,18931966,2.32,429982,-12636,19.6,3.71,98,52.3,9903731,0.23,8231613070,68
Senegal,2026,19366548,2.3,434582,-13429,19.8,3.66,101,53,10257722,0.23,8300678395,68
Serbia,1955,6346327,1.1,67425,6409,25.8,2.45,73,27.8,1766738,0.23,2740213792,64
Serbia,1960,6702962,1.1,71327,4377,27.7,2.15,77,32.8,2196260,0.22,3015470894,66
Serbia,1965,7031133,0.96,65634,7957,29.5,2.06,80,38.1,2679749,0.21,3334533703,66
Serbia,1970,7324425,0.82,58658,1861,31.1,1.97,84,44.1,3227141,0.2,3694683794,66
Serbia,1975,7572438,0.67,49603,-3490,32.1,1.92,87,48.4,3664637,0.19,4070735277,68
Serbia,1980,7796280,0.58,44768,287,32.5,1.86,89,52.7,4110857,0.18,4447606236,72
Serbia,1985,7881548,0.22,17054,-17646,34,1.8,90,56.8,4473184,0.16,4868943465,76
Serbia,1990,7874594,-0.02,-1391,-16260,35.8,1.65,90,60.9,4796240,0.15,5327803110,80
Serbia,1995,7823284,-0.13,-10262,-6019,37.6,1.47,89,65.3,5105295,0.14,5758878982,86
Serbia,2000,7694605,-0.33,-25736,-14368,39.1,1.35,88,65.1,5006497,0.12,6171702993,92
Serbia,2005,7539133,-0.41,-31094,7945,40.2,1.34,86,65.9,4965292,0.11,6586970132,95
Serbia,2010,7395864,-0.38,-28654,3632,41.2,1.4,85,67.1,4965736,0.11,7021732148,99
Serbia,2015,7177253,-0.6,-43722,-18789,42.2,1.46,82,68.7,4929837,0.1,7470491872,104
Serbia,2020,6907812,-0.76,-53888,-10220,43.4,1.49,79,71.1,4913067,0.09,7887001292,108
Serbia,2022,6791213,-0.85,-58300,40118,43.7,1.52,78,72.4,4914832,0.08,8021407192,109
Serbia,2023,6773201,-0.27,-18012,4348,43.9,1.5,77,72.6,4916950,0.08,8091734930,111
Serbia,2024,6736216,-0.55,-36985,-8132,44.1,1.5,77,73,4919917,0.08,8161972572,111
Serbia,2025,6689039,-0.7,-47177,-13086,44.4,1.5,76,73.6,4923756,0.08,8231613070,111
Serbia,2026,6641964,-0.7,-47075,-5883,44.7,1.5,76,74.2,4928390,0.08,8300678395,111
Seychelles,1955,40102,0.93,364,-284,23.4,5.11,87,26.6,10683,0.0015,2740213792,197
Seychelles,1960,43230,1.51,626,-180,20.8,5.31,94,26.6,11496,0.0014,3015470894,197
Seychelles,1965,48270,2.23,1008,-20,19.2,5.72,105,32.1,15492,0.0014,3334533703,200
Seychelles,1970,54252,2.36,1196,69,17.4,5.31,118,37.7,20458,0.0015,3694683794,200
Seychelles,1975,61218,2.45,1393,259,17.7,4.75,133,45,27570,0.0015,4070735277,197
Seychelles,1980,66260,1.6,1008,-587,19.3,3.79,144,49.4,32727,0.0015,4447606236,197
Seychelles,1985,69823,1.05,713,-458,21,3.09,152,49.3,34423,0.0014,4868943465,197
Seychelles,1990,73983,1.16,832,-228,22.6,2.61,161,47,34796,0.0014,5327803110,198
Seychelles,1995,78126,1.1,829,-171,24.4,2.36,170,48.7,38070,0.0014,5758878982,198
Seychelles,2000,83318,1.3,1038,461,26.3,2.07,181,49.1,40927,0.0014,6171702993,199
Seychelles,2005,89266,1.39,1190,214,28.2,2.18,194,51.4,45854,0.0014,6586970132,199
Seychelles,2010,94971,1.25,1141,740,30.1,2.2,206,51.3,48752,0.0014,7021732148,199
Seychelles,2015,107230,2.46,2452,1719,31,2.22,233,48.4,51933,0.0014,7470491872,195
Seychelles,2020,120291,2.33,2612,1726,32.6,2.23,262,46,55308,0.0015,7887001292,193
Seychelles,2022,125522,2.15,2616,1788,33.4,2.17,273,45,56504,0.0016,8021407192,193
Seychelles,2023,127951,1.94,2429,1809,33.7,2.13,278,44.6,57062,0.0016,8091734930,193
Seychelles,2024,130418,1.93,2467,1747,34,2.11,284,44.2,57593,0.0016,8161972572,193
Seychelles,2025,132779,1.81,2361,1590,34.3,2.08,289,43.8,58120,0.0016,8231613070,193
Seychelles,2026,134959,1.64,2180,1367,34.6,2.06,293,43.4,58628,0.0016,8300678395,193
Sierra Leone,1955,2120889,1.18,24253,-5237,19.9,6.07,29,15.1,319261,0.08,2740213792,111
Sierra Leone,1960,2268356,1.35,29493,-3528,20.1,6.17,31,17.6,398599,0.08,3015470894,112
Sierra Leone,1965,2468666,1.71,40062,-1851,19.9,6.31,34,20.4,504032,0.07,3334533703,114
Sierra Leone,1970,2712286,1.9,48724,-4957,19.4,6.41,38,23.8,645306,0.07,3694683794,116
Sierra Leone,1975,2974657,1.86,52474,-13058,18.6,6.55,41,27.9,830173,0.07,4070735277,115
Sierra Leone,1980,3272089,1.92,59486,-11641,18.1,6.56,45,30.7,1003558,0.07,4447606236,115
Sierra Leone,1985,3638438,2.15,73270,-7873,17.7,6.59,50,33.4,1215725,0.07,4868943465,114
Sierra Leone,1990,4196828,2.9,111678,131587,17.4,6.57,58,34.2,1433891,0.08,5327803110,113
Sierra Leone,1995,4179179,-0.08,-3530,-112857,17.2,6.55,58,35.2,1471764,0.07,5758878982,118
Sierra Leone,2000,4423611,1.14,48886,83013,16.9,6.36,61,36.8,1626055,0.07,6171702993,115
Sierra Leone,2005,5501712,4.46,215620,-1805,16.9,5.81,76,38,2089028,0.08,6586970132,107
Sierra Leone,2010,6222714,2.49,144200,7983,17.1,5.33,86,40.3,2509605,0.09,7021732148,107
Sierra Leone,2015,7037655,2.49,162988,-356,17.7,4.55,98,42,2954791,0.09,7470491872,105
Sierra Leone,2020,7912558,2.37,174981,1292,18.6,4.08,110,43.7,3453971,0.1,7887001292,102
Sierra Leone,2022,8276807,2.28,182125,-4000,19,3.88,115,44.4,3671170,0.1,8021407192,102
Sierra Leone,2023,8460512,2.22,183705,-4000,19.3,3.79,117,44.7,3783663,0.1,8091734930,102
Sierra Leone,2024,8642022,2.15,181510,-11000,19.5,3.7,120,45.1,3898920,0.11,8161972572,102
Sierra Leone,2025,8819794,2.06,177772,-11309,19.7,3.61,122,45.5,4017056,0.11,8231613070,102
Sierra Leone,2026,8996745,2.01,176951,-12277,19.9,3.53,125,46,4138106,0.11,8300678395,101
Singapore,1955,1320230,5.43,61383,25051,17.9,6.38,1886,98.9,1305091,0.05,2740213792,131
Singapore,1960,1619322,4.17,59818,2008,17.2,5.76,2313,,,0.05,3015470894,129
Singapore,1965,1870822,2.93,50300,4199,17,4.67,2673,,,0.06,3334533703,127
Singapore,1970,2091558,2.26,44147,4024,18.7,3.07,2988,99.1,2072290,0.06,3694683794,128
Singapore,1975,2268523,1.64,35393,4104,20.9,2.08,3241,99.6,2259748,0.06,4070735277,129
Singapore,1980,2437493,1.45,33794,42433,23.7,1.74,3482,98.9,2411700,0.05,4447606236,129
Singapore,1985,2735030,2.33,59507,-31036,26.3,1.53,3907,98.9,2705535,0.06,4868943465,129
Singapore,1990,3039591,2.13,60912,66950,28.5,1.58,4342,99.1,3012953,0.06,5327803110,129
Singapore,1995,3533624,3.06,98807,91947,30,1.44,5048,98.4,3478779,0.06,5758878982,126
Singapore,2000,4035245,2.69,100324,55218,31.2,1.34,5765,97,3913960,0.07,6171702993,121
Singapore,2005,4268364,1.13,46624,92023,32.4,1.07,6098,,,0.06,6586970132,120
Singapore,2010,5077014,3.53,161730,72571,32.7,0.93,7253,99.9,5074252,0.07,7021732148,116
Singapore,2015,5525340,1.71,89665,41852,33.3,0.98,7893,,,0.07,7470491872,115
Singapore,2020,5620150,0.34,18962,-145556,34.5,0.94,8029,,,0.07,7887001292,116
Singapore,2022,5649885,0.26,14868,214842,34.9,0.94,8071,,,0.07,8021407192,116
Singapore,2023,5789090,2.46,139205,26996,35.1,0.94,8270,,,0.07,8091734930,115
Singapore,2024,5832387,0.75,43297,20011,35.6,0.95,8332,,,0.07,8161972572,115
Singapore,2025,5870750,0.66,38363,16892,36.2,0.96,8387,,,0.07,8231613070,115
Singapore,2026,5905748,0.6,34998,13379,36.8,0.97,8437,,,0.07,8300678395,115
Sint Maarten,1955,1948,6.08,100,86,20.5,5.04,57,,,7.1e-05,2740213792,232
Sint Maarten,1960,2715,6.87,153,180,18.6,4.77,80,,,9e-05,3015470894,230
Sint Maarten,1965,4282,9.54,313,291,18.2,4.23,126,,,0.00013,3334533703,230
Sint Maarten,1970,6414,8.42,426,321,19.6,3.48,189,,,0.00017,3694683794,223
Sint Maarten,1975,9094,7.23,536,405,21.1,2.92,267,,,0.00022,4070735277,222
Sint Maarten,1980,12410,6.42,663,409,23.4,2.59,365,,,0.00028,4447606236,217
Sint Maarten,1985,19291,9.22,1376,1222,23.9,2.18,567,98.6,19028,0.0004,4868943465,216
Sint Maarten,1990,28061,7.78,1754,1453,26.5,1.85,825,,,0.00053,5327803110,214
Sint Maarten,1995,31772,2.52,742,-729,29,2.14,934,96.4,30633,0.00055,5758878982,212
Sint Maarten,2000,30773,-0.64,-200,-618,30.5,1.98,905,,,0.0005,6171702993,214
Sint Maarten,2005,32057,0.82,257,69,32.4,1.71,943,,,0.00049,6586970132,215
Sint Maarten,2010,33794,1.06,347,-24,34.4,1.85,994,98,33124,0.00048,7021732148,214
Sint Maarten,2015,37471,2.09,735,536,37.1,1.73,1102,,,0.0005,7470491872,212
Sint Maarten,2020,41008,1.82,707,519,40.3,1.47,1206,,,0.00052,7887001292,213
Sint Maarten,2022,42139,1.37,566,564,41.5,1.45,1239,,,0.00053,8021407192,212
Sint Maarten,2023,42749,1.45,610,567,41.6,1.45,1257,,,0.00053,8091734930,212
Sint Maarten,2024,43350,1.41,601,558,41.7,1.44,1275,100,43347,0.00053,8161972572,212
Sint Maarten,2025,43923,1.32,573,530,41.8,1.43,1292,99.8,43829,0.00053,8231613070,211
Sint Maarten,2026,44447,1.19,524,485,42,1.42,1307,99.6,44288,0.00054,8300678395,211
Slovakia,1955,3797353,1.84,66321,4280,26.4,3.44,79,31.9,1209955,0.14,2740213792,81
Slovakia,1960,4124442,1.67,65418,4344,26.7,3.02,86,33.6,1385442,0.14,3015470894,81
Slovakia,1965,4365047,1.14,48121,-8707,26.9,2.78,91,37.2,1623750,0.13,3334533703,85
Slovakia,1970,4525871,0.73,32165,-4919,27.3,2.42,94,41.2,1863518,0.12,3694683794,89
Slovakia,1975,4739166,0.93,42659,-4652,27.2,2.54,99,46.4,2198370,0.12,4070735277,91
Slovakia,1980,4976655,0.98,47498,-5522,27.9,2.32,103,51.8,2580230,0.11,4447606236,95
Slovakia,1985,5151166,0.69,34902,-6068,29.1,2.25,107,54.3,2799149,0.11,4868943465,95
Slovakia,1990,5266078,0.44,22982,-9402,30.3,2.08,110,56.7,2987505,0.1,5327803110,100
Slovakia,1995,5354282,0.33,17641,-30,31.5,1.52,111,56.8,3039144,0.09,5758878982,101
Slovakia,2000,5379999,0.1,5143,-831,33,1.29,112,56.4,3036152,0.09,6171702993,105
Slovakia,2005,5376695,-0.01,-661,-561,34.5,1.26,112,55.8,2999801,0.08,6586970132,110
Slovakia,2010,5391851,0.06,3031,-1814,36.1,1.43,112,54.8,2955336,0.08,7021732148,114
Slovakia,2015,5420278,0.11,5685,2549,38.2,1.4,113,54.1,2931170,0.07,7470491872,117
Slovakia,2020,5455024,0.13,6949,4350,40.2,1.59,113,53.7,2930688,0.07,7887001292,118
Slovakia,2022,5473197,0.17,9087,92314,40.9,1.56,114,53.7,2937881,0.07,8021407192,118
Slovakia,2023,5518055,0.82,44858,4933,41.3,1.56,115,53.3,2942912,0.07,8091734930,119
Slovakia,2024,5506760,-0.2,-11295,-21027,41.8,1.56,115,53.5,2948749,0.07,8161972572,120
Slovakia,2025,5474881,-0.58,-31879,-31377,42.3,1.57,114,54,2955290,0.07,8231613070,123
Slovakia,2026,5451342,-0.43,-23539,134,42.8,1.57,113,54.3,2962503,0.07,8300678395,124
Slovenia,1955,1532630,1.17,17254,-642,26.7,2.59,76,23.7,363718,0.06,2740213792,126
Slovenia,1960,1605074,0.93,14489,-929,28,2.19,80,27.9,447501,0.05,3015470894,130
Slovenia,1965,1675318,0.86,14049,-1421,29.1,2.44,83,31.6,529512,0.05,3334533703,131
Slovenia,1970,1739861,0.76,12909,260,29.8,2.11,86,35.5,617804,0.05,3694683794,132
Slovenia,1975,1817598,0.88,15547,2421,30.3,2.17,90,40.6,738422,0.04,4070735277,133
Slovenia,1980,1903069,0.92,17094,3128,30.4,2.1,94,46.3,882036,0.04,4447606236,136
Slovenia,1985,1941472,0.4,7681,3404,31.6,1.72,96,49.7,964485,0.04,4868943465,137
Slovenia,1990,1998007,0.58,11307,618,33.2,1.46,99,50.6,1011056,0.04,5327803110,140
Slovenia,1995,1988095,-0.1,-1982,356,35,1.29,99,50.7,1008125,0.03,5758878982,143
Slovenia,2000,1986816,-0.01,-256,3124,37,1.25,99,50.8,1009242,0.03,6171702993,144
Slovenia,2005,1996914,0.1,2020,6317,39,1.26,99,51.5,1028742,0.03,6586970132,144
Slovenia,2010,2044612,0.47,9540,-410,40.5,1.58,102,52.7,1076953,0.03,7021732148,145
Slovenia,2015,2059947,0.15,3067,712,41.9,1.58,102,54.2,1115846,0.03,7470491872,147
Slovenia,2020,2102419,0.41,8494,28514,43,1.59,104,54.6,1147583,0.03,7887001292,148
Slovenia,2022,2115228,0.3,6405,9014,43.5,1.57,105,54.8,1160194,0.03,8021407192,148
Slovenia,2023,2118396,0.15,3168,5339,43.9,1.58,105,55.1,1166548,0.03,8091734930,149
Slovenia,2024,2118697,0.01,301,3319,44.3,1.58,105,55.4,1172906,0.03,8161972572,149
Slovenia,2025,2117072,-0.08,-1625,2711,44.6,1.58,105,55.7,1179249,0.03,8231613070,149
Slovenia,2026,2114573,-0.12,-2499,2609,45,1.58,105,56.1,1185585,0.03,8300678395,149
Solomon Islands,1955,122190,2.38,2711,0,16.1,7.12,4,3.9,4774,0.0045,2740213792,173
Solomon Islands,1960,139688,2.71,3500,-917,15.7,7.07,5,4.9,6798,0.0046,3015470894,173
Solomon Islands,1965,156686,2.32,3400,-1237,15.9,7.02,6,6.3,9914,0.0047,3334533703,174
Solomon Islands,1970,176579,2.42,3979,-1632,15.6,6.98,6,8.1,14293,0.0048,3694683794,175
Solomon Islands,1975,200744,2.6,4833,-760,15,6.99,7,8.8,17651,0.0049,4070735277,176
Solomon Islands,1980,238135,3.48,7478,151,14.8,6.77,9,10.2,24390,0.0054,4447606236,175
Solomon Islands,1985,282455,3.47,8864,-150,15.1,6.38,10,11.9,33669,0.0058,4868943465,174
Solomon Islands,1990,331435,3.25,9796,-335,15.7,5.74,12,12.9,42649,0.0062,5327803110,174
Solomon Islands,1995,384733,3.03,10660,-952,16.5,5.33,14,13.7,52678,0.0067,5758878982,173
Solomon Islands,2000,440469,2.74,11147,-4219,17.2,4.76,16,14.8,65246,0.0071,6171702993,169
Solomon Islands,2005,483080,1.86,8522,-5082,18.1,4.41,17,17.3,83789,0.0073,6586970132,170
Solomon Islands,2010,532968,1.99,9978,5040,18.5,4.34,19,19.9,105810,0.0076,7021732148,169
Solomon Islands,2015,639415,3.71,21289,5853,18.9,4.29,23,20.5,131361,0.0086,7470491872,166
Solomon Islands,2020,744498,3.09,21017,1556,19.6,3.75,27,21.4,159686,0.0094,7887001292,166
Solomon Islands,2022,781066,2.43,18284,1567,20,3.62,28,22,171817,0.0097,8021407192,165
Solomon Islands,2023,800005,2.42,18939,1636,20.3,3.56,29,22.3,178057,0.0099,8091734930,165
Solomon Islands,2024,819198,2.4,19193,1610,20.5,3.51,29,22.5,184413,0.01,8161972572,165
Solomon Islands,2025,838645,2.37,19447,1631,20.7,3.46,30,22.8,190885,0.01,8231613070,164
Solomon Islands,2026,858288,2.34,19643,1570,20.9,3.42,31,23,197475,0.01,8300678395,164
Somalia,1955,2532253,2.73,63824,-826,17.6,7.25,4,14.6,370572,0.09,2740213792,103
Somalia,1960,2876331,2.58,68816,750,17,7.25,5,16.6,477113,0.1,3015470894,102
Somalia,1965,3277874,2.65,80309,2142,16.4,7.26,5,18.7,612593,0.1,3334533703,101
Somalia,1970,3738448,2.66,92115,1104,16.4,7.18,6,20.9,781165,0.1,3694683794,99
Somalia,1975,4257535,2.63,103817,-1934,16.6,7.03,7,23.2,989409,0.1,4070735277,98
Somalia,1980,5936154,6.87,335724,65519,16.5,7.18,9,28.7,1701924,0.13,4447606236,84
Somalia,1985,6693289,2.43,151427,62183,16.1,7.33,11,28.5,1906249,0.14,4868943465,84
Somalia,1990,7082811,1.14,77904,-248155,15.4,7.44,11,31,2193935,0.13,5327803110,89
Somalia,1995,7285007,0.56,40439,65888,15.5,7.58,12,33.2,2421245,0.13,5758878982,90
Somalia,2000,8838713,3.94,310741,53580,15.2,7.64,14,33.9,2996056,0.14,6171702993,82
Somalia,2005,10644228,3.79,361103,-5955,14.9,7.53,17,35.5,3779950,0.16,6586970132,75
Somalia,2010,12261756,2.87,323506,-88448,14.6,7.32,20,38.6,4738106,0.17,7021732148,74
Somalia,2015,13806963,2.4,309041,-17178,15,6.97,22,43.6,6014594,0.18,7470491872,74
Somalia,2020,16651191,3.82,568846,77259,15.3,6.45,27,44.6,7431038,0.21,7887001292,73
Somalia,2022,17801897,3.4,575353,-92434,15.4,6.25,28,45.4,8086843,0.22,8021407192,71
Somalia,2023,18358615,3.13,556718,46217,15.4,6.13,29,45.9,8434610,0.23,8091734930,68
Somalia,2024,19009151,3.54,650536,26859,15.5,6.01,30,46.3,8795255,0.23,8161972572,68
Somalia,2025,19654739,3.4,645588,12077,15.6,5.91,31,46.6,9168559,0.24,8231613070,67
Somalia,2026,20305907,3.31,651168,15364,15.6,5.8,32,47.1,9554546,0.24,8300678395,66
South Africa,1955,14533365,2.19,298975,-2747,18.6,6.13,12,47,6829341,0.53,2740213792,31
South Africa,1960,16440172,2.5,381361,18891,17.9,6.11,14,49.5,8138204,0.55,3015470894,31
South Africa,1965,19089380,3.03,529842,82514,17.8,5.89,16,49.4,9422320,0.57,3334533703,30
South Africa,1970,22279984,3.14,638121,61514,17.7,5.63,18,49,10919359,0.6,3694683794,29
South Africa,1975,25690940,2.89,682191,38809,17.9,5.19,21,49.1,12610547,0.63,4070735277,29
South Africa,1980,29518857,2.82,765583,258127,18.4,4.78,24,48.8,14411610,0.66,4447606236,28
South Africa,1985,35042093,3.49,1104647,244940,19.4,4.5,29,47.5,16653360,0.72,4868943465,28
South Africa,1990,40746268,3.06,1140835,259718,20.3,3.72,34,48,19545369,0.76,5327803110,25
South Africa,1995,44541554,1.8,759057,-98403,20.5,3.17,37,51.5,22932019,0.77,5758878982,25
South Africa,2000,47159719,1.15,523633,-136794,20.8,2.41,39,55.2,26015136,0.76,6171702993,25
South Africa,2005,49490033,0.97,466063,31286,22.1,2.51,41,58.7,29065720,0.75,6586970132,24
South Africa,2010,52344051,1.13,570804,68563,23.6,2.44,43,61.3,32094811,0.75,7021732148,24
South Africa,2015,56723537,1.62,875897,641150,25.4,2.36,47,63.2,35844349,0.76,7470491872,24
South Africa,2020,60562381,1.32,767769,369901,27.3,2.26,50,65.3,39550889,0.77,7887001292,24
South Africa,2022,62378410,1.49,908015,233284,27.9,2.23,51,65.7,40998414,0.78,8021407192,24
South Africa,2023,63212384,1.34,833974,228222,28.2,2.22,52,66,41711727,0.78,8091734930,24
South Africa,2024,64007187,1.26,794803,166972,28.5,2.21,53,66.3,42416701,0.78,8161972572,24
South Africa,2025,64747319,1.16,740132,146370,28.7,2.19,53,66.6,43112579,0.79,8231613070,24
South Africa,2026,65453084,1.09,705765,131684,28.9,2.17,54,66.9,43798697,0.79,8300678395,24
South Korea,1955,22125103,2.29,473556,151123,17.9,6.17,228,23.7,5251885,0.81,2740213792,24
South Korea,1960,26115379,3.37,798055,47245,18.3,5.99,269,26.9,7022058,0.87,3015470894,24
South Korea,1965,29284338,2.32,633792,-146386,17.5,4.89,301,31.9,9351713,0.88,3334533703,24
South Korea,1970,32542197,2.13,651572,-27999,17.7,4.46,335,40.3,13110502,0.88,3694683794,24
South Korea,1975,35875743,1.97,666709,-52332,18.8,3.31,369,47.4,16997155,0.88,4070735277,22
South Korea,1980,38141107,1.23,453073,-148341,20.9,2.73,392,56.6,21582191,0.86,4447606236,23
South Korea,1985,41148963,1.53,601571,97949,23.3,1.71,423,64.3,26474831,0.85,4868943465,23
South Korea,1990,44081427,1.39,586493,79294,25.8,1.6,453,71.9,31696103,0.83,5327803110,24
South Korea,1995,45368425,0.58,257400,-208491,28.3,1.65,467,78.1,35441319,0.79,5758878982,24
South Korea,2000,46766661,0.61,279647,-84960,30.7,1.47,481,80.7,37729427,0.76,6171702993,26
South Korea,2005,47851644,0.46,216997,-47821,33.6,1.11,492,82.8,39622010,0.73,6586970132,25
South Korea,2010,48769332,0.38,183538,52042,36.6,1.23,502,83.3,40601614,0.69,7021732148,26
South Korea,2015,50983912,0.89,442916,276427,39.9,1.2,524,81,41301851,0.68,7470491872,27
South Korea,2020,51858482,0.34,174914,112631,42.8,0.81,533,80.9,41934110,0.66,7887001292,28
South Korea,2022,51782512,-0.07,-37985,87800,43.9,0.78,533,81.5,42193408,0.65,8021407192,28
South Korea,2023,51748739,-0.07,-33773,87800,44.5,0.72,532,81.8,42323569,0.64,8091734930,29
South Korea,2024,51717590,-0.06,-31149,75963,45,0.73,532,82.1,42454846,0.63,8161972572,29
South Korea,2025,51667029,-0.1,-50561,65731,45.6,0.75,531,82.4,42587468,0.63,8231613070,29
South Korea,2026,51600388,-0.13,-66641,62644,46.2,0.76,531,82.8,42721159,0.62,8300678395,31
South Sudan,1955,2705082,1.64,42360,0,17.6,7.13,4,8.9,239670,0.1,2740213792,99
South Sudan,1960,2931559,1.62,45295,995,17.5,7.16,5,8.8,258524,0.1,3015470894,101
South Sudan,1965,3189835,1.7,51655,1591,17.3,7.22,5,8.9,283626,0.1,3334533703,103
South Sudan,1970,3409614,1.34,43956,587,16.6,7.29,6,9.2,314909,0.09,3694683794,105
South Sudan,1975,3821494,2.31,82376,-395,16.3,7.33,6,9.2,353282,0.09,4070735277,104
South Sudan,1980,4339030,2.57,103507,-4997,16,7.33,7,9.2,400849,0.1,4447606236,102
South Sudan,1985,4834296,2.19,99053,-9986,15.6,7.36,8,11.1,536559,0.1,4868943465,101
South Sudan,1990,4737633,-0.4,-19333,12988,15.9,7.38,8,16.2,765828,0.09,5327803110,105
South Sudan,1995,5225836,1.98,97641,17077,15.8,7.34,9,16.6,866570,0.09,5758878982,103
South Sudan,2000,6032267,2.91,161286,74227,16.2,6.8,10,18.3,1105850,0.1,6171702993,100
South Sudan,2005,7590143,4.7,311575,132869,16.4,6.02,12,18.3,1391012,0.12,6586970132,93
South Sudan,2010,9745953,5.13,431162,299402,17.6,5.32,16,18.4,1797991,0.14,7021732148,88
South Sudan,2015,11107561,2.65,272322,-159822,17.5,4.7,18,20.2,2240020,0.15,7470491872,81
South Sudan,2020,10698467,-0.75,-81819,62935,17,4.16,18,25.7,2749061,0.14,7887001292,87
South Sudan,2022,11021177,1.5,161355,40259,17.6,3.96,18,27.1,2984030,0.14,8021407192,86
South Sudan,2023,11483374,4.19,462197,455000,18,3.86,19,27.1,3109689,0.14,8091734930,83
South Sudan,2024,11943408,4.01,460034,15374,18.3,3.79,20,27.1,3241033,0.15,8161972572,81
South Sudan,2025,12188788,2.05,245380,6145,18.7,3.71,20,27.7,3378254,0.15,8231613070,81
South Sudan,2026,12436037,2.03,247249,7974,19,3.63,20,28.3,3521678,0.15,8300678395,80
Spain,1955,29089776,0.71,202545,-86836,27.7,2.51,58,54.3,15792936,1.1,2740213792,17
Spain,1960,30404939,0.89,263033,-154869,28.4,2.81,61,56.7,17246904,1,3015470894,18
Spain,1965,32110668,1.1,341146,-42476,29.2,2.93,64,61.5,19756731,0.96,3334533703,20
Spain,1970,33812723,1.04,340411,-60580,29.1,2.88,68,66.4,22440001,0.92,3694683794,22
Spain,1975,35795769,1.15,396609,-218,29,2.77,72,69.9,25028014,0.88,4070735277,23
Spain,1980,37537565,0.95,348359,20166,29.8,2.21,75,73.3,27511836,0.84,4447606236,24
Spain,1985,38601321,0.56,212751,-589,30.9,1.64,77,74.7,28821455,0.79,4868943465,25
Spain,1990,39084979,0.25,96732,-30684,32.5,1.36,78,75.8,29617580,0.73,5327803110,27
Spain,1995,40052738,0.49,193552,162434,34.3,1.15,80,75.5,30259317,0.7,5758878982,28
Spain,2000,41019774,0.48,193407,176269,36.3,1.21,82,76,31194106,0.66,6171702993,28
Spain,2005,43958885,1.39,587822,629803,37.8,1.33,88,77.4,34028496,0.67,6586970132,28
Spain,2010,46840471,1.28,576317,69406,39.2,1.37,94,78.4,36702035,0.67,7021732148,27
Spain,2015,46683686,-0.07,-31357,-1979,41.6,1.33,94,79.1,36933458,0.62,7470491872,30
Spain,2020,47679489,0.42,199161,236854,43.5,1.19,96,78.7,37543537,0.6,7887001292,30
Spain,2022,47828382,0.16,74447,299779,44.4,1.21,96,78.9,37744345,0.6,8021407192,31
Spain,2023,47911579,0.17,83197,119099,44.9,1.21,96,79,37829585,0.59,8091734930,32
Spain,2024,47910526,0,-1053,111674,45.4,1.22,96,79.1,37911965,0.59,8161972572,32
Spain,2025,47889958,-0.04,-20568,96630,45.9,1.23,96,79.3,37995950,0.58,8231613070,32
Spain,2026,47850793,-0.08,-39165,85305,46.3,1.24,96,79.6,38082079,0.58,8300678395,34
Sri Lanka,1955,8623331,2,162457,-11698,19.1,5.31,138,15.9,1373606,0.31,2740213792,47
Sri Lanka,1960,9661389,2.3,207612,-12610,18.5,5.35,154,16.8,1622519,0.32,3015470894,44
Sri Lanka,1965,10916965,2.47,251115,-7249,18.5,4.93,174,17.4,1901067,0.33,3334533703,44
Sri Lanka,1970,12287110,2.39,274029,-16299,19,4.39,196,17.9,2197238,0.33,3694683794,44
Sri Lanka,1975,13548984,1.97,252375,-37475,19.7,3.82,216,18.4,2489237,0.33,4070735277,46
Sri Lanka,1980,14847974,1.85,259798,-63541,20.4,3.73,237,18.8,2797666,0.33,4447606236,46
Sri Lanka,1985,15544154,0.92,139236,-80950,21.1,2.9,248,19.4,3011554,0.32,4868943465,48
Sri Lanka,1990,16352458,1.02,161661,-195736,22.6,2.54,261,19.6,3212099,0.31,5327803110,50
Sri Lanka,1995,17564068,1.44,242322,117416,24.3,2.35,280,19.2,3367985,0.3,5758878982,49
Sri Lanka,2000,19293054,1.9,345797,123894,26.2,2.21,308,17.9,3452171,0.31,6171702993,51
Sri Lanka,2005,20216524,0.94,184694,-118594,27.7,2.26,322,17.7,3573620,0.31,6586970132,54
Sri Lanka,2010,20879089,0.65,132513,-98060,29.2,2.13,333,17.6,3681427,0.3,7021732148,57
Sri Lanka,2015,21729971,0.8,170176,-29797,30.7,2.09,347,17.4,3781471,0.29,7470491872,57
Sri Lanka,2020,22561807,0.75,166367,-29875,32.1,2.01,360,17.5,3945488,0.29,7887001292,58
Sri Lanka,2022,22834965,0.6,136579,-27435,32.6,1.98,364,17.7,4034302,0.28,8021407192,59
Sri Lanka,2023,22971617,0.6,136652,-28011,32.8,1.97,366,17.8,4083985,0.28,8091734930,61
Sri Lanka,2024,23103565,0.57,131948,-27245,33.1,1.95,368,17.9,4137016,0.28,8161972572,61
Sri Lanka,2025,23229470,0.54,125905,-30724,33.3,1.94,370,18.1,4193316,0.28,8231613070,60
Sri Lanka,2026,23348315,0.51,118845,-30760,33.6,1.93,372,18.2,4252913,0.28,8300678395,60
St. Vincent & Grenadines,1955,71612,3.04,1990,0,15.5,7.36,184,24.4,17468,0.0026,2740213792,184
St. Vincent & Grenadines,1960,84388,3.34,2555,-1476,14.5,7.25,216,24.9,21001,0.0028,3015470894,184
St. Vincent & Grenadines,1965,90927,1.5,1308,-2009,15.1,6.74,233,26.7,24288,0.0027,3334533703,186
St. Vincent & Grenadines,1970,95964,1.08,1007,-2260,15.7,6.12,246,28.9,27753,0.0026,3694683794,187
St. Vincent & Grenadines,1975,100387,0.91,885,-1958,15.9,5.17,257,31.6,31767,0.0025,4070735277,186
St. Vincent & Grenadines,1980,104213,0.75,765,-1545,16.4,3.92,267,34.6,36051,0.0023,4447606236,189
St. Vincent & Grenadines,1985,108506,0.81,859,-1324,18.3,3.08,278,37.2,40331,0.0022,4868943465,190
St. Vincent & Grenadines,1990,111812,0.6,661,-1350,19.5,2.73,287,39.8,44517,0.0021,5327803110,191
St. Vincent & Grenadines,1995,113047,0.22,247,-1608,21.6,2.61,290,41.5,46904,0.002,5758878982,192
St. Vincent & Grenadines,2000,113545,0.09,100,-1213,23.2,2.31,291,42.9,48754,0.0018,6171702993,192
St. Vincent & Grenadines,2005,112450,-0.19,-219,-1365,25.7,2.07,288,45.5,51145,0.0017,6586970132,192
St. Vincent & Grenadines,2010,109959,-0.45,-498,-1371,28.3,2.14,282,48.7,53522,0.0016,7021732148,193
St. Vincent & Grenadines,2015,106960,-0.55,-600,-1124,30.7,2.13,274,52.2,55783,0.0014,7470491872,196
St. Vincent & Grenadines,2020,103526,-0.65,-687,-493,33.1,1.83,265,56.7,58737,0.0013,7887001292,198
St. Vincent & Grenadines,2022,102046,-0.72,-740,-826,33.6,1.79,262,58.7,59900,0.0013,8021407192,198
St. Vincent & Grenadines,2023,101323,-0.71,-723,-784,33.9,1.77,260,59.7,60461,0.0013,8091734930,198
St. Vincent & Grenadines,2024,100616,-0.7,-707,-737,34.2,1.76,258,60.6,61021,0.0012,8161972572,198
St. Vincent & Grenadines,2025,99924,-0.69,-692,-714,34.4,1.75,256,61.6,61573,0.0012,8231613070,198
St. Vincent & Grenadines,2026,99245,-0.68,-679,-671,34.7,1.73,254,62.6,62124,0.0012,8300678395,198
State of Palestine,1955,996382,1.07,10352,-16930,15.6,7.82,166,40.3,401302,0.04,2740213792,136
State of Palestine,1960,1073081,1.49,15340,-17662,15.1,7.79,178,43.9,470972,0.04,3015470894,137
State of Palestine,1965,1147310,1.35,14846,-36419,14.7,7.78,191,50.8,582558,0.03,3334533703,138
State of Palestine,1970,1116280,-0.55,-6206,-31405,14.3,7.65,185,54.7,610666,0.03,3694683794,141
State of Palestine,1975,1279321,2.76,32608,-11596,14.1,7.48,213,61.6,787567,0.03,4070735277,141
State of Palestine,1980,1469059,2.8,37948,-15067,14.1,7.18,244,64.1,941551,0.03,4447606236,143
State of Palestine,1985,1745256,3.51,55239,-31640,14.3,6.94,290,65.6,1144681,0.04,4868943465,141
State of Palestine,1990,2139067,4.15,78762,-476,14.4,6.81,355,66.5,1422479,0.04,5327803110,137
State of Palestine,1995,2636551,4.27,99497,8763,14.5,6.16,438,69.7,1838048,0.05,5758878982,133
State of Palestine,2000,3151793,3.63,103048,-11496,15.1,5.46,524,73.6,2319571,0.05,6171702993,131
State of Palestine,2005,3557401,2.45,81122,-28161,16,4.87,591,73.4,2612793,0.05,6586970132,129
State of Palestine,2010,4016916,2.46,91903,-26351,17.3,4.43,667,75.1,3015515,0.06,7021732148,126
State of Palestine,2015,4521565,2.4,100930,-22903,18.6,3.98,751,77.7,3514324,0.06,7470491872,125
State of Palestine,2020,5069692,2.31,109625,-12369,19.3,3.51,842,80.5,4083476,0.06,7887001292,122
State of Palestine,2022,5305270,2.3,117789,-5006,19.6,3.38,881,81.6,4327618,0.07,8021407192,121
State of Palestine,2023,5409202,1.96,103932,-24996,19.8,3.31,899,82.3,4452704,0.07,8091734930,121
State of Palestine,2024,5495443,1.59,86241,-23145,19.9,3.25,913,83.3,4579543,0.07,8161972572,121
State of Palestine,2025,5589623,1.71,94180,-23156,20.1,3.19,929,84.2,4707958,0.07,8231613070,120
State of Palestine,2026,5692790,1.85,103167,-20055,20.3,3.13,946,85,4837835,0.07,8300678395,119
Sudan,1955,7181692,3.02,198356,-2338,16,6.68,4,7.8,562183,0.26,2740213792,55
Sudan,1960,8364489,3.1,236559,2194,15.6,6.66,5,9.7,810765,0.28,3015470894,51
Sudan,1965,9858030,3.34,298708,6367,15.4,6.84,6,11.9,1172787,0.3,3334533703,48
Sudan,1970,11695771,3.48,367548,4479,15.1,6.99,7,14.5,1698802,0.32,3694683794,46
Sudan,1975,14064798,3.76,473805,62843,14.9,6.87,8,16.4,2300428,0.35,4070735277,40
Sudan,1980,17058905,3.94,598821,208602,15.4,6.59,10,17,2895483,0.38,4447606236,40
Sudan,1985,19905872,3.13,569393,-222315,15.7,6.28,11,19.8,3947451,0.41,4868943465,37
Sudan,1990,22021481,2.04,423122,-254825,15.8,6.07,12,26.2,5764212,0.41,5327803110,38
Sudan,1995,24672143,2.3,530132,-144670,15.7,5.86,14,31.5,7768800,0.43,5758878982,37
Sudan,2000,27816745,2.43,628920,-165030,15.8,5.6,16,31.8,8855115,0.45,6171702993,37
Sudan,2005,31262444,2.36,689140,-199378,16,5.4,18,32.4,10126640,0.47,6586970132,36
Sudan,2010,35414399,2.53,830391,-339466,16.3,5.14,20,32.1,11378101,0.5,7021732148,35
Sudan,2015,40024431,2.48,922006,66476,16.8,4.9,23,32.7,13099314,0.54,7470491872,33
Sudan,2020,46789231,3.17,1352960,-65933,17.8,4.54,27,32.8,15349424,0.59,7887001292,31
Sudan,2022,49383346,2.73,1297058,-26668,18.1,4.38,28,33.2,16419594,0.62,8021407192,30
Sudan,2023,50042791,1.34,659445,-1349998,18.3,4.32,28,34,16993683,0.62,8091734930,30
Sudan,2024,50448963,0.81,406172,-544257,18.4,4.26,29,34.9,17593905,0.62,8161972572,30
Sudan,2025,51662147,2.4,1213184,291469,18.5,4.19,29,35.3,18220482,0.63,8231613070,30
Sudan,2026,53282719,3.14,1620572,252038,18.8,4.13,30,35.4,18873944,0.64,8300678395,29
Suriname,1955,225195,2.86,5926,222,17.5,6.37,1,52.3,117726,0.0082,2740213792,164
Suriname,1960,263918,3.22,7745,544,17,6.59,2,51.9,137039,0.0088,3015470894,165
Suriname,1965,320000,3.93,11216,1657,15.3,6.32,2,48.8,156305,0.0096,3334533703,162
Suriname,1970,379442,3.47,11888,3791,14.5,5.53,2,45,170592,0.01,3694683794,160
Suriname,1975,391170,0.61,2346,-11287,15.9,4.63,3,49.8,194923,0.0096,4070735277,161
Suriname,1980,375377,-0.82,-3159,-7390,17.3,3.79,2,62.8,235660,0.0084,4447606236,162
Suriname,1985,386972,0.61,2319,-3763,18.7,3.71,2,62.7,242695,0.0079,4868943465,165
Suriname,1990,412493,1.29,5104,-6471,19.8,3.23,3,64.9,267733,0.0077,5327803110,167
Suriname,1995,429606,0.82,3423,1275,21,2.9,3,68.2,293195,0.0075,5758878982,167
Suriname,2000,476643,2.1,9407,1516,23,3.05,3,65.9,313876,0.0077,6171702993,167
Suriname,2005,519313,1.73,8534,-1534,24.4,2.71,3,64.1,332708,0.0079,6586970132,167
Suriname,2010,549923,1.15,6122,-1138,25.4,2.69,4,63.5,349037,0.0078,7021732148,168
Suriname,2015,581627,1.13,6341,-967,26.5,2.57,4,62.8,365427,0.0078,7470491872,169
Suriname,2020,612317,1.03,6138,-296,27.5,2.31,4,62.4,382175,0.0078,7887001292,169
Suriname,2022,623164,0.88,5424,-988,27.9,2.27,4,62.4,389026,0.0078,8021407192,169
Suriname,2023,628886,0.92,5722,-988,28.1,2.25,4,62.4,392476,0.0078,8091734930,170
Suriname,2024,634431,0.88,5545,-1166,28.4,2.23,4,62.4,395944,0.0078,8161972572,170
Suriname,2025,639850,0.85,5419,-967,28.6,2.21,4,62.4,399428,0.0078,8231613070,169
Suriname,2026,645256,0.84,5406,-965,28.9,2.19,4,62.4,402920,0.0078,8300678395,169
Sweden,1955,7262329,0.69,49153,17304,34.1,2.25,18,69.3,5030711,0.27,2740213792,54
Sweden,1960,7484596,0.6,44453,1080,35.1,2.17,18,72.5,5424075,0.25,3015470894,60
Sweden,1965,7733007,0.66,49682,32444,35.2,2.4,19,77.2,5968494,0.23,3334533703,63
Sweden,1970,8042780,0.79,61955,47242,34.4,1.92,20,81.2,6527198,0.22,3694683794,64
Sweden,1975,8192641,0.37,29972,16564,34.3,1.77,20,82.8,6781627,0.2,4070735277,64
Sweden,1980,8310469,0.29,23566,10040,35.1,1.67,20,83.1,6909767,0.19,4447606236,68
Sweden,1985,8350244,0.1,7955,11464,36.7,1.73,20,83.2,6945209,0.17,4868943465,73
Sweden,1990,8558567,0.49,41665,35668,37.4,2.12,21,83.2,7119496,0.16,5327803110,77
Sweden,1995,8826302,0.62,53547,11621,37.5,1.73,22,83.9,7407014,0.15,5758878982,80
Sweden,2000,8872101,0.1,9160,24900,38.4,1.54,22,84.1,7462891,0.14,6171702993,81
Sweden,2005,9029771,0.35,31534,27030,39.2,1.77,22,84.4,7621289,0.14,6586970132,88
Sweden,2010,9378232,0.76,69692,51175,39.7,1.97,23,85.2,7986934,0.13,7021732148,90
Sweden,2015,9799481,0.88,84250,80534,39.9,1.85,24,86.2,8450611,0.13,7470491872,90
Sweden,2020,10353686,1.11,110841,37302,39.6,1.67,25,86,8904762,0.13,7887001292,90
Sweden,2022,10487338,0.64,66826,58955,39.7,1.54,26,86.5,9072528,0.13,8021407192,88
Sweden,2023,10551494,0.61,64156,55209,39.9,1.43,26,86.7,9153118,0.13,8091734930,90
Sweden,2024,10606999,0.53,55505,50115,40.1,1.43,26,87,9231909,0.13,8161972572,90
Sweden,2025,10656633,0.47,49634,47079,40.3,1.44,26,87.4,9309134,0.13,8231613070,91
Sweden,2026,10701047,0.42,44414,42755,40.4,1.45,26,87.7,9384900,0.13,8300678395,91
Switzerland,1955,5002112,1.29,61894,28411,31.9,2.31,127,68.7,3436960,0.18,2740213792,69
Switzerland,1960,5327780,1.27,65134,22313,31.6,2.44,135,70.5,3756214,0.18,3015470894,70
Switzerland,1965,5856419,1.91,105728,-1351,30.5,2.59,148,72.1,4221894,0.18,3334533703,69
Switzerland,1970,6180922,1.08,64901,-18326,30.9,2.1,156,73.7,4555620,0.17,3694683794,73
Switzerland,1975,6338600,0.51,31536,-58187,32,1.61,160,74.4,4716811,0.16,4070735277,76
Switzerland,1980,6319846,-0.06,-3751,17841,33.8,1.55,160,74.3,4694767,0.14,4447606236,79
Switzerland,1985,6470957,0.47,30222,14402,35.1,1.51,164,74.1,4792236,0.13,4868943465,86
Switzerland,1990,6713173,0.74,48443,58428,35.9,1.58,170,73.5,4934467,0.13,5327803110,91
Switzerland,1995,7040477,0.96,65461,25343,36.3,1.48,178,73.4,5169422,0.12,5758878982,92
Switzerland,2000,7184007,0.4,28706,24463,37.7,1.49,182,73.2,5259555,0.12,6171702993,94
Switzerland,2005,7431823,0.68,49563,33203,39.3,1.42,188,73.3,5444962,0.11,6586970132,97
Switzerland,2010,7825753,1.04,78786,76388,40.5,1.52,198,73.7,5764887,0.11,7021732148,95
Switzerland,2015,8283934,1.14,91636,71876,41.3,1.54,210,74,6133126,0.11,7470491872,99
Switzerland,2020,8640582,0.85,71330,55523,41.7,1.47,219,74.2,6408840,0.11,7887001292,101
Switzerland,2022,8792182,0.87,75800,96424,42,1.4,222,74.1,6512319,0.11,8021407192,101
Switzerland,2023,8870561,0.89,78379,45098,42.3,1.43,224,74,6563981,0.11,8091734930,101
Switzerland,2024,8921981,0.58,51420,40099,42.7,1.44,226,74.2,6615850,0.11,8161972572,101
Switzerland,2025,8967407,0.51,45426,37253,42.9,1.44,227,74.4,6668094,0.11,8231613070,101
Switzerland,2026,9007798,0.45,40391,34096,43.2,1.45,228,74.6,6720919,0.11,8300678395,100
Syria,1955,4050589,2.32,87702,0,18,7.63,22,33.5,1358205,0.15,2740213792,78
Syria,1960,4673500,2.9,124582,0,16.5,7.5,25,36,1683354,0.15,3015470894,75
Syria,1965,5435267,3.07,152353,-12704,15.5,7.53,30,39.5,2149575,0.16,3334533703,74
Syria,1970,6380609,3.26,189068,-19594,14.8,7.62,35,43.1,2752618,0.17,3694683794,71
Syria,1975,7554364,3.43,234751,-24389,14.6,7.49,41,44.9,3395649,0.19,4070735277,69
Syria,1980,8957663,3.47,280660,-33114,14.5,7.12,49,46.6,4171360,0.2,4447606236,65
Syria,1985,10625672,3.47,333602,-6221,14.8,6.48,58,48,5099767,0.22,4868943465,57
Syria,1990,12579208,3.43,390707,-6620,15.4,5.56,69,48.4,6090038,0.24,5327803110,56
Syria,1995,14616801,3.05,407519,-28122,16.4,4.7,80,49.2,7187664,0.25,5758878982,57
Syria,2000,16637888,2.62,404217,-34425,17.5,4.07,91,51.2,8524885,0.27,6171702993,55
Syria,2005,18814091,2.49,435241,13382,18.7,3.6,102,52.3,9839155,0.29,6586970132,58
Syria,2010,22482421,3.63,733666,-54359,20.7,3.35,122,52,11686472,0.32,7021732148,54
Syria,2015,19424618,-2.88,-611561,-827496,18.4,3.07,106,50.3,9773578,0.26,7470491872,60
Syria,2020,21049429,1.62,324962,269050,20.4,2.84,115,49.9,10498283,0.27,7887001292,61
Syria,2022,22462173,3.3,706372,735142,21.6,2.75,122,51.7,11618692,0.28,8021407192,61
Syria,2023,23594623,5.04,1132450,757309,22.2,2.71,128,52.3,12328787,0.29,8091734930,58
Syria,2024,24672760,4.57,1078137,546494,22.8,2.7,134,52.9,13052654,0.3,8161972572,57
Syria,2025,25620427,3.84,947667,421693,23.3,2.66,140,53.6,13735765,0.31,8231613070,57
Syria,2026,26472497,3.33,852070,305822,23.8,2.62,144,54.2,14356555,0.32,8300678395,57
Taiwan,1955,9104134,3.69,301521,22736,16.9,6.59,257,28.8,2623092,0.33,2740213792,42
Taiwan,1960,11046258,3.94,388425,60801,16.9,5.79,312,30.4,3361618,0.37,3015470894,38
Taiwan,1965,13124802,3.51,415709,70592,16.7,4.99,371,32.6,4282804,0.39,3334533703,36
Taiwan,1970,14815745,2.45,338189,-39483,17.7,3.98,418,36.2,5360607,0.4,3694683794,36
Taiwan,1975,16365267,2.01,309904,-54146,19.3,2.97,462,39.5,6458027,0.4,4070735277,36
Taiwan,1980,18086520,2.02,344251,-9653,21.6,2.53,511,47.7,8631549,0.41,4447606236,38
Taiwan,1985,19571687,1.59,297033,-8777,23.7,1.88,553,56.4,11043738,0.4,4868943465,40
Taiwan,1990,20594906,1.02,204644,-62876,26.1,1.79,582,65.3,13457894,0.39,5327803110,41
Taiwan,1995,21534495,0.9,187918,-38021,28.5,1.78,608,67.4,14516273,0.37,5758878982,44
Taiwan,2000,22332870,0.73,159675,-45743,31.1,1.47,631,68.3,15258841,0.36,6171702993,46
Taiwan,2005,22824931,0.44,98412,13157,33.8,1.13,645,71.6,16339969,0.35,6586970132,47
Taiwan,2010,23224049,0.35,79824,17969,36.5,0.92,656,74.3,17254388,0.33,7021732148,51
Taiwan,2015,23529254,0.26,61041,10681,39,1.19,664,76.8,18064348,0.31,7470491872,55
Taiwan,2020,23663459,0.11,26841,-21224,41.7,0.99,668,79.5,18802314,0.3,7887001292,57
Taiwan,2022,23420111,-0.52,-121674,-24930,42.9,0.87,661,81.4,19065559,0.29,8021407192,57
Taiwan,2023,23317145,-0.44,-102966,-32777,43.5,0.87,658,82.3,19189289,0.29,8091734930,59
Taiwan,2024,23213962,-0.44,-103183,-25832,44.2,0.86,656,83.2,19307854,0.28,8161972572,60
Taiwan,2025,23112793,-0.44,-101169,-20947,44.8,0.86,653,84,19421267,0.28,8231613070,61
Taiwan,2026,23011292,-0.44,-101501,-15041,45.4,0.86,650,84.9,19529266,0.28,8300678395,61
Tajikistan,1955,1810238,3.44,56386,4252,21.1,5.79,13,31,560602,0.07,2740213792,116
Tajikistan,1960,2112131,3.13,60379,2457,20.7,6.24,15,32.8,692233,0.07,3015470894,116
Tajikistan,1965,2492998,3.37,76173,7744,17.6,6.74,18,35.1,874558,0.07,3334533703,113
Tajikistan,1970,2936779,3.33,88756,5559,16.6,6.91,21,36.8,1080505,0.08,3694683794,110
Tajikistan,1975,3430425,3.16,98729,7237,16.7,6.69,25,35.1,1205007,0.08,4070735277,107
Tajikistan,1980,3995256,3.1,112966,-5557,17,6.21,29,33.5,1339141,0.09,4447606236,106
Tajikistan,1985,4619003,2.94,124749,247,17.1,5.94,33,32.7,1508149,0.09,4868943465,103
Tajikistan,1990,5398768,3.17,155953,-41596,17.1,5.46,39,31,1672719,0.1,5327803110,98
Tajikistan,1995,5948584,1.96,109963,-40418,16.6,4.66,43,28,1664663,0.1,5758878982,96
Tajikistan,2000,6284735,1.11,67230,-13871,17.4,3.49,45,26.2,1647352,0.1,6171702993,98
Tajikistan,2005,6924720,1.96,127997,-27954,18.6,3.4,49,26.2,1817059,0.11,6586970132,98
Tajikistan,2010,7652141,2.02,145484,-33733,19.8,3.46,55,26.5,2026528,0.11,7021732148,96
Tajikistan,2015,8643840,2.47,198340,-7660,20.7,3.46,62,26.4,2286101,0.12,7470491872,98
Tajikistan,2020,9749310,2.44,221094,-3564,21.4,3.21,70,26.7,2606273,0.12,7887001292,95
Tajikistan,2022,10182222,2.2,216456,-17001,21.7,3.13,73,27,2750956,0.13,8021407192,95
Tajikistan,2023,10389799,2.04,207577,-19999,21.9,3.07,74,27.2,2827094,0.13,8091734930,92
Tajikistan,2024,10590927,1.94,201128,-21236,22.1,3.04,76,27.4,2905902,0.13,8161972572,91
Tajikistan,2025,10786734,1.85,195807,-21606,22.2,2.99,77,27.7,2987515,0.13,8231613070,89
Tajikistan,2026,10978599,1.78,191865,-20198,22.4,2.96,78,28,3072041,0.13,8300678395,88
Tanzania,1955,8644862,2.54,203941,1227,16.3,6.3,10,4.5,385389,0.32,2740213792,46
Tanzania,1960,9901419,2.75,251311,1946,16.3,6.54,11,5.3,528498,0.33,3015470894,43
Tanzania,1965,11470728,2.99,313862,4742,16.3,6.73,13,6.1,704473,0.34,3334533703,40
Tanzania,1970,13492677,3.3,404390,38635,16,7,15,7.9,1068352,0.37,3694683794,39
Tanzania,1975,16138361,3.65,529137,53290,15.8,7.1,18,11,1781210,0.4,4070735277,37
Tanzania,1980,19189769,3.52,610282,-42588,15.4,6.99,22,14.2,2719241,0.43,4447606236,35
Tanzania,1985,22501693,3.24,662385,86864,15.2,6.6,25,16.3,3661481,0.46,4868943465,34
Tanzania,1990,26110207,3.02,721703,-80529,15.5,6.2,29,18.4,4807840,0.49,5327803110,33
Tanzania,1995,30383497,3.08,854658,-109971,16.3,5.82,34,20.3,6154968,0.53,5758878982,32
Tanzania,2000,34260139,2.43,775328,-9701,16.4,5.67,39,22.3,7624725,0.56,6171702993,32
Tanzania,2005,39182076,2.72,984387,-128251,16.3,5.58,44,25,9791527,0.59,6586970132,31
Tanzania,2010,44758488,2.7,1115282,-122020,16.1,5.22,51,29,12959969,0.64,7021732148,30
Tanzania,2015,52020962,3.05,1452495,201495,16.4,5.03,59,32.7,17035213,0.7,7470491872,25
Tanzania,2020,60972798,3.23,1790367,-18587,16.9,4.8,69,36.3,22113353,0.77,7887001292,23
Tanzania,2022,64711821,3.02,1869512,-37557,17.1,4.67,73,37.8,24434383,0.81,8021407192,23
Tanzania,2023,66617606,2.95,1905785,-39388,17.2,4.61,75,38.5,25659393,0.82,8091734930,22
Tanzania,2024,68560157,2.92,1942551,-29865,17.4,4.54,77,39.3,26929194,0.84,8161972572,22
Tanzania,2025,70545865,2.9,1985708,-12730,17.5,4.47,80,40,28244987,0.86,8231613070,21
Tanzania,2026,72563780,2.86,2017915,-25275,17.6,4.41,82,40.8,29607318,0.87,8300678395,20
Thailand,1955,23343181,2.7,582956,-7471,17.4,6.39,46,18.3,4277639,0.85,2740213792,22
Thailand,1960,26851747,2.84,701713,6886,16.9,6.33,53,20.1,5389651,0.89,3015470894,23
Thailand,1965,31149337,3.01,859518,22995,16.2,6.26,61,20.7,6434876,0.93,3334533703,22
Thailand,1970,35954408,2.91,961014,49221,16.3,5.45,70,21.4,7704931,0.97,3694683794,20
Thailand,1975,40940005,2.63,997119,66306,17.3,4.36,80,24.6,10058137,1,4070735277,20
Thailand,1980,45650022,2.2,942003,88478,18.9,3.29,89,27.8,12695065,1,4447606236,19
Thailand,1985,50270753,1.95,924146,141963,20.9,2.45,98,29.1,14621264,1,4868943465,21
Thailand,1990,54738329,1.72,893515,152916,23.2,2.06,107,30.4,16648721,1,5327803110,21
Thailand,1995,59098232,1.54,871981,147226,26.2,1.89,116,30.5,18012031,1,5758878982,18
Thailand,2000,63007815,1.29,781917,121640,29,1.73,123,31.4,19759915,1,6171702993,19
Thailand,2005,66017420,0.94,601921,100542,31.2,1.64,129,37.1,24476532,1,6586970132,19
Thailand,2010,68579447,0.76,512405,52791,33.5,1.56,134,43,29475114,0.98,7021732148,19
Thailand,2015,70540795,0.57,392270,32500,35.8,1.45,138,46.4,32745680,0.94,7470491872,20
Thailand,2020,71641484,0.31,220138,32277,38.2,1.26,140,49.8,35698325,0.91,7887001292,20
Thailand,2022,71735329,0.07,46923,21683,39.2,1.22,140,51.3,36793252,0.89,8021407192,20
Thailand,2023,71702435,-0.05,-32894,19648,39.7,1.21,140,52.1,37322064,0.89,8091734930,20
Thailand,2024,71668011,-0.05,-34424,23321,40.1,1.2,140,52.8,37838857,0.88,8161972572,20
Thailand,2025,71619863,-0.07,-48148,27509,40.6,1.2,140,53.5,38343775,0.87,8231613070,20
Thailand,2026,71559614,-0.08,-60249,29200,41,1.19,140,54.3,38836778,0.86,8300678395,21
Timor-Leste,1955,437150,1.06,4478,0,17.6,6.48,29,10.5,46096,0.02,2740213792,154
Timor-Leste,1960,468118,1.38,6194,0,18.2,6.32,31,10.8,50449,0.02,3015470894,154
Timor-Leste,1965,507034,1.61,7783,0,18.9,6.01,34,12.3,62237,0.02,3334533703,154
Timor-Leste,1970,553069,1.75,9207,0,19.5,5.66,37,14.1,77977,0.01,3694683794,154
Timor-Leste,1975,598158,1.58,9018,9542,19.4,5.19,40,16.2,97038,0.01,4070735277,155
Timor-Leste,1980,649871,1.67,10343,5457,20,5.22,44,14.9,96847,0.01,4447606236,156
Timor-Leste,1985,696665,1.4,9359,-495,18.8,5.65,47,17.8,123808,0.01,4868943465,158
Timor-Leste,1990,760345,1.76,12736,-2881,18,5.81,51,20.6,156717,0.01,5327803110,157
Timor-Leste,1995,868146,2.69,21560,1806,17.8,5.94,58,22.6,196370,0.02,5758878982,155
Timor-Leste,2000,745088,-3.01,-24612,40272,17.5,5.93,50,28.4,211480,0.01,6171702993,160
Timor-Leste,2005,948311,4.94,40645,1759,17.6,5.61,64,28.2,267304,0.01,6586970132,156
Timor-Leste,2010,1084679,2.72,27274,470,17.8,4.82,73,28.4,307717,0.02,7021732148,159
Timor-Leste,2015,1205131,2.13,24090,-20,18.7,3.78,81,30.4,365966,0.02,7470491872,158
Timor-Leste,2020,1326053,1.93,24184,3793,20.1,3.01,89,32.6,432649,0.02,7887001292,156
Timor-Leste,2022,1369295,1.62,21621,-5519,20.6,2.8,92,33.8,462385,0.02,8021407192,155
Timor-Leste,2023,1384286,1.09,14991,-5620,21,2.71,93,34.5,477963,0.02,8091734930,155
Timor-Leste,2024,1400638,1.18,16352,-2552,21.3,2.63,94,35.3,494012,0.02,8161972572,155
Timor-Leste,2025,1418517,1.28,17879,-2550,21.7,2.56,95,36,510529,0.02,8231613070,155
Timor-Leste,2026,1436923,1.3,18406,-1695,22.1,2.5,97,36.7,527521,0.02,8300678395,155
Togo,1955,1529946,1.8,26069,-10221,17.5,6.67,28,6.4,98676,0.06,2740213792,127
Togo,1960,1673110,1.81,28633,-13868,17,6.8,31,9.5,159599,0.06,3015470894,125
Togo,1965,1853771,2.07,36132,6104,16.6,6.94,34,13.8,255436,0.06,3334533703,128
Togo,1970,2244773,3.9,78200,10865,16.3,7.04,41,20.1,450180,0.06,3694683794,124
Togo,1975,2574622,2.78,65970,-16973,16,7.09,47,21.5,552648,0.06,4070735277,123
Togo,1980,2920894,2.56,69254,-4993,15.8,6.88,54,23,671030,0.07,4447606236,124
Togo,1985,3441091,3.33,104039,1242,15.8,6.46,63,25.1,864068,0.07,4868943465,119
Togo,1990,3998761,3.05,111534,44,16.1,6.07,74,27.1,1082639,0.08,5327803110,116
Togo,1995,4410832,1.98,82414,57406,16.6,5.57,81,29.8,1312348,0.08,5758878982,115
Togo,2000,5140037,3.11,145841,4715,17.3,5.17,95,31.8,1635589,0.08,6171702993,109
Togo,2005,5844631,2.6,140919,-4437,17.7,5.04,107,34.2,1999646,0.09,6586970132,106
Togo,2010,6732590,2.87,177592,-1964,18,5.09,124,36.3,2440749,0.1,7021732148,104
Togo,2015,7663195,2.62,186121,-1976,18.2,4.66,141,38.8,2974138,0.1,7470491872,101
Togo,2020,8669720,2.5,201305,-986,18.5,4.39,159,41.4,3588464,0.11,7887001292,100
Togo,2022,9089738,2.39,210009,-1997,18.7,4.25,167,42.5,3859495,0.11,8021407192,99
Togo,2023,9304337,2.36,214599,-1997,18.8,4.19,171,43,4000785,0.11,8091734930,97
Togo,2024,9515236,2.27,210899,-14014,18.9,4.12,175,43.6,4146103,0.12,8161972572,97
Togo,2025,9721608,2.17,206372,-15010,19.1,4.07,179,44.2,4295574,0.12,8231613070,96
Togo,2026,9930918,2.15,209310,-12642,19.2,4.01,183,44.8,4449262,0.12,8300678395,95
Tokelau,1955,1593,0.01,0,-28,17.8,5.5,159,,,5.8e-05,2740213792,233
Tokelau,1960,1784,2.29,38,3,16.4,5.73,178,,,5.9e-05,3015470894,233
Tokelau,1965,1899,1.26,23,-49,14.9,5.55,190,,,5.7e-05,3334533703,233
Tokelau,1970,1720,-1.96,-36,-94,14.5,5.04,172,,,4.7e-05,3694683794,233
Tokelau,1975,1639,-0.96,-16,-30,15.1,4.41,164,,,4e-05,4070735277,233
Tokelau,1980,1664,0.3,5,-30,17.1,4.08,166,,,3.7e-05,4447606236,233
Tokelau,1985,1761,1.14,19,0,18.1,4.19,176,,,3.6e-05,4868943465,233
Tokelau,1990,1767,0.07,1,-41,19.6,4.56,177,,,3.3e-05,5327803110,233
Tokelau,1995,1771,0.05,1,-43,20.5,4.47,177,,,3.1e-05,5758878982,233
Tokelau,2000,1845,0.82,15,-11,20.9,3.82,185,,,3e-05,6171702993,233
Tokelau,2005,1631,-2.44,-43,-96,23.8,3.44,163,,,2.5e-05,6586970132,233
Tokelau,2010,1585,-0.57,-9,-5,25.1,3.25,159,,,2.3e-05,7021732148,233
Tokelau,2015,1698,1.39,23,-52,25.3,2.92,170,,,2.3e-05,7470491872,233
Tokelau,2020,2128,4.62,86,53,26.1,2.71,213,,,2.7e-05,7887001292,232
Tokelau,2022,2290,3.74,81,80,26.6,2.65,229,,,2.9e-05,8021407192,232
Tokelau,2023,2397,4.67,107,73,26.6,2.61,240,,,3e-05,8091734930,232
Tokelau,2024,2506,4.55,109,72,26.9,2.6,251,,,3.1e-05,8161972572,232
Tokelau,2025,2608,4.07,102,53,27.3,2.57,261,,,3.2e-05,8231613070,232
Tokelau,2026,2691,3.18,83,43,27.6,2.54,269,,,3.2e-05,8300678395,232
Tonga,1955,57257,2.89,1519,0,16.2,6.68,80,15,8566,0.0021,2740213792,189
Tonga,1960,66170,2.94,1783,-384,16,6.65,92,16.3,10812,0.0022,3015470894,189
Tonga,1965,75924,2.79,1951,-426,15.9,6.41,105,19.1,14500,0.0023,3334533703,188
Tonga,1970,84401,2.14,1695,-1122,15.6,6.07,117,20.2,17032,0.0023,3694683794,190
Tonga,1975,93017,1.96,1723,-346,15.6,5.75,129,19.3,17968,0.0023,4070735277,190
Tonga,1980,97769,1,950,-2708,16.3,5.6,136,20.1,19674,0.0022,4447606236,191
Tonga,1985,97984,0.04,43,-2775,17,5.34,136,21.4,20921,0.002,4868943465,192
Tonga,1990,99700,0.35,343,-2409,18.1,4.93,138,21.7,21604,0.0019,5327803110,195
Tonga,1995,100225,0.11,105,-2422,18.6,4.56,139,21.9,21967,0.0017,5758878982,196
Tonga,2000,102677,0.48,490,-1721,19.3,4.16,143,22,22571,0.0017,6171702993,196
Tonga,2005,105671,0.58,599,-1906,19.8,4.2,147,22.1,23396,0.0016,6586970132,196
Tonga,2010,107400,0.33,346,-2097,20.1,3.88,149,22.7,24357,0.0015,7021732148,196
Tonga,2015,106095,-0.24,-261,-2610,20.7,3.54,147,23.3,24756,0.0014,7470491872,197
Tonga,2020,105704,-0.07,-78,-1807,20.9,3.23,147,24.3,25648,0.0013,7887001292,197
Tonga,2022,105042,-0.31,-331,-2218,20.7,3.17,146,24.9,26116,0.0013,8021407192,197
Tonga,2023,104597,-0.42,-445,-2173,20.7,3.13,145,25.2,26372,0.0013,8091734930,197
Tonga,2024,104175,-0.4,-422,-2149,20.7,3.1,145,25.6,26647,0.0013,8161972572,197
Tonga,2025,103742,-0.42,-433,-2150,20.8,3.07,144,26,26950,0.0013,8231613070,197
Tonga,2026,103291,-0.43,-451,-2117,21,3.04,143,26.4,27279,0.0012,8300678395,197
Trinidad and Tobago,1955,741234,2.7,18492,-594,18.2,5.35,144,30,222449,0.03,2740213792,141
Trinidad and Tobago,1960,844943,2.65,20742,-5671,17.4,5.41,165,34.3,289795,0.03,3015470894,142
Trinidad and Tobago,1965,928425,1.9,16696,-9301,17.2,4.88,181,37.8,351265,0.03,3334533703,143
Trinidad and Tobago,1970,991471,1.32,12609,-8751,17.7,3.71,193,41.1,407105,0.03,3694683794,144
Trinidad and Tobago,1975,1053469,1.22,12400,-7768,19.2,3.21,205,45.8,482390,0.03,4070735277,145
Trinidad and Tobago,1980,1121744,1.26,13655,-10709,20.6,3.15,219,50.6,567444,0.03,4447606236,145
Trinidad and Tobago,1985,1187366,1.14,13124,-8051,21.9,2.99,231,52.5,622994,0.02,4868943465,147
Trinidad and Tobago,1990,1252208,1.07,12968,-7878,23.2,2.39,244,52.8,661343,0.02,5327803110,149
Trinidad and Tobago,1995,1295169,0.68,8592,-6723,24.7,1.97,252,53.3,690758,0.02,5758878982,149
Trinidad and Tobago,2000,1319774,0.38,4921,-5185,26.4,1.73,257,53.7,708868,0.02,6171702993,150
Trinidad and Tobago,2005,1352034,0.48,6452,-3595,28.4,1.63,264,52.7,712883,0.02,6586970132,152
Trinidad and Tobago,2010,1386654,0.51,6924,-2230,30.5,1.61,270,51.7,717501,0.02,7021732148,152
Trinidad and Tobago,2015,1429188,0.61,8507,-575,32.9,1.6,279,50.7,725194,0.02,7470491872,153
Trinidad and Tobago,2020,1481024,0.72,10367,427,35.3,1.57,289,49.5,733146,0.02,7887001292,154
Trinidad and Tobago,2022,1495921,0.5,7449,4247,36.2,1.54,292,49.2,736374,0.02,8021407192,154
Trinidad and Tobago,2023,1502932,0.47,7011,2126,36.7,1.53,293,49.1,738037,0.02,8091734930,154
Trinidad and Tobago,2024,1507782,0.32,4850,1334,37.2,1.54,294,49.1,739778,0.02,8161972572,154
Trinidad and Tobago,2025,1511155,0.22,3373,691,37.7,1.52,295,49.1,741616,0.02,8231613070,154
Trinidad and Tobago,2026,1513268,0.14,2113,160,38.2,1.52,295,49.1,743568,0.02,8300678395,154
Tunisia,1955,4005129,2.1,79229,-2084,18.1,6.97,26,34.7,1389870,0.15,2740213792,80
Tunisia,1960,4267288,1.28,52432,-61334,17.3,7.16,27,36.7,1566577,0.14,3015470894,79
Tunisia,1965,4561385,1.34,58819,-49751,16.9,7.11,29,39.6,1805609,0.14,3334533703,81
Tunisia,1970,5131396,2.38,114002,-10054,16.4,6.43,33,42.9,2200342,0.14,3694683794,81
Tunisia,1975,5839262,2.62,141573,-8765,16.7,5.97,38,46.1,2689901,0.14,4070735277,80
Tunisia,1980,6606195,2.5,153387,-19321,17.4,5.03,43,48.7,3220311,0.15,4447606236,78
Tunisia,1985,7409903,2.32,160742,2887,18.7,4.52,48,53.2,3942049,0.15,4868943465,80
Tunisia,1990,8324509,2.36,182921,4183,20,3.44,54,57.3,4770561,0.16,5327803110,78
Tunisia,1995,9161258,1.93,167350,-8095,21.4,2.67,59,61.2,5602764,0.16,5758878982,78
Tunisia,2000,9764935,1.28,120735,-5937,23.4,2.02,63,63,6152385,0.16,6171702993,80
Tunisia,2005,10255472,0.99,98107,-26361,25.6,1.95,66,64.3,6590593,0.16,6586970132,80
Tunisia,2010,10765980,0.98,102102,-14168,27.8,2.08,69,65.9,7092304,0.15,7021732148,78
Tunisia,2015,11402264,1.16,127257,-25229,29.4,2.31,73,67.3,7672383,0.15,7470491872,77
Tunisia,2020,11974057,0.98,114359,-19188,31.1,2,77,69.2,8280799,0.15,7887001292,79
Tunisia,2022,12119334,0.6,72639,-14001,31.7,1.85,78,70.3,8516287,0.15,8021407192,79
Tunisia,2023,12200431,0.67,81097,-14001,32.1,1.83,79,70.7,8630933,0.15,8091734930,80
Tunisia,2024,12277109,0.63,76678,-15221,32.5,1.82,79,71.2,8743444,0.15,8161972572,80
Tunisia,2025,12348573,0.58,71464,-14523,32.9,1.8,79,71.7,8853818,0.15,8231613070,80
Tunisia,2026,12415138,0.54,66565,-14794,33.4,1.79,80,72.2,8961933,0.15,8300678395,81
Turkey,1955,24310511,2.95,657874,6845,18.8,6.46,32,28.5,6929929,0.89,2740213792,20
Turkey,1960,28329898,3.11,803877,14948,18.4,6.38,37,30.6,8657857,0.94,3015470894,20
Turkey,1965,32345220,2.69,803064,-113911,17.8,6.22,42,32.8,10601023,0.97,3334533703,19
Turkey,1970,36638465,2.52,858649,-150924,17.5,5.78,48,36.4,13334557,0.99,3694683794,19
Turkey,1975,41053126,2.3,882932,-193829,18.1,5.09,53,39.8,16333819,1,4070735277,19
Turkey,1980,45408815,2.04,871138,-151969,18.8,4.45,59,42.4,19252765,1,4447606236,20
Turkey,1985,50687115,2.22,1055660,8960,19.6,3.78,66,50.8,25769960,1,4868943465,20
Turkey,1990,56015628,2.02,1065703,-27193,20.8,3.11,73,57,31923032,1.1,5327803110,20
Turkey,1995,61024503,1.73,1001775,-149737,22.2,2.83,79,59.5,36333494,1.1,5758878982,17
Turkey,2000,65425961,1.4,880292,-195996,24,2.49,85,62.6,40942328,1.1,6171702993,18
Turkey,2005,69329557,1.17,780719,-174177,26,2.2,90,66.4,46065593,1.1,6586970132,18
Turkey,2010,73346769,1.13,803442,55532,28.1,2.08,95,69.8,51225748,1,7021732148,18
Turkey,2015,80014226,1.76,1333491,1063140,29.6,2.16,104,72,57616730,1.1,7470491872,19
Turkey,2020,86091692,1.47,1215493,37934,31.2,1.77,112,74.1,63803445,1.1,7887001292,18
Turkey,2022,87058473,0.56,483391,-301544,32.1,1.63,113,75.2,65482895,1.1,8021407192,18
Turkey,2023,87270501,0.24,212028,-318070,32.5,1.63,113,75.8,66156581,1.1,8091734930,18
Turkey,2024,87473805,0.23,203304,-275952,33,1.62,114,76.4,66795292,1.1,8161972572,18
Turkey,2025,87685426,0.24,211621,-258205,33.5,1.62,114,76.9,67446349,1.1,8231613070,18
Turkey,2026,87926082,0.27,240656,-217896,33.9,1.62,114,77.5,68123315,1.1,8300678395,18
Turkmenistan,1955,1418164,2.24,29797,1160,21.1,5.97,3,44,623450,0.05,2740213792,129
Turkmenistan,1960,1643457,2.99,45059,1421,20.3,6.59,3,45.3,744101,0.05,3015470894,128
Turkmenistan,1965,1915916,3.12,54492,1366,17.1,6.76,4,46.6,892144,0.06,3334533703,124
Turkmenistan,1970,2195616,2.76,55940,1376,16.2,6.4,5,47.8,1048846,0.06,3694683794,125
Turkmenistan,1975,2494570,2.59,59791,550,16.7,6,5,48.1,1200996,0.06,4070735277,125
Turkmenistan,1980,2832203,2.57,67527,-1152,17.6,5.3,6,47.8,1354342,0.06,4447606236,125
Turkmenistan,1985,3247534,2.77,83066,1861,18.3,4.97,7,45.9,1491485,0.07,4868943465,123
Turkmenistan,1990,3760562,2.98,102606,-4864,18.3,4.29,8,44.2,1660542,0.07,5327803110,118
Turkmenistan,1995,4191203,2.19,86128,-13423,18.7,3.49,9,45,1884853,0.07,5758878982,117
Turkmenistan,2000,4582677,1.8,78295,14925,19.8,2.9,10,45.2,2073509,0.07,6171702993,113
Turkmenistan,2005,5052257,1.97,93916,10263,21.3,2.71,11,44.3,2237159,0.08,6586970132,114
Turkmenistan,2010,5564356,1.95,102420,6621,23,2.85,12,44.3,2466832,0.08,7021732148,111
Turkmenistan,2015,6215770,2.24,130283,9936,24.2,3.03,13,45.1,2800294,0.08,7470491872,109
Turkmenistan,2020,6949912,2.26,146828,19913,25.4,2.79,15,45.6,3167354,0.09,7887001292,106
Turkmenistan,2022,7230193,2,140141,14141,25.9,2.73,15,45.9,3316493,0.09,8021407192,105
Turkmenistan,2023,7364438,1.86,134245,15005,26.2,2.69,16,46,3391065,0.09,8091734930,105
Turkmenistan,2024,7494498,1.77,130060,14646,26.6,2.66,16,46.2,3465717,0.09,8161972572,104
Turkmenistan,2025,7618847,1.66,124349,13268,26.9,2.63,16,46.5,3540511,0.09,8231613070,104
Turkmenistan,2026,7736632,1.55,117785,11792,27.3,2.6,16,46.7,3615396,0.09,8300678395,104
Turks and Caicos,1955,5135,0.38,19,-53,17.7,6.17,5,48,2464,0.00019,2740213792,225
Turks and Caicos,1960,5599,1.75,93,-121,16.4,5.99,6,48.8,2730,0.00019,3015470894,223
Turks and Caicos,1965,5658,0.21,12,-134,16.4,5.5,6,49.5,2801,0.00017,3334533703,225
Turks and Caicos,1970,5667,0.03,2,-89,15.3,5.23,6,50.8,2879,0.00015,3694683794,227
Turks and Caicos,1975,6463,2.66,159,66,16.5,4.69,7,53.8,3475,0.00016,4070735277,226
Turks and Caicos,1980,7564,3.2,220,151,17.6,4.37,8,54.9,4155,0.00017,4447606236,225
Turks and Caicos,1985,9521,4.71,391,187,20.7,3.91,10,65.3,6221,0.0002,4868943465,224
Turks and Caicos,1990,11688,4.19,433,309,23.7,3.19,12,73.5,8588,0.00022,5327803110,223
Turks and Caicos,1995,15052,5.19,673,412,24.9,2.7,16,81.4,12254,0.00026,5758878982,221
Turks and Caicos,2000,18730,4.47,736,442,27.5,2.41,20,85.2,15957,0.0003,6171702993,220
Turks and Caicos,2005,23988,5.07,1052,793,29.7,2.11,25,96.7,23207,0.00036,6586970132,218
Turks and Caicos,2010,29739,4.39,1150,863,32.5,1.91,31,94,27965,0.00042,7021732148,218
Turks and Caicos,2015,36605,4.24,1373,1658,35.2,1.72,39,86.5,31659,0.00049,7470491872,216
Turks and Caicos,2020,44386,3.93,1556,682,37,1.55,47,77.9,34590,0.00056,7887001292,211
Turks and Caicos,2022,45847,1.63,731,193,37.9,1.48,48,77.8,35660,0.00057,8021407192,211
Turks and Caicos,2023,46198,0.77,351,193,38.3,1.46,49,78.3,36185,0.00057,8091734930,210
Turks and Caicos,2024,46535,0.73,337,176,38.7,1.45,49,78.9,36697,0.00057,8161972572,210
Turks and Caicos,2025,46855,0.69,320,177,39.2,1.44,49,79.4,37207,0.00057,8231613070,209
Turks and Caicos,2026,47148,0.63,293,151,39.6,1.43,50,80,37698,0.00057,8300678395,208
Tuvalu,1955,5335,2.29,114,-73,21.9,5.36,178,14,745,0.00019,2740213792,223
Tuvalu,1960,5598,0.97,53,-79,22.2,5.15,187,17.3,970,0.00019,3015470894,224
Tuvalu,1965,5715,0.41,23,-128,17.8,4.73,191,22.4,1281,0.00017,3334533703,224
Tuvalu,1970,5663,-0.18,-10,-71,17,4.08,189,28.5,1613,0.00015,3694683794,228
Tuvalu,1975,6117,1.55,91,186,18.7,3.58,204,32.3,1978,0.00015,4070735277,228
Tuvalu,1980,7366,3.79,250,0,19.8,3.73,246,32.6,2401,0.00017,4447606236,226
Tuvalu,1985,8046,1.78,136,-36,22.6,3.97,268,36.8,2963,0.00017,4868943465,226
Tuvalu,1990,8798,1.8,150,-69,23.7,3.75,293,41.6,3661,0.00017,5327803110,226
Tuvalu,1995,9280,1.07,96,-125,24,3.96,309,43.7,4058,0.00016,5758878982,226
Tuvalu,2000,9544,0.56,53,-118,22.7,3.84,318,45.4,4335,0.00015,6171702993,226
Tuvalu,2005,9940,0.82,79,-8,22.5,3.55,331,50.1,4983,0.00015,6586970132,226
Tuvalu,2010,10614,1.32,135,22,23,3.44,354,54.4,5771,0.00015,7021732148,225
Tuvalu,2015,10963,0.65,70,-179,23.7,3.31,365,59.9,6571,0.00015,7470491872,225
Tuvalu,2020,10399,-1.05,-113,-355,24.3,3.31,347,70.8,7361,0.00013,7887001292,227
Tuvalu,2022,9992,-1.98,-204,-320,24.3,3.24,333,76.9,7681,0.00012,8021407192,227
Tuvalu,2023,9816,-1.76,-176,-323,24.3,3.21,327,79.9,7844,0.00012,8091734930,227
Tuvalu,2024,9646,-1.73,-170,-280,24.3,3.17,322,83,8006,0.00012,8161972572,227
Tuvalu,2025,9492,-1.6,-154,-255,24.2,3.14,316,86,8167,0.00012,8231613070,227
Tuvalu,2026,9362,-1.37,-130,-225,24.1,3.1,312,89,8328,0.00011,8300678395,227
U.S. Virgin Islands,1955,29657,1.83,515,-178,19.6,4.91,85,57.3,16982,0.0011,2740213792,201
U.S. Virgin Islands,1960,33023,2.17,673,1348,18.2,5.15,94,56.7,18714,0.0011,3015470894,202
U.S. Virgin Islands,1965,48385,7.94,3072,1536,19.2,5.64,138,65.7,31787,0.0015,3334533703,199
U.S. Virgin Islands,1970,63856,5.71,3094,1616,21.8,5.25,182,70.5,45044,0.0017,3694683794,195
U.S. Virgin Islands,1975,82611,5.29,3751,1233,20.9,3.6,236,78.8,65064,0.002,4070735277,192
U.S. Virgin Islands,1980,96567,3.17,2791,-388,21.6,3.1,276,82.2,79410,0.0022,4447606236,192
U.S. Virgin Islands,1985,100799,0.86,846,-1165,23.9,2.83,288,88,88730,0.0021,4868943465,191
U.S. Virgin Islands,1990,102308,0.3,302,-891,27.2,3.11,292,88.9,90979,0.0019,5327803110,192
U.S. Virgin Islands,1995,106971,0.9,933,-1118,29.5,3.24,306,90.8,97122,0.0019,5758878982,194
U.S. Virgin Islands,2000,108579,0.3,322,-791,32.6,2.34,310,92.7,100662,0.0018,6171702993,194
U.S. Virgin Islands,2005,107606,-0.18,-195,-657,35.8,2.42,307,93.8,100963,0.0016,6586970132,195
U.S. Virgin Islands,2010,106311,-0.24,-259,-1251,38.3,2.48,304,94.5,100411,0.0015,7021732148,197
U.S. Virgin Islands,2015,100248,-1.17,-1213,-2432,40.8,2.22,286,99.8,100095,0.0013,7470491872,199
U.S. Virgin Islands,2020,87707,-2.64,-2508,0,44.6,2.14,251,,,0.0011,7887001292,200
U.S. Virgin Islands,2022,86507,-0.69,-600,-444,44.6,2.1,247,,,0.0011,8021407192,200
U.S. Virgin Islands,2023,85701,-0.93,-806,-444,44.7,2.09,245,,,0.0011,8091734930,200
U.S. Virgin Islands,2024,84905,-0.93,-796,-420,44.8,2.08,243,,,0.001,8161972572,200
U.S. Virgin Islands,2025,84138,-0.9,-767,-357,44.8,2.07,240,,,0.001,8231613070,200
U.S. Virgin Islands,2026,83400,-0.88,-738,-360,44.9,2.05,238,,,0.001,8300678395,202
Uganda,1955,6613770,2.84,172571,0,17.3,6.74,33,3.2,208359,0.24,2740213792,60
Uganda,1960,7640973,2.93,205441,-7586,16,6.91,38,3.9,299817,0.25,3015470894,59
Uganda,1965,8849203,2.98,241646,-3716,15.4,7.04,44,5,441548,0.27,3334533703,56
Uganda,1970,10321603,3.13,294480,-25646,15.5,7.15,52,6.1,629441,0.28,3694683794,50
Uganda,1975,11725240,2.58,280727,-47359,15.1,7.2,59,6.5,762275,0.29,4070735277,50
Uganda,1980,13275741,2.51,310100,-105900,14.9,7.11,66,7.1,945460,0.3,4447606236,50
Uganda,1985,15023681,2.5,349588,-42942,14.8,7.04,75,8.9,1340406,0.31,4868943465,50
Uganda,1990,17569897,3.18,509243,-21688,14.8,7.01,88,11,1931504,0.33,5327803110,47
Uganda,1995,20665667,3.3,619154,-242378,14.4,6.87,103,12.8,2639817,0.36,5758878982,46
Uganda,2000,24000150,3.04,666897,-52824,14,6.79,120,14.8,3554371,0.39,6171702993,43
Uganda,2005,27963289,3.1,792628,-151386,14,6.53,140,17.3,4841176,0.42,6586970132,40
Uganda,2010,32390802,2.98,885503,-168322,14.2,6.02,162,20.3,6573772,0.46,7021732148,38
Uganda,2015,37531446,2.99,1028129,-62366,14.8,5.25,188,23.6,8855831,0.5,7470491872,37
Uganda,2020,44457152,3.44,1385141,43464,15.9,4.62,222,26.5,11775012,0.56,7887001292,34
Uganda,2022,47312719,3.16,1427784,-118843,16.3,4.39,237,27.8,13143166,0.59,8021407192,32
Uganda,2023,48656601,2.84,1343882,-126181,16.5,4.28,244,28.5,13873500,0.6,8091734930,31
Uganda,2024,50015092,2.79,1358491,-117924,16.7,4.17,250,29.3,14635755,0.61,8161972572,31
Uganda,2025,51384894,2.74,1369802,-119059,16.9,4.06,257,30,15430672,0.62,8231613070,31
Uganda,2026,52761469,2.68,1376575,-121799,17.1,3.97,264,30.8,16258910,0.64,8300678395,30
Ukraine,1955,39859711,1.33,509765,130668,27.5,2.31,69,41.5,16557439,1.5,2740213792,15
Ukraine,1960,42824093,1.45,592876,52281,28.3,2.29,74,46.6,19962621,1.4,3015470894,15
Ukraine,1965,45386892,1.17,512560,69354,29.1,1.94,78,50.5,22924810,1.4,3334533703,15
Ukraine,1970,47261306,0.81,374883,-48335,31.3,2.08,82,54.6,25817971,1.3,3694683794,16
Ukraine,1975,48865229,0.67,320785,15336,33.1,2.05,84,58.3,28469686,1.2,4070735277,16
Ukraine,1980,49955152,0.44,217985,47406,32.5,1.95,86,61.7,30827293,1.1,4447606236,17
Ukraine,1985,51108770,0.46,230724,5546,32.7,2.03,88,64.4,32935869,1,4868943465,18
Ukraine,1990,52054092,0.37,189064,75760,33.2,1.84,90,66,34356066,0.98,5327803110,22
Ukraine,1995,51665539,-0.15,-77711,-134053,34.5,1.4,89,66,34081946,0.9,5758878982,23
Ukraine,2000,49556660,-0.83,-421776,-67865,36.3,1.11,86,66.2,32793567,0.8,6171702993,24
Ukraine,2005,47585556,-0.81,-394221,-111493,37.7,1.22,82,66.8,31788197,0.72,6586970132,26
Ukraine,2010,46456003,-0.48,-225911,16030,38.6,1.44,80,67.6,31411663,0.66,7021732148,28
Ukraine,2015,45784896,-0.29,-134221,-21992,39.2,1.39,79,67.4,30840974,0.61,7470491872,31
Ukraine,2020,44680014,-0.49,-220976,-4167,40.8,1.21,77,67.9,30334632,0.57,7887001292,33
Ukraine,2022,41048766,-4.15,-1815624,-5699445,41.5,0.9,71,73.5,30163369,0.51,8021407192,36
Ukraine,2023,37732836,-8.08,-3315930,-299961,42,0.98,65,79.7,30082220,0.47,8091734930,40
Ukraine,2024,37860221,0.34,127385,1146012,42.1,0.99,65,79.2,30002585,0.46,8161972572,42
Ukraine,2025,38980376,2.96,1120155,1702358,41.8,1,67,76.8,29923619,0.47,8231613070,40
Ukraine,2026,39535849,1.43,555473,-6229,41.8,1,68,75.5,29844856,0.48,8300678395,40
United Arab Emirates,1955,101258,6.33,5349,3295,16.9,6.5,1,50.7,51385,0.0037,2740213792,175
United Arab Emirates,1960,131334,5.34,6015,3102,18.6,6.5,2,51.8,68086,0.0044,3015470894,175
United Arab Emirates,1965,167103,4.94,7154,2598,21,6.5,2,69.9,116866,0.005,3334533703,173
United Arab Emirates,1970,286536,11.39,23887,40792,22,6.52,3,65.6,187928,0.0078,3694683794,168
United Arab Emirates,1975,542856,13.63,51264,42380,24.4,6.35,6,81.5,442351,0.01,4070735277,158
United Arab Emirates,1980,1015700,13.35,94569,78148,25.2,5.95,12,82.8,841303,0.02,4447606236,146
United Arab Emirates,1985,1377911,6.29,72442,37605,25.7,5.13,16,80.6,1110111,0.03,4868943465,145
United Arab Emirates,1990,1898220,6.62,104062,67118,24.9,4.51,23,77.5,1470491,0.04,5327803110,142
United Arab Emirates,1995,2434662,5.1,107288,68938,27,3.28,29,78.8,1917885,0.04,5758878982,136
United Arab Emirates,2000,3493575,7.49,211783,178469,27.3,2.73,42,72.5,2531398,0.06,6171702993,128
United Arab Emirates,2005,4664790,5.95,234243,174926,29.9,2.23,56,80.8,3767260,0.07,6586970132,116
United Arab Emirates,2010,6938363,8.26,454715,161842,30.7,1.56,83,,,0.1,7021732148,103
United Arab Emirates,2015,8674633,4.57,347254,342468,30.8,1.42,104,90.4,7842883,0.12,7470491872,96
United Arab Emirates,2020,9448524,1.72,154778,92541,30.9,1.29,113,90.4,8542144,0.12,7887001292,96
United Arab Emirates,2022,10242086,4.11,396781,322773,30.9,1.15,123,86,8808417,0.13,8021407192,93
United Arab Emirates,2023,10642081,3.91,399995,300004,31.2,1.2,127,84,8941577,0.13,8091734930,89
United Arab Emirates,2024,11027129,3.62,385048,278439,31.6,1.21,132,82.3,9074536,0.14,8161972572,86
United Arab Emirates,2025,11346000,2.89,318871,158634,31.6,1.21,136,81.1,9207088,0.14,8231613070,86
United Arab Emirates,2026,11574682,2.02,228682,87401,31.6,1.21,138,80.7,9339568,0.14,8300678395,86
United Kingdom,1955,51176747,0.42,211146,9403,34.1,2.28,212,78.6,40241373,1.9,2740213792,9
United Kingdom,1960,52538548,0.53,272360,19953,34.5,2.7,217,78.3,41130617,1.7,3015470894,9
United Kingdom,1965,54359020,0.68,364094,-24955,34.1,2.87,225,77.7,42259485,1.6,3334533703,10
United Kingdom,1970,55663801,0.48,260956,-15254,33.2,2.42,230,77.1,42903762,1.5,3694683794,12
United Kingdom,1975,56220143,0.2,111268,-40241,32.9,1.81,232,77.7,43667185,1.4,4070735277,13
United Kingdom,1980,56282103,0.02,12392,-25187,33.3,1.89,233,78.5,44157482,1.3,4447606236,14
United Kingdom,1985,56606414,0.11,64862,83164,34.3,1.79,234,78.2,44263815,1.2,4868943465,15
United Kingdom,1990,57367862,0.27,152290,57132,34.9,1.83,237,77.9,44683287,1.1,5327803110,17
United Kingdom,1995,58154635,0.27,157355,61385,35.6,1.71,240,78.1,45427516,1,5758878982,20
United Kingdom,2000,59057338,0.31,180541,153917,36.6,1.64,244,78.5,46365434,0.96,6171702993,21
United Kingdom,2005,60596108,0.52,307754,308279,37.5,1.76,250,79.5,48178255,0.92,6586970132,21
United Kingdom,2010,63006483,0.78,482075,274811,38.2,1.92,260,81.7,51469697,0.9,7021732148,22
United Kingdom,2015,65382110,0.74,475125,347839,38.8,1.8,270,82.6,54035311,0.88,7470491872,21
United Kingdom,2020,67351861,0.6,393950,144221,39.2,1.57,278,83.9,56495180,0.85,7887001292,21
United Kingdom,2022,68179315,0.61,413727,487029,39.5,1.56,282,84.2,57438662,0.85,8021407192,21
United Kingdom,2023,68682962,0.74,503647,445523,39.8,1.56,284,84.3,57900076,0.85,8091734930,21
United Kingdom,2024,69138192,0.66,455230,417114,40,1.55,286,84.4,58353588,0.85,8161972572,21
United Kingdom,2025,69551332,0.6,413140,389911,40.1,1.54,287,84.5,58798650,0.84,8231613070,22
United Kingdom,2026,69931528,0.55,380196,364099,40.2,1.53,289,84.7,59235047,0.84,8300678395,22
United States,1955,166200024,1.51,2399469,18234,29,3.52,18,69.4,115375863,6.1,2740213792,3
United States,1960,180274555,1.64,2814906,422708,28.3,3.73,20,72.5,130757407,6,3015470894,3
United States,1965,195653774,1.65,3075844,644902,27,2.98,21,73.4,143624659,5.9,3334533703,3
United States,1970,207796339,1.21,2428513,744902,26.7,2.52,23,74.2,154262109,5.6,3694683794,3
United States,1975,219129301,1.07,2266592,655078,27.6,1.81,24,73.7,161450209,5.4,4070735277,3
United States,1980,229858655,0.96,2145871,595916,29.1,1.86,25,73.7,169422683,5.2,4447606236,3
United States,1985,241690443,1.01,2366358,598777,30.4,1.85,26,74.2,179400645,5,4868943465,3
United States,1990,253373387,0.95,2336589,1084720,31.9,2.07,28,75,190156233,4.8,5327803110,3
United States,1995,268205795,1.14,2966482,1173016,33.1,1.97,29,76.5,205240402,4.7,5758878982,3
United States,2000,281484131,0.97,2655667,1248392,34.3,2.03,31,79.2,222927913,4.6,6171702993,3
United States,2005,295716664,0.99,2846507,1369224,35.2,2.04,32,79.8,235892407,4.5,6586970132,3
United States,2010,311062790,1.02,3069225,1594453,35.9,1.92,34,80.1,249297076,4.4,7021732148,3
United States,2015,326126497,0.95,3012741,1722127,36.4,1.83,36,80.1,261287811,4.4,7470491872,3
United States,2020,339436159,0.8,2661932,329769,37.2,1.62,37,80.7,273975139,4.3,7887001292,3
United States,2022,341534046,0.31,1048944,1319009,37.7,1.67,37,81.8,279286931,4.3,8021407192,3
United States,2023,343477335,0.57,1943289,1322668,38,1.62,38,82.1,281984165,4.2,8091734930,3
United States,2024,345426571,0.57,1949236,1286132,38.3,1.62,38,82.4,284698234,4.2,8161972572,3
United States,2025,347275807,0.54,1849236,1230663,38.5,1.62,38,82.8,287421363,4.2,8231613070,3
United States,2026,349035494,0.51,1759687,1177848,38.7,1.63,38,83.1,290150111,4.2,8300678395,3
Uruguay,1955,2367034,1.16,26524,3691,27.4,2.76,14,79.3,1876873,0.09,2740213792,107
Uruguay,1960,2529957,1.34,32585,2057,28,2.83,14,80.5,2037046,0.08,3015470894,107
Uruguay,1965,2681169,1.17,30242,-3542,28.4,2.84,15,81.7,2191405,0.08,3334533703,109
Uruguay,1970,2790807,0.8,21928,-12727,28.9,2.77,16,82.9,2314373,0.08,3694683794,113
Uruguay,1975,2872320,0.58,16303,-14350,29.1,3.02,16,82.2,2360010,0.07,4070735277,117
Uruguay,1980,2951953,0.55,15927,-14252,29.1,2.59,17,84.3,2489893,0.07,4447606236,122
Uruguay,1985,3017037,0.44,13017,-8832,29.4,2.47,17,87,2626205,0.06,4868943465,126
Uruguay,1990,3104403,0.57,17473,-7499,29.9,2.48,18,89.1,2767059,0.06,5327803110,128
Uruguay,1995,3189440,0.54,17007,-8339,30.5,2.4,18,91.5,2919803,0.06,5758878982,130
Uruguay,2000,3266206,0.48,15353,-11076,31,2.2,19,93.6,3056474,0.05,6171702993,129
Uruguay,2005,3285771,0.12,3913,-16086,31.8,2.1,19,94.5,3103429,0.05,6586970132,133
Uruguay,2010,3318580,0.2,6562,-7696,33,2.01,19,96,3185920,0.05,7021732148,133
Uruguay,2015,3368017,0.3,9887,-4157,34,2.04,19,96.8,3261533,0.05,7470491872,134
Uruguay,2020,3398968,0.18,6190,-1482,35,1.5,19,98.2,3337671,0.04,7887001292,132
Uruguay,2022,3390913,-0.12,-4028,-1501,35.5,1.43,19,99.3,3365738,0.04,8021407192,133
Uruguay,2023,3388081,-0.08,-2832,-1501,35.8,1.41,19,99.7,3379055,0.04,8091734930,134
Uruguay,2024,3386588,-0.04,-1493,-1348,36.1,1.4,19,,,0.04,8161972572,134
Uruguay,2025,3384688,-0.06,-1900,-1338,36.4,1.39,19,,,0.04,8231613070,134
Uruguay,2026,3382537,-0.06,-2151,-1413,36.7,1.38,19,,,0.04,8300678395,134
Uzbekistan,1955,7054034,2.48,162826,4213,22.7,5.68,17,32.7,2305364,0.26,2740213792,56
Uzbekistan,1960,8209109,3.08,231015,22039,21.2,6.61,19,35.4,2904959,0.27,3015470894,52
Uzbekistan,1965,9921681,3.86,342514,65579,17.7,6.81,23,36.1,3579634,0.3,3334533703,47
Uzbekistan,1970,11762638,3.46,368191,37324,16.7,6.31,28,37.8,4446089,0.32,3694683794,45
Uzbekistan,1975,13598521,2.94,367177,37611,17,5.92,32,39.9,5430156,0.33,4070735277,45
Uzbekistan,1980,15619936,2.81,404283,8540,17.9,5.04,37,41.6,6500596,0.35,4447606236,42
Uzbekistan,1985,17875339,2.73,451081,-773,18.7,4.69,42,41.3,7374012,0.37,4868943465,42
Uzbekistan,1990,20464956,2.74,517923,-73478,18.9,4.12,48,41.4,8464364,0.38,5327803110,42
Uzbekistan,1995,22917589,2.29,490527,-45876,19.3,3.57,54,43.6,9998260,0.4,5758878982,39
Uzbekistan,2000,24787054,1.58,373893,-66547,20.3,2.7,58,46.2,11461701,0.4,6171702993,39
Uzbekistan,2005,26356975,1.24,313984,-33386,21.9,2.44,62,48.8,12868248,0.4,6586970132,42
Uzbekistan,2010,28385506,1.49,405706,-20380,23.6,2.44,67,51.4,14576671,0.4,7021732148,43
Uzbekistan,2015,30749346,1.61,472768,-16545,25.3,2.58,72,51.1,15720465,0.41,7470491872,43
Uzbekistan,2020,33586372,1.78,567405,-9208,26.6,3.06,79,49.9,16756329,0.43,7887001292,43
Uzbekistan,2022,34938955,1.99,676292,-5007,26.8,3.4,82,49.2,17181649,0.44,8021407192,43
Uzbekistan,2023,35652307,2.04,713352,-6004,26.9,3.5,84,48.8,17396968,0.44,8091734930,43
Uzbekistan,2024,36361859,1.99,709552,-7066,27,3.49,85,48.4,17614842,0.45,8161972572,43
Uzbekistan,2025,37053428,1.9,691569,-6987,27,3.45,87,48.1,17835913,0.45,8231613070,43
Uzbekistan,2026,37724223,1.81,670795,-4517,27,3.4,89,47.9,18060323,0.45,8300678395,43
Vanuatu,1955,56633,1.9,1018,-171,17.1,7.03,5,9.3,5243,0.0021,2740213792,190
Vanuatu,1960,64431,2.61,1560,0,16.6,6.78,5,10.3,6627,0.0021,3015470894,190
Vanuatu,1965,74358,2.91,1985,0,16.1,6.52,6,11.3,8416,0.0022,3334533703,189
Vanuatu,1970,86266,3.02,2382,-46,15.9,6.35,7,12.2,10524,0.0023,3694683794,189
Vanuatu,1975,100269,3.05,2801,-15,16,5.98,8,13.3,13378,0.0025,4070735277,187
Vanuatu,1980,115660,2.9,3078,-896,16.5,5.69,9,14.7,17045,0.0026,4447606236,187
Vanuatu,1985,130356,2.42,2939,-916,16.7,5.43,11,16.7,21743,0.0027,4868943465,186
Vanuatu,1990,148063,2.58,3541,-1072,16.7,5.17,12,18.5,27443,0.0028,5327803110,186
Vanuatu,1995,167137,2.45,3815,-1140,16.9,4.85,14,20.3,33923,0.0029,5758878982,185
Vanuatu,2000,186281,2.19,3829,-339,17.1,4.54,15,21.5,40109,0.003,6171702993,184
Vanuatu,2005,210760,2.5,4896,-364,18.3,4.13,17,22.9,48362,0.0032,6586970132,184
Vanuatu,2010,238248,2.48,5498,-1413,19.5,4.13,20,24.3,57802,0.0034,7021732148,184
Vanuatu,2015,266101,2.24,5571,-1324,20.1,3.95,22,24.8,66048,0.0036,7470491872,185
Vanuatu,2020,298858,2.35,6551,-201,20.2,3.74,25,25.1,75025,0.0038,7887001292,181
Vanuatu,2022,313046,2.35,7094,0,20.1,3.65,26,25.2,78950,0.0039,8021407192,181
Vanuatu,2023,320409,2.35,7363,0,20.1,3.6,26,25.3,80991,0.004,8091734930,181
Vanuatu,2024,327777,2.3,7368,-43,20.2,3.57,27,25.3,83089,0.004,8161972572,181
Vanuatu,2025,335169,2.26,7392,-52,20.3,3.53,27,25.4,85244,0.0041,8231613070,182
Vanuatu,2026,342564,2.21,7395,-113,20.3,3.5,28,25.5,87461,0.0041,8300678395,181
Venezuela,1955,6755813,4.24,253393,27608,16,6.6,8,54.6,3687084,0.25,2740213792,59
Venezuela,1960,8160090,3.85,280855,8369,15.5,6.38,9,61.5,5019512,0.27,3015470894,54
Venezuela,1965,9697790,3.51,307540,1656,15.4,5.98,11,67.9,6584735,0.29,3334533703,50
Venezuela,1970,11387790,3.27,338000,305,15.9,5.32,13,73.1,8325983,0.31,3694683794,47
Venezuela,1975,13215892,3.02,365620,186,16.8,4.69,15,76.6,10125741,0.32,4070735277,48
Venezuela,1980,15258218,2.92,408465,237,17.8,4.2,17,79.6,12150036,0.34,4447606236,44
Venezuela,1985,17461434,2.73,440643,237,18.8,3.79,20,82.1,14343460,0.36,4868943465,44
Venezuela,1990,19827010,2.57,473115,-69,19.7,3.45,22,84.4,16740397,0.37,5327803110,43
Venezuela,1995,22193821,2.28,473362,-622,20.8,3.08,25,86,19085299,0.39,5758878982,43
Venezuela,2000,24526708,2.02,466577,-1999,22,2.79,28,87.4,21441865,0.4,6171702993,41
Venezuela,2005,26785804,1.78,451819,-18407,23.4,2.63,30,87.9,23557733,0.41,6586970132,41
Venezuela,2010,28813101,1.47,405459,-52781,24.8,2.4,33,88.7,25568720,0.41,7021732148,41
Venezuela,2015,30573972,1.19,352174,-77417,26.3,2.25,35,89.8,27464635,0.41,7470491872,44
Venezuela,2020,28444077,-1.43,-425979,-524649,28.2,2.12,32,,,0.36,7887001292,52
Venezuela,2022,28213017,-0.41,-115530,-141107,28.8,2.09,32,,,0.35,8021407192,52
Venezuela,2023,28300854,0.31,87837,-112899,29,2.08,32,,,0.35,8091734930,53
Venezuela,2024,28405543,0.37,104689,-105297,29.2,2.08,32,,,0.35,8161972572,53
Venezuela,2025,28516896,0.39,111353,-100467,29.4,2.06,32,,,0.35,8231613070,53
Venezuela,2026,28633711,0.41,116815,-92869,29.5,2.04,32,,,0.34,8300678395,54
Vietnam,1955,28166446,2.33,613142,0,22,5.54,91,13.1,3685807,1,2740213792,18
Vietnam,1960,32531933,2.92,873097,0,20.2,6.27,105,14.8,4802582,1.1,3015470894,17
Vietnam,1965,37129656,2.68,919545,-1438,17.7,6.16,120,16.7,6216854,1.1,3334533703,17
Vietnam,1970,41475230,2.24,869115,1997,17.2,6.02,134,19.2,7943534,1.1,3694683794,17
Vietnam,1975,46482903,2.31,1001535,-2010,17.6,5.62,150,19.7,9152476,1.1,4070735277,17
Vietnam,1980,52490101,2.46,1201440,-74791,18.4,4.79,169,19.9,10464982,1.2,4447606236,16
Vietnam,1985,59060622,2.39,1314104,-124910,18.9,4.21,190,20.2,11942117,1.2,4868943465,13
Vietnam,1990,65504552,2.09,1288786,-57221,19.5,3.6,211,21.1,13817423,1.2,5327803110,13
Vietnam,1995,72049940,1.92,1309078,-51147,20.6,2.7,232,23.1,16668571,1.3,5758878982,13
Vietnam,2000,77154011,1.38,1020814,-144298,22.7,2.03,249,25.4,19568590,1.3,6171702993,14
Vietnam,2005,81088313,1,786860,-208337,24.8,1.89,262,28.4,23000555,1.2,6586970132,15
Vietnam,2010,87455152,1.52,1273368,-4443,27.2,1.91,282,30.8,26910696,1.2,7021732148,15
Vietnam,2015,92823254,1.2,1073620,-4888,29.2,2.1,299,34.1,31635369,1.2,7470491872,15
Vietnam,2020,98079191,1.11,1051187,-6457,31,1.96,316,37.4,36727248,1.2,7887001292,15
Vietnam,2022,99680655,0.81,800732,-78977,31.9,1.93,321,39,38841525,1.2,8021407192,16
Vietnam,2023,100352192,0.67,671537,-81789,32.4,1.91,324,39.8,39908501,1.2,8091734930,16
Vietnam,2024,100987686,0.63,635494,-59645,32.9,1.9,326,40.6,40975863,1.2,8161972572,16
Vietnam,2025,101598527,0.6,610841,-48171,33.4,1.88,328,41.4,42039428,1.2,8231613070,16
Vietnam,2026,102177431,0.57,578904,-51045,33.9,1.86,330,42.2,43096860,1.2,8300678395,16
Wallis & Futuna,1955,9638,2.46,220,-374,14.6,6.97,69,,,0.00035,2740213792,215
Wallis & Futuna,1960,8624,-2.2,-203,-418,13.7,7,62,,,0.00029,3015470894,218
Wallis & Futuna,1965,8279,-0.81,-69,-91,15.7,7.14,59,,,0.00025,3334533703,220
Wallis & Futuna,1970,8832,1.3,111,-129,15.8,7.32,63,,,0.00024,3694683794,221
Wallis & Futuna,1975,9334,1.11,100,-363,15.8,6.44,67,,,0.00023,4070735277,221
Wallis & Futuna,1980,11117,3.56,357,213,16.1,5.97,79,,,0.00025,4447606236,222
Wallis & Futuna,1985,12799,2.86,336,-195,16.7,5.44,91,,,0.00026,4868943465,221
Wallis & Futuna,1990,13480,1.04,136,-196,18.5,4.58,96,,,0.00025,5327803110,221
Wallis & Futuna,1995,14199,1.04,144,-138,19.2,3.38,101,,,0.00025,5758878982,222
Wallis & Futuna,2000,14784,0.81,117,-72,21.5,2.45,106,,,0.00024,6171702993,222
Wallis & Futuna,2005,14610,-0.24,-35,-444,24.5,2.07,104,,,0.00022,6586970132,223
Wallis & Futuna,2010,13164,-2.06,-289,-343,28.8,1.87,94,,,0.00019,7021732148,224
Wallis & Futuna,2015,12160,-1.57,-201,-208,32.7,1.97,87,,,0.00016,7470491872,224
Wallis & Futuna,2020,11616,-0.91,-109,-71,35.6,1.57,83,,,0.00015,7887001292,225
Wallis & Futuna,2022,11478,-0.6,-69,-126,36.6,1.42,82,,,0.00014,8021407192,225
Wallis & Futuna,2023,11370,-0.94,-108,-107,37.2,1.41,81,,,0.00014,8091734930,225
Wallis & Futuna,2024,11277,-0.82,-93,-93,37.7,1.41,81,,,0.00014,8161972572,225
Wallis & Futuna,2025,11194,-0.74,-83,-83,38.2,1.4,80,,,0.00014,8231613070,226
Wallis & Futuna,2026,11113,-0.72,-81,-80,38.6,1.39,79,,,0.00013,8300678395,226
Western Sahara,1955,20207,9.29,1449,1191,21.6,6.19,0,32.5,6576,0.00074,2740213792,208
Western Sahara,1960,30328,8.46,2024,1417,22.6,6.41,0,33.7,10218,0.001,3015470894,205
Western Sahara,1965,43532,7.5,2641,1647,22.4,6.51,0,42.4,18443,0.0013,3334533703,202
Western Sahara,1970,71728,10.5,5639,12426,20.3,6.37,0,45.1,32358,0.0019,3694683794,192
Western Sahara,1975,66889,-1.39,-968,-18665,16.7,6.2,0,66.6,44566,0.0016,4070735277,195
Western Sahara,1980,117374,11.9,10097,7343,21.2,5.86,0,97.3,114195,0.0026,4447606236,186
Western Sahara,1985,151760,5.27,6877,1191,20.6,5.36,1,98.9,150098,0.0031,4868943465,185
Western Sahara,1990,179544,3.42,5557,1191,18.9,4.69,1,,,0.0034,5327803110,182
Western Sahara,1995,209924,3.18,6076,6444,18.7,4.05,1,,,0.0036,5758878982,181
Western Sahara,2000,271943,5.31,12404,8439,21.8,3.49,1,99.1,269434,0.0044,6171702993,179
Western Sahara,2005,338699,4.49,13351,8389,24.4,2.89,1,,,0.0051,6586970132,177
Western Sahara,2010,409716,3.88,14203,9086,26.9,2.63,2,,,0.0058,7021732148,173
Western Sahara,2015,486222,3.48,15301,7235,29,2.42,2,93.6,455229,0.0065,7470491872,172
Western Sahara,2020,549365,2.47,12629,3496,30.9,2.25,2,94.4,518663,0.007,7887001292,171
Western Sahara,2022,568739,1.75,9687,5606,31.7,2.19,2,95.8,544649,0.0071,8021407192,171
Western Sahara,2023,579729,1.93,10990,5606,32,2.16,2,96.2,557431,0.0072,8091734930,171
Western Sahara,2024,590506,1.86,10777,5358,32.3,2.18,2,96.6,570194,0.0072,8161972572,171
Western Sahara,2025,600904,1.76,10398,5030,32.6,2.15,2,97,583007,0.0073,8231613070,171
Western Sahara,2026,610813,1.65,9909,4689,32.8,2.13,2,97.6,595873,0.0074,8300678395,171
Yemen,1955,5009672,1.65,78578,-3100,18.6,7.97,9,6.9,347047,0.18,2740213792,68
Yemen,1960,5532301,2,104526,-3431,18.6,7.99,10,8.5,470664,0.18,3015470894,67
Yemen,1965,6195593,2.29,132658,-3797,18.3,8.1,12,10,622252,0.19,3334533703,67
Yemen,1970,7065279,2.66,173937,-20966,17.3,8.23,13,11.7,823777,0.19,3694683794,67
Yemen,1975,8133598,2.86,213664,-23192,15.9,8.37,15,12.5,1013953,0.2,4070735277,65
Yemen,1980,9543358,3.25,281952,-26740,14.8,8.71,18,14.1,1342619,0.21,4447606236,63
Yemen,1985,11453825,3.72,382093,-14660,14,8.86,22,15.8,1809366,0.24,4868943465,55
Yemen,1990,13887862,3.93,486807,-15847,13.5,8.61,26,18.2,2523689,0.26,5327803110,53
Yemen,1995,16740058,3.81,570439,-15485,13.6,7.53,32,21.7,3640249,0.29,5758878982,52
Yemen,2000,19624141,3.23,576817,-47713,14.4,6.32,37,23.9,4695121,0.32,6171702993,50
Yemen,2005,22790085,3.04,633189,15283,15.3,5.56,43,26.1,5955824,0.35,6586970132,48
Yemen,2010,26754387,3.26,792860,20269,16.6,4.81,51,28,7501186,0.38,7021732148,46
Yemen,2015,31159379,3.1,880998,-9883,17.7,4.62,59,30,9360571,0.42,7470491872,42
Yemen,2020,36134863,3.01,995097,-97982,18.1,4.6,68,31.7,11465414,0.46,7887001292,41
Yemen,2022,38222876,2.85,1044007,-10448,18.1,4.59,72,32.4,12373691,0.48,8021407192,40
Yemen,2023,39390799,3.06,1167923,-5233,18.2,4.59,75,32.6,12841267,0.49,8091734930,37
Yemen,2024,40583164,3.03,1192365,-10482,18.3,4.5,77,32.8,13317380,0.5,8161972572,37
Yemen,2025,41773878,2.93,1190714,-16291,18.4,4.41,79,33,13801674,0.51,8231613070,37
Yemen,2026,42961653,2.84,1187775,-22178,18.5,4.33,81,33.3,14293794,0.52,8300678395,37
Zambia,1955,2703543,3.1,76448,-2345,16.2,6.8,4,14.1,382236,0.1,2740213792,100
Zambia,1960,3153729,3.13,90037,-3898,15.9,6.95,4,17.5,552492,0.1,3015470894,96
Zambia,1965,3692086,3.2,107671,-5023,15.5,7.12,5,22.6,832850,0.11,3334533703,96
Zambia,1970,4321718,3.2,125926,-31370,15.2,7.22,6,29.3,1266841,0.12,3694683794,93
Zambia,1975,4990086,2.92,133674,-30886,14.5,7.42,7,34.8,1734432,0.12,4070735277,89
Zambia,1980,5802833,3.06,162549,-24664,14.2,7.14,8,40.4,2344812,0.13,4447606236,86
Zambia,1985,6780953,3.16,195624,-18474,14.4,6.93,9,40.7,2758109,0.14,4868943465,83
Zambia,1990,7786169,2.8,201043,-38619,14.6,6.57,10,40.6,3163284,0.15,5327803110,81
Zambia,1995,8785763,2.45,199919,-45423,14.7,6.23,12,38.6,3390243,0.15,5758878982,81
Zambia,2000,10017631,2.66,246374,-4338,14.8,5.92,13,36.6,3665128,0.16,6171702993,77
Zambia,2005,11718819,3.19,340238,35316,15.2,5.7,16,38,4448559,0.18,6586970132,71
Zambia,2010,13965594,3.57,449355,22761,15.6,5.36,19,39,5450667,0.2,7021732148,70
Zambia,2015,16399089,3.26,486699,16261,16.1,4.78,22,41.1,6747236,0.22,7470491872,67
Zambia,2020,19059395,3.05,532061,8156,16.9,4.32,26,43.7,8336381,0.24,7887001292,66
Zambia,2022,20152938,2.83,546772,-8566,17.3,4.17,27,45,9062291,0.25,8021407192,63
Zambia,2023,20723965,2.83,571027,9521,17.5,4.1,28,45.6,9445888,0.26,8091734930,63
Zambia,2024,21314956,2.85,590991,7381,17.7,4.04,29,46.2,9843878,0.26,8161972572,63
Zambia,2025,21913874,2.81,598918,6562,17.9,3.97,29,46.8,10256668,0.27,8231613070,63
Zambia,2026,22521915,2.77,608041,6939,18.2,3.91,30,47.4,10684590,0.27,8300678395,63
Zimbabwe,1955,3263215,3.18,94462,-6496,16.2,7.1,8,11.4,371106,0.12,2740213792,89
Zimbabwe,1960,3809389,3.14,109235,-8260,15.3,7.2,10,12.4,472478,0.13,3015470894,86
Zimbabwe,1965,4458462,3.2,129815,-10465,14.5,7.23,12,14.5,644767,0.13,3334533703,82
Zimbabwe,1970,5215918,3.19,151491,-24102,14.7,6.98,13,17.2,898584,0.14,3694683794,79
Zimbabwe,1975,6098658,3.18,176548,-28988,14.8,6.83,16,19.9,1215331,0.15,4070735277,79
Zimbabwe,1980,7041303,2.92,188529,390593,14.6,6.52,18,22.8,1602677,0.16,4447606236,75
Zimbabwe,1985,8686813,4.29,329102,4718,14.8,5.87,22,25.3,2200595,0.18,4868943465,71
Zimbabwe,1990,10137281,3.14,290094,4948,15.2,4.88,26,29.1,2951918,0.19,5327803110,69
Zimbabwe,1995,10974599,1.6,167464,-45428,15.5,4.15,28,32.7,3592151,0.19,5758878982,64
Zimbabwe,2000,11892055,1.62,183491,-165181,16.7,4.01,31,34.7,4125989,0.19,6171702993,66
Zimbabwe,2005,12483432,0.98,118275,-134212,17.5,3.69,32,35.4,4413866,0.19,6586970132,70
Zimbabwe,2010,13356548,1.36,174623,-108671,17.3,4.04,35,35,4676106,0.19,7021732148,71
Zimbabwe,2015,14399013,1.51,208493,-162220,16.7,3.91,37,35.5,5109485,0.19,7470491872,73
Zimbabwe,2020,15526888,1.52,225575,-89440,17.4,3.75,40,36.7,5700460,0.2,7887001292,74
Zimbabwe,2022,16069056,1.73,271084,-102828,17.7,3.77,42,37.2,5972826,0.2,8021407192,74
Zimbabwe,2023,16340822,1.69,271766,-97380,17.8,3.72,42,37.4,6117511,0.2,8091734930,74
Zimbabwe,2024,16634373,1.8,293551,-60528,18,3.67,43,37.7,6269464,0.2,8161972572,74
Zimbabwe,2025,16950795,1.9,316422,-54555,18.1,3.62,44,37.9,6429761,0.21,8231613070,74
Zimbabwe,2026,17273580,1.9,322785,-54620,18.3,3.57,45,38.2,6598903,0.21,8300678395,74
